-- XZ HUB | protected build
local __A=bit32 and bit32.bxor or function(a,b)
 local r,p=0,1
 for _=1,8 do
  local x=a%2
  local y=b%2
  if x~=y then r=r+p end
  a=a-x
  b=b-y
  p=p+p
 end
 return r
end
local __K={56,233,37,67,162,113,201,28,12,171,226,238,134,69,254,115}
local __B={34388,8774,20942,17302,61780,54185,31921,8180,35415,12100,6018,29372,57199,33163,26088,11425,45920,27489,22737,15555,50272,36737,26090,20113,37955,25391,7886,32170,35680,54159,13989,21492,34388,8774,20942,8608,41277,39362,11502,5778,32792,11801,5506,5798,35628,33166,9445,21394,54361,14166,6352,31655,51490,39579,28131,24461,49233,25391,7554,32678,51053,36034,14011,394,34641,27970,2240,31165,55332,34766,29869,31191,51480,32324,23747,9469,49708,52868,31719,21447,33100,11584,4226,32244,38945,52955,11235,31130,51480,32327,23744,9469,49708,52868,31716,21447,33100,11584,4994,32500,38945,52955,11235,31130,51480,11337,4289,15525,38522,50307,29623,4565,51506,12037,4813,28840,49196,45535,7641,14500,51506,12037,4813,28840,55596,57055,25996,8158,35415,12100,386,11764,35590,35010,14313,11486,55301,31497,5506,5798,35628,33474,9961,8095,37144,13592,17287,15555,35628,33166,9445,21394,54337,26190,31632,15593,49708,52868,15358,2755,40216,9805,20940,8635,32894,52882,11235,31130,51480,13573,22943,12735,33396,56525,25996,21470,54355,10253,2191,13280,41278,52930,13734,963,39187,25391,5250,30887,35590,33218,26333,22673,46089,12312,982,29344,34155,34433,14311,470,58129,25349,19659,14240,41278,35778,8680,21492,35914,13905,8144,26857,51565,35726,9896,7569,34907,27473,22733,31171,53090,58600,20364,7314,34907,25417,1782,31148,63586,40071,11504,5789,54296,9221,7363,9900,52811,48534,14307,6792,35931,7181,10749,22675,35108,36051,32181,4812,34826,29207,4755,32251,53055,55249,29620,4300,34826,27143,31627,29605,51823,52878,14035,411,34673,13909,8918,28332,49786,35713,30886,5342,33881,31040,5349,20413,55657,34708,8421,11478,45415,1919,21386,32248,51263,36816,8629,17870,55306,9494,4241,32506,51261,36816,8629,19149,57098,8215,4240,13803,41253,33166,9445,21394,40042,4171,967,30143,52847,54210,8870,7839,54109,9826,8918,28332,49786,35713,6830,11169,44386,24845,5523,32250,39486,36307,9396,6093,53259,29975,4752,32251,33326,58571,10986,4765,51540,14198,1475,20410,55657,34708,8421,20190,36376,11844,19399,31118,63608,40071,11504,5789,46608,7034,13816,16097,51261,36049,8372,4557,35339,27143,31627,29605,51823,52878,12750,906,35947,13655,4811,15532,35633,36741,8427,13508,40285,9846,2000,32672,33641,45501,8158,23482,55578,28690,17088,12203,39530,56449,30439,16538,56065,28947,17345,16040,33317,33512,9961,8095,47384,8777,5339,28603,38444,35266,10471,18843,35967,4177,967,30143,52847,45514,7641,14244,51984,9492,17040,31227,40255,36816,8629,4301,49178,18700,7886,32170,35680,35760,10742,4247,40281,10048,1521,28326,52333,52871,26043,4761,35925,1055,1479,31130,56702,36235,28131,11425,45920,27489,16512,11949,39021,56452,30645,16840,56155,28736,17344,11944,39534,56705,30692,16590,56156,28992,17306,16040,33317,33512,9961,8095,48664,12618,713,32185,52847,54210,8870,7839,54109,9826,8918,28332,49786,35713,6830,11169,44386,24845,18835,11515,53055,56016,9909,5581,35850,8215,4240,13803,41253,33166,9445,21394,34411,11600,8902,28332,49786,35713,30886,5342,33881,31040,5349,20413,55657,34708,8421,11478,45415,1919,21386,32760,39742,36817,29876,4556,35337,8727,5521,9722,40254,36304,9396,23260,58129,11337,4289,15525,50255,33422,9955,6794,34647,9846,2000,32672,35689,52959,9441,5779,44546,14144,5361,27323,51301,50823,6873,10662,49532,29447,17345,12025,39231,56529,30695,16541,56154,28947,17298,11768,39279,56707,30434,16839,56078,28998,21443,13792,50950,36237,10727,16350,35415,12100,7666,26024,55657,54210,5542,4754,35905,12375,15756,32678,51053,33458,15591,411,58162,18693,7886,32170,35680,32937,12783,20190,39704,12864,6359,31163,63780,40583,11498,4765,35916,4161,7894,32187,52843,48588,9972,9168,35417,8782,5317,12986,50503,39563,20399,7314,34907,25417,6377,31655,50280,44431,11241,394,34135,9801,20944,15604,52862,39827,14319,23451,35946,12117,4811,26792,53097,39601,14313,5279,51037,12662,24513,30082,52322,33158,27627,6837,36438,11329,13007,29350,55672,33421,8426,23180,34098,8266,7619,18921,49762,48278,8931,151,39756,25436,20895,31163,56957,40075,28131,5804,34120,8268,1475,30892,57183,40077,8935,23963,39787,27974,8183,26784,65058,34700,6130,5275,39505,12625,22747,28867,51299,33411,4262,6800,43084,14161,4803,24481,50787,33170,8424,1936,54296,12549,199,30140,52862,48330,13795,6802,34907,9809,8902,29629,51838,35717,5800,4236,48150,10827,24534,29340,57189,39587,9458,7069,34427,13128,8141,29356,33400,33512,9961,8095,48408,12608,6352,29629,53886,35760,11489,1933,36938,32261,898,28076,49785,35728,6062,923,32852,8774,5334,20397,50296,36752,8417,8400,35402,5899,967,30139,50296,38800,4520,411,32842,11345,2256,31131,49771,39569,15604,31191,34388,8774,20942,27019,51045,34694,8936,7357,39253,11594,8135,15549,35633,35728,12535,407,49501,9847,7634,32672,57197,35463,12757,401,36441,27968,1009,12970,50521,39563,1960,6795,36180,11596,12997,29094,50300,35724,12776,31191,34388,8774,20942,27019,51045,34694,8936,7357,36694,9292,19586,28393,55913,34711,8436,8662,39261,10825,4289,31165,63592,33174,9460,5785,43542,11594,6340,12974,56910,33419,11490,5264,34427,9547,5835,5856,50272,36737,26090,6837,36438,11329,8911,32189,55416,35754,13802,411,54296,12549,199,30140,52862,48330,13795,6802,34907,9809,8902,29629,51838,35717,5800,4236,43542,11850,4288,12989,49735,35212,10978,8339,34892,12369,5354,27813,55657,58571,10986,4765,51540,5741,8678,29627,49786,35718,26100,21443,35914,13908,971,13484,52830,33426,9967,1951,36189,14198,973,31656,34153,40113,27621,430,40791,10060,967,21735,61273,40114,13289,6039,39773,18700,7592,32678,51053,33218,2029,24492,43800,14148,7638,20140,52329,40331,14322,21383,51461,8277,7619,13477,52862,39827,14319,24475,47896,13120,6350,32170,52856,48518,10994,4748,35935,4107,4816,24551,50787,36736,27634,4796,40268,9801,5360,30126,57215,38800,20399,7314,34907,25417,7666,32680,63849,33671,12777,21403,51461,9847,7634,32672,57197,35463,12757,401,36441,31040,4341,26784,50250,44432,11502,6034,46608,7034,13816,16097,51260,57040,30644,5581,55304,8727,5009,11512,53053,36816,30644,17356,35595,8727,4753,13803,37157,36789,12783,7352,43594,10829,5582,17377,62291,43704,26542,4815,55306,29975,5009,31480,38974,35792,9908,4812,36107,31253,4241,11771,51262,36049,29620,17356,55306,27143,31627,29605,51823,52878,11219,1943,40058,12108,6342,31655,51784,36758,30886,5342,40285,9800,4310,32189,51054,50823,8436,1679,39761,27456,5360,28857,51301,39555,8675,1965,39767,9284,24519,29578,52578,35211,4264,6800,43596,11594,6340,13742,59682,34711,8682,7575,49247,7179,6397,30887,54121,58600,20390,7314,34907,25417,14838,20876,63561,54210,16038,21492,51480,6149,12029,18065,33608,57280,30690,16799,57178,29507,17344,12204,39272,52438,6319,20190,37400,25391,20866,15593,35628,44994,9957,7579,51532,25368,7905,29605,39038,35020,10996,8595,43903,28941,16784,15589,40511,52942,28850,24535,51506,25349,20866,15593,59948,36225,11235,12682,32842,11074,20950,15604,50255,33166,30452,5584,34378,4424,13285,12001,40505,52942,28849,21458,56320,28428,20904,15593,35628,52930,1958,4255,36435,11351,8151,15533,35633,33185,10986,16524,36630,11351,9167,24206,39460,49872,29862,24524,55320,27155,31630,15593,35628,52930,26022,6829,35932,8775,20944,15604,50255,33166,30452,5584,34378,4424,13285,11745,34616,57282,27058,17118,49152,18697,20866,15593,35628,52930,10949,1936,34653,25425,20895,29578,50272,56720,9128,7308,47957,354,16522,12537,39468,49874,29862,23242,58132,25349,20866,15593,35628,36769,8692,20190,43544,12106,973,13050,55658,33677,724,23484,53513,25353,18835,15589,40766,49867,25996,21470,51480,25349,8834,28349,49251,52871,26043,7357,34388,28759,6028,29627,63841,44197,29102,24523,56600,28432,17538,13809,41248,52930,26022,21470,51480,8807,5830,15532,35633,33185,10986,16524,36630,11351,9167,24206,38948,49874,29862,24520,56088,27157,20904,15593,54828,58574,26022,21470,46691,7034,13816,16097,52796,56528,9396,4557,56842,29974,4753,32506,33326,52927,26043,31109,51480,25349,20866,15593,51277,35713,12776,20190,43544,12106,973,13050,55658,33677,724,23484,56841,28437,17538,12537,39212,57046,27055,21492,51480,25349,20866,24041,51311,32903,2034,6796,33119,25425,20895,29578,50272,56720,9128,7308,47957,354,17290,11512,35616,56283,26026,18124,49165,18697,20866,15593,35628,52930,9412,6301,39775,13898,5580,8681,59436,33421,14313,24013,39774,11850,14064,13451,40765,52942,30135,21458,53513,28428,20904,15593,35628,52930,5798,6039,35677,12612,19586,24553,51043,40077,27573,408,33879,1143,23008,11000,35616,56531,26026,16844,50449,25391,20866,15593,35628,44482,11241,5770,40278,32261,12930,28838,55651,49361,14304,7825,44650,27495,16787,15589,34612,57282,27826,31186,51480,25349,20866,15593,51791,35472,30886,12510,34135,12618,24465,28335,50787,43440,28100,16844,51476,29972,20878,9467,34597,52968,26022,21470,51480,4101,982,30630,35689,52959,10949,7314,55882,9483,7888,20132,59723,56266,27059,16606,50445,29957,22682,5861,35628,52930,26022,21470,34938,9281,20935,15604,50255,33166,30452,5584,34378,4424,13285,12257,34617,57282,27070,18398,49152,25391,20866,25065,41248,52930,26022,11429,45415,1919,21386,32761,40255,35536,9396,6093,36619,8726,16528,10491,52538,36306,29621,5836,55306,27143,20991,15604,41335,52930,26022,21470,51480,8292,5313,26791,38444,44482,10729,401,50955,12611,7373,23451,33614,49874,30630,17359,51476,30231,22679,5861,35628,52930,26022,21470,35449,9798,1484,28299,52325,39562,30886,12510,34135,12618,24465,28335,50787,43440,28100,17351,51476,28695,23959,12009,40505,49867,25996,21470,51480,25349,13186,32680,52327,33168,11251,21402,51461,11366,7886,12219,52514,33168,6123,12729,55312,28437,16514,12541,39468,51162,20394,21470,51480,25349,20866,30106,52840,36736,26100,21443,34427,11337,17104,31463,50302,48271,1985,17110,50442,29189,23956,12009,33342,58574,26022,21470,51480,25349,7905,26791,50537,52886,26043,7357,34388,28759,6028,29627,63841,44197,32174,21458,56073,25353,18323,12512,35590,52930,26022,21470,43544,12612,20934,15604,50255,33166,30452,5584,34378,4424,13285,11745,34616,56514,27062,16862,49152,18697,20866,15593,35628,52930,12757,7308,35923,32261,12930,28838,55651,49361,14304,7825,44650,27495,16785,15589,39737,52942,32176,24535,51506,25349,20866,15593,59692,35459,8417,20190,43544,12106,973,13050,55658,33677,724,23484,56073,25353,17553,15589,40504,58571,26022,21470,50501,25391,20866,18409,62547,46266,28098,17116,56154,28693,17301,12031,40303,56964,30695,16844,55897,28993,17351,12026,35182,46027,30886,2270,51506,25349,20866,15593,59948,36225,11235,21386,51461,11366,7886,12219,52514,33168,6123,12729,56592,28437,17282,11515,35616,57299,27830,31186,51480,25349,20866,15593,51277,35713,12776,444,36433,14157,19586,24553,51043,40077,27573,408,33879,1143,23008,11505,35616,56272,27059,17118,56332,28428,20904,15593,35628,52930,1958,4255,36435,11351,8151,15533,35633,33185,10986,16524,36630,11351,9167,24206,39460,49874,29862,24520,55320,27159,31630,15593,35628,52930,26022,6829,35932,8775,20944,15604,50255,33166,30452,5584,34378,4424,13285,11745,34622,57282,27070,17118,49164,18697,20866,15593,35628,52930,10949,1936,34653,25425,20895,29578,50272,56720,9128,7308,47957,354,18826,15589,40765,52942,30135,24535,51506,25349,20866,15593,59436,40067,26082,21443,34427,11337,17104,31463,50302,48271,1985,17110,50446,28933,23958,11753,33332,58574,26022,21470,51480,25349,1521,29627,52839,54210,1702,8081,39767,27926,964,29094,60510,50848,28853,21458,53517,25353,17302,12512,35590,52930,26022,21470,43800,10052,5317,8681,59436,33421,14313,24013,39774,11850,14064,13451,40253,52942,30130,21458,56586,18700,20866,15593,41329,58527,10636,4241,34137,5,983,31163,57186,34486,10467,15771,33881,25408,20895,17302,61780,50854,29860,16794,56153,30023,16836,11947,39017,56454,26546,31191,34388,8774,20942,27018,55678,32903,4594,5782,35925,32261,9602,22913,60993,46513,12485,396,34653,5969,5322,31140,51778,35727,20443,8180,35415,12100,12930,21126,57930,52901,26043,31109,51480,25349,7921,29372,61032,36748,10724,6043,54296,14085,1232,12460,35590,52930,5542,415,32844,12102,711,29324,51565,35726,26082,21443,39756,9808,31630,15593,35628,36789,8434,7820,39769,1614,4300,28843,53097,54210,12710,1676,50525,25391,20866,20457,55672,36743,8427,16012,36183,25408,20895,32175,55392,49799,25996,21470,48152,4204,4289,31141,38444,57282,20394,21470,51480,11377,5829,31141,52807,52891,26043,7611,33869,2059,2247,29578,52840,48332,8943,1942,34427,14155,7888,12453,35590,52930,5798,1681,36182,25430,20895,5810,35628,52930,26022,21470,34171,8268,20937,15604,62547,46266,28098,16604,56156,28737,17301,12204,39023,56449,30439,16796,56078,29767,18327,11001,39996,55771,29361,17608,56921,29763,18074,11263,39995,55683,26597,24535,51506,25349,20866,15593,63532,36247,8421,141,54296,7173,10749,22675,35108,35537,8628,17613,35850,8214,4753,32251,51519,55504,10164,18121,55566,29459,18581,11262,40251,36821,9137,19401,57103,8722,5525,9470,33326,58574,26022,21470,51480,25349,999,29627,35710,52959,6873,10662,49532,28679,17350,12205,39227,56711,30437,16797,55897,28999,17300,11179,40249,55506,29366,17608,56926,29724,18068,11248,40042,55764,29410,17607,51983,18700,20866,15593,41329,58527,10636,4241,34137,1029,7363,24492,50531,34692,26081,21443,58179,25349,20866,27019,51045,34694,8936,20190,46616,7034,13816,16097,37436,35792,8629,16844,49178,18697,20866,15593,56910,33419,482,8091,36953,32261,17282,5861,35628,52930,12487,7306,40058,12108,20934,15604,51818,40334,27107,21492,51480,5,7629,31141,57199,35750,9450,21383,51461,28439,20904,15593,59948,39575,1769,8081,35924,14150,19586,31465,51053,35729,20394,21470,51480,18693,20866,15593,56153,40069,8679,12443,39513,12113,20935,15604,51818,40334,27107,21492,51480,5637,5842,32187,52840,36772,10484,4781,33871,12108,20942,15604,51818,40334,27107,21492,51480,5637,5842,32187,52840,34740,10730,5279,48477,13386,20940,15604,51818,40334,27107,21492,51480,5637,5842,32187,52840,36768,14324,4255,39507,14198,5059,31141,35711,52959,9440,146,50525,25391,20866,18921,52348,36752,8418,7611,34907,13128,5327,26791,56899,40598,14057,21386,51461,8771,718,12460,35590,52930,4262,5262,34890,9793,5360,31162,56702,52871,26043,24526,51506,25349,9346,31673,51838,35718,8386,4754,51521,25368,24466,10745,54790,58600,10986,4765,51540,12364,4849,30139,57212,35750,12789,7308,35905,25409,20895,32175,55392,58503,10986,4765,51540,12364,14583,27782,50537,54210,12710,1676,58205,11337,4289,15525,51327,34704,12790,1965,39769,5969,7371,15532,35633,34710,12005,23254,58162,11337,4289,15525,56938,36236,11506,7569,34840,10825,5332,13793,35590,52930,10662,4241,34137,9733,1996,8681,52268,39559,8416,1424,49168,25391,20866,28905,51299,33411,13990,4746,35916,8554,20936,15604,51838,35221,12771,5846,40790,25353,12029,18065,33608,57280,29925,17308,55389,29511,21443,13792,50220,52880,12718,903,34397,27459,5317,31677,50537,51092,30886,21443,46695,6525,23014,12011,38965,56451,30647,16541,56154,28947,17298,16120,35621,32899,26082,5785,36428,11584,22996,13024,65375,47779,27843,21492,51480,10757,20932,26810,57197,41351,12260,4830,36182,14085,475,29612,33642,39569,12775,15515,33626,8715,6350,31167,35621,54239,6822,11169,44386,24845,18576,32250,39486,36304,10165,17868,55562,29207,22656,26857,52836,58508,26022,21470,51480,25349,7886,32170,35680,34189,26026,5772,51531,25368,4818,28840,33632,39569,12775,15515,33626,8715,6350,31167,41253,52930,26022,21470,51480,9815,1238,29371,50220,52873,11239,21402,35914,25430,19676,31465,51053,35729,25996,21470,35864,10059,20904,15593,55596,39559,14323,21392,39756,9808,5288,30887,41222,58562,10986,4765,51540,13136,965,30888,58985,40579,10944,1164,39769,25409,20895,25010,50950,36237,10727,1758,36424,8791,5318,32132,59772,36227,13037,415,51548,25368,3289,28867,51299,33411,9382,8082,34675,13386,13260,30140,53088,32907,14049,20190,37400,18776,5544,5798,35628,52930,10986,4765,51540,14152,19586,31721,57193,35727,9458,4746,34138,27456,1248,28832,49768,35212,10949,5520,36433,18700,20866,15593,52581,33730,26098,7583,51548,14152,11916,30102,53090,38535,12710,5782,58198,25349,20866,15593,35628,33156,26100,24469,40728,10757,20940,32185,55653,50833,12779,11472,32871,10059,2503,15584,50280,52968,26022,21470,51480,25349,20866,30185,35690,38806,8438,1494,51473,32280,11906,17558,61270,52426,10165,5836,36106,28695,4240,13803,57132,35722,20456,21470,51480,25349,20866,15593,35628,52930,26022,4746,34138,27968,8139,31162,57214,36810,10730,7605,40535,331,6359,30885,50533,40325,26026,23189,51506,25349,20866,15593,35628,52930,26022,21470,34072,8266,7619,29417,54121,42902,26082,21443,40058,12108,6342,31655,50255,34956,8943,13520,40285,13168,965,30888,33641,51081,25996,21470,51480,25349,20866,15593,35628,52930,11430,21400,35926,14173,5611,26857,52836,58508,26022,21470,51480,25349,20866,15593,35628,52930,26022,21470,39245,12610,5571,20908,56173,33188,13044,415,45660,7758,19586,29417,54121,42902,20450,21470,51480,25349,20866,15593,35628,52930,26022,21470,51480,13136,965,30888,58985,40579,9412,6301,34895,10071,8185,25772,57976,45958,30886,6366,51506,25349,20866,15593,35628,52930,26022,21470,35864,10059,20904,15593,35628,52930,26022,21470,35864,10059,20904,15593,35628,52930,8358,6032,51506,25349,5250,30887,52742,35468,20364,7314,34907,25417,1220,32679,49784,32909,9894,5782,33371,8806,5334,29614,53886,36783,9970,23446,40026,12108,6342,31655,53061,52942,8424,1926,36731,27202,20904,15593,50988,36237,10727,8158,40535,12608,19586,28649,55672,32907,27617,7314,35919,27479,1216,28832,49768,35212,8655,31191,51480,25349,7886,32170,35680,36737,26098,21443,35926,14173,6113,15534,50541,52870,8424,1926,36731,27970,4321,31165,50283,38800,9382,6032,39448,12625,8139,12974,50272,35733,28148,5776,40256,9574,24517,32138,52856,33157,15604,21463,39767,7173,10749,22675,35108,51136,20364,21470,51480,9548,13954,29096,59497,32909,11488,23961,39277,12610,5571,24492,55405,33430,26083,7050,34653,25391,20866,15593,35628,34754,26080,4765,51532,32280,11906,17558,61270,52426,9908,5836,35339,8470,17040,32251,33326,33218,26100,1933,32842,9291,6028,29344,33640,33166,8433,24460,46616,7034,13816,16097,51262,35792,9909,4557,55818,8727,22656,15584,55651,40386,14322,7575,51039,10819,5580,28897,56419,40071,26026,11425,45920,27489,17280,11946,39017,56452,30384,16796,56157,24854,22667,26857,52836,58508,26022,21470,51480,25349,20866,15593,52862,39830,11252,2014,40010,18752,20866,15593,35628,52930,11235,31130,51480,25349,8135,5805,35590,52930,11430,21400,34943,9800,7905,31399,52325,48076,8950,4748,35932,8803,7376,32154,50811,33419,26090,7050,34653,25391,20866,15593,35628,34754,26080,1933,32842,9291,6028,29344,33640,33166,8433,24460,46616,7034,13816,16097,37438,35792,8629,16844,49178,25356,973,28649,55672,32907,27617,6808,36182,12045,1741,28332,35616,45501,8158,23482,56090,28742,17350,12281,35178,51147,10918,21388,40267,10839,5836,31463,50533,50822,10986,5769,50506,7173,10749,22675,35108,54993,29364,4812,35850,8470,22656,5856,35628,52930,26022,21470,39767,12293,982,29344,34155,34692,8680,8150,40535,12608,20878,17302,61780,50854,30372,16797,55901,28957,17296,12031,39231,52433,27823,7390,51530,14166,6352,31655,52514,32907,28130,7314,35919,28503,11906,17558,61270,52426,30388,4813,56074,10007,4240,30970,33326,52939,14313,222,39756,11596,24517,30127,53090,33482,13033,411,51476,7290,11258,13453,38958,56538,30646,16846,52058,27148,7810,15547,57215,34704,8936,5584,34641,27457,7886,31166,34686,45506,7641,14244,51984,28951,18320,12283,38974,51136,26031,7050,34653,25391,20866,15593,35628,52930,26022,478,40285,12624,20940,28349,52857,52968,26022,21470,51480,9733,5580,15555,35628,35778,8680,31220,51480,25349,6091,23529,50797,44423,11241,6808,51039,13168,965,30888,64873,33419,9450,5785,34412,11602,1410,31137,41314,52930,26022,21470,51480,9548,642,28349,50533,49285,11488,6032,34064,13386,967,15589,62547,46266,28098,16604,56065,28947,17297,12026,39273,56538,26599,23255,34328,25431,1489,30139,52322,35020,11247,23450,34388,9810,24016,17385,62291,43704,26542,4557,55562,31510,16528,13803,35621,40077,13990,394,34641,27970,6340,30887,50980,39309,14307,21458,46695,6525,23014,12011,39279,56788,30436,20936,49169,11269,20944,26810,49790,35212,9128,7575,49500,11337,5333,12475,62508,46781,476,20950,35339,8727,5009,32506,38974,36816,30644,4812,55306,8470,22656,15584,50040,32903,25996,21470,51480,25349,20866,15593,55596,39559,14323,21392,39756,9808,20904,15593,35628,52930,8358,6032,51506,25349,5250,30887,41222,52930,26022,5527,44568,11844,12999,29350,49770,49285,13779,409,36185,320,963,32187,49263,48529,9458,8092,39517,14085,5322,5799,35628,52930,26022,21470,36689,12293,982,29344,34155,34692,8680,8150,40535,12608,20878,17302,61780,50854,30628,16794,55901,28737,17350,11948,39279,52438,27823,7390,51530,14166,6352,31655,52514,32907,28130,7314,35919,28503,11906,17558,61270,52426,9909,4557,35850,10007,17040,32251,33326,52939,11762,7579,51506,25349,20866,15593,35628,52930,14246,1947,39757,25419,982,31164,35590,52930,26022,21470,35864,10059,20904,15593,52780,35468,20364,21470,51480,9548,13954,29096,59497,32909,11488,23961,39277,12610,5571,22956,51298,33667,10486,7579,42572,14160,7890,26810,57132,35722,20456,21470,51480,25349,20866,31392,55340,40086,11247,23961,32862,10059,7562,27558,55657,52942,6873,10662,49532,28935,17347,12024,39279,56455,30388,16792,56074,28996,17043,16043,33317,33218,26100,1933,32842,9291,6028,29344,33640,33166,8433,24460,46616,7034,13816,16097,39742,36817,10165,5581,55562,8214,5009,13803,35621,40077,13990,394,34641,27970,6340,30887,50980,39309,14307,21458,46695,6525,23014,12011,39279,56455,30388,20888,49169,11269,20944,26810,49790,35212,9128,7575,49500,11337,5333,12475,62508,46781,476,20950,53514,8726,5264,30970,51518,51136,26031,7050,34653,25391,20866,15593,35628,52930,26022,478,40285,12624,20940,28349,52857,52968,26022,21470,51480,9733,5580,15555,35628,35778,8680,31220,51480,25349,5328,27069,50558,35010,10727,5773,35890,10059,31656,29605,51823,52878,13811,409,36185,64,7885,30885,56419,52876,26043,3717,58162,11337,4289,15525,56938,36236,11506,7569,35352,13124,5358,31167,33632,58571,26022,21470,34388,8774,20942,30114,35688,52959,11469,5264,34396,72,8141,28349,51043,35726,32756,5817,47436,8777,5339,22459,50533,35461,10473,6071,49168,25391,20866,30185,35690,33164,26098,6805,51548,11089,8135,28393,57193,40087,26088,21454,34653,18753,20866,15593,50282,52880,27097,1758,32854,25425,8139,27881,49773,40336,4270,6800,47948,9280,715,28349,37237,35749,1266,8082,49168,25356,7878,15555,35628,52930,26022,6878,51550,11600,1483,22503,50533,35461,10473,6071,54296,25368,6345,15533,50541,52870,11251,1943,48406,13148,20935,8692,62508,46781,476,20950,36104,8726,18320,12283,51518,55504,29876,19404,49178,8709,5580,27113,49762,49302,11215,1933,34649,9798,4226,30887,56876,34700,27634,7607,40267,11588,5313,19687,55661,32903,26098,7050,34653,25391,20866,15593,35628,52930,26022,8158,35415,12100,6274,15533,35633,32919,12783,15056,58204,25349,20866,15593,35628,52930,26022,5527,32792,25409,19615,17385,62291,43704,26542,4302,35850,8214,5009,12283,51774,57043,30646,5836,57098,29207,16787,31486,51259,51136,12710,5782,58198,25349,20866,15593,35628,52930,26022,21470,51480,9815,1238,29371,38956,52968,26022,21470,51480,25349,20866,31209,55392,34695,26080,6039,54296,25368,12029,18065,33608,57024,30693,16539,55899,28999,17297,11688,39740,56528,30691,16840,55305,29717,18116,16045,35621,34454,11235,21492,51480,25349,20866,15593,35628,52930,26022,478,40285,12624,20940,5883,35628,52930,26022,21470,51480,25349,7623,31162,52581,34754,26082,20163,46616,7034,13816,16097,51260,35792,9909,4557,55818,8727,16787,12025,52798,55504,29876,17359,36623,9746,22656,26857,52836,58508,26022,21470,51480,25349,20866,15593,35628,52930,8436,1674,34634,29189,20904,15593,35628,52930,26022,21470,35864,10059,20904,15593,35628,52930,8358,6032,51506,25349,5250,30887,35590,52930,14246,1947,39757,25419,31634,29356,41320,33512,9961,8095,36632,11600,1473,29600,35682,36737,1256,5528,39767,27457,6345,12461,51500,34711,8682,7575,41055,27201,20904,15593,50988,36237,10727,7390,50515,8197,717,15549,35633,36242,10727,23442,40030,8267,6358,29350,33316,52968,26022,21470,51480,12549,1479,28348,35682,34729,8936,7322,47701,8785,726,31105,56160,40071,680,1947,39277,12610,5571,24492,55395,50838,11501,24474,35608,10832,5582,29344,57963,51078,25996,21470,35864,10059,31627,15593,35628,34955,11174,1937,34328,25422,973,29417,57187,36290,14057,21386,33100,11584,20904,15593,35628,52930,14246,1947,39757,25419,6348,5797,35628,52930,11235,31130,51480,25349,7876,15547,56943,49808,9382,1939,32792,25419,4306,28320,33663,33153,12789,21463,34396,25391,20866,15593,35628,33474,9961,8095,34584,9792,20934,15604,50797,52886,26029,23510,40027,25431,19615,17385,62291,43704,26542,19406,55562,28695,5008,13803,35621,32899,26082,4793,35925,11366,6092,31648,65058,35218,9460,5786,35946,9814,2000,15532,55651,57026,20399,21470,51480,25349,20866,31392,33580,34729,8936,7322,43605,11594,982,28838,52832,54416,8385,12426,39757,9815,4812,13488,56943,51088,10918,21388,49160,32517,8066,31148,35688,34454,11235,21492,51480,25349,20866,15593,35628,40130,12771,395,51542,10827,31694,15593,35628,52930,26022,7579,58204,25349,20866,29356,41320,52930,26022,5772,40012,11607,4738,28582,41336,32903,20450,8180,35415,12100,6018,29372,57199,33163,26088,4761,33100,12608,22666,15555,35628,33474,9961,8095,33304,10060,19586,22505,50533,35461,10473,7357,40278,11351,7630,28332,60470,39559,10710,2719,39773,10862,5836,29613,57953,50822,20399,21470,51480,11337,4289,15525,49760,39569,30886,2270,58181,25349,20866,31392,50476,39565,11942,6039,40216,9805,20940,31163,56952,32912,11942,6039,51476,10825,1489,31209,53090,52968,26022,8158,35415,12100,4738,27816,49219,52942,9445,16270,51534,25368,4818,28840,33632,36737,2550,1435,34141,18700,20904,15593,52524,40077,6822,21458,34637,14156,6274,15527,51836,40075,28149,7595,40273,9847,6341,26810,53886,43480,12771,8127,49492,27148,5506,5798,35628,52930,26022,21470,36689,13829,6348,12989,49735,35212,10978,14995,51548,32280,6786,30880,51756,35468,12454,6800,51020,14961,5330,8681,35633,45501,8158,23482,55578,28737,17347,12031,39231,56448,30640,16847,51968,25356,8131,15533,50553,39563,4264,15019,51580,11588,20934,29607,35704,40599,14305,6047,43613,11338,5582,27558,61538,32919,12783,9936,41069,7777,1410,31137,41314,52930,26022,21470,51480,25349,20866,29605,51823,52878,8687,20190,39960,10827,24534,30848,35590,52930,26022,21470,51480,25349,7554,32678,51053,32962,15843,14986,50524,11525,2503,24509,52330,54210,1958,6795,36180,11596,12997,29350,49770,49285,8385,9866,36424,8791,5318,30177,33384,52968,26022,21470,51480,25349,20866,30185,35690,35724,12798,5565,51551,11588,20934,29866,51305,44425,12775,5275,39767,3676,1475,29866,49700,49798,11174,2971,43596,9283,20875,29885,50537,52968,26022,21470,51480,25349,20866,15593,35628,33474,9961,8095,32792,86,707,28861,35689,52959,8424,1926,36731,27970,4321,31165,50283,38800,30886,21443,46695,6525,23014,11499,39279,56711,30437,16796,56075,24900,31627,15593,35628,52930,26022,21470,51480,25349,20866,31392,49708,44433,14055,8074,51549,12618,22914,29607,35704,36737,2806,23189,34328,25431,8074,25772,59512,35204,1704,927,40273,12100,5358,31167,35680,40077,30118,21463,54276,27397,4289,20665,35706,40077,30118,21463,33100,11584,20904,15593,35628,52930,26022,21470,51480,25349,20866,15593,50988,36237,10727,4318,39511,25425,20895,32170,60002,34948,14313,23450,32851,28481,6274,13741,35590,52930,26022,21470,51480,25349,20866,15593,35628,52930,11430,21400,34395,14166,1410,31137,41314,52930,26022,21470,51480,25349,20866,15593,35628,52930,26022,21470,51480,11337,4289,15525,50533,36768,12786,5778,54296,11269,13257,15515,50541,52870,9412,1930,35924,9847,6341,26810,53886,42956,4341,6800,41036,75,7373,32171,35704,32899,26082,4796,40268,9801,5360,30126,57215,38800,3260,9869,32854,2641,13004,29094,51822,50838,11251,1943,48150,2672,22758,15555,35628,52930,26022,21470,51480,25349,20866,15593,35628,52930,26022,6878,51550,11339,20950,29344,51790,39574,8426,2014,35920,18763,20866,15593,35628,52930,26022,21470,51480,25349,20866,15593,35628,52930,26022,21470,34892,12103,24519,29344,52863,39568,10670,151,50508,14341,20904,15593,35628,52930,26022,21470,51480,25349,20866,15593,35628,52930,26022,21470,51480,25349,1154,30140,35688,52959,11251,1943,48150,2672,24038,15555,35628,52930,26022,21470,51480,25349,20866,15593,35628,52930,26022,21470,51480,25349,20866,30185,35688,52959,8687,31186,51480,25349,20866,15593,35628,52930,26022,21470,51480,25349,20866,15593,35628,52930,26022,21470,35916,12631,19586,26857,55395,40086,11247,23449,34637,14156,9612,28332,49790,33174,15604,6071,50449,25391,20866,15593,35628,52930,26022,21470,51480,25349,20866,15593,35628,52930,26022,21470,51480,8197,717,15549,35633,33153,12789,31186,51480,25349,20866,15593,35628,52930,26022,21470,51480,25349,20866,15593,35628,52930,26022,21470,34399,10057,19586,32745,55395,49302,10945,6034,34328,25431,23954,15555,35628,52930,26022,21470,51480,25349,20866,15593,35628,52930,26022,21470,51480,25349,20866,29417,54121,42902,26082,21443,35926,14173,5611,5861,35628,52930,26022,21470,51480,25349,20866,15593,35628,52930,26022,21470,51480,25349,22751,15555,35628,52930,26022,21470,51480,25349,20866,15593,35628,52930,26022,5854,36182,25391,20866,15593,35628,52930,26022,21470,51480,25349,20866,31209,53090,52968,26022,21470,51480,25349,20866,15593,35628,35778,8680,21492,51480,25349,20866,15593,35628,35778,8680,21492,51480,25349,20866,31209,53090,52968,26022,5854,36182,18735,20866,15593,51832,33408,27619,7309,40266,12045,715,12477,52524,32919,12773,7319,49494,28484,4994,5856,35628,52930,26022,21470,35914,13905,8144,32233,52258,33421,26082,21442,51034,11330,5582,15555,35628,35778,8680,31191,51480,25349,5328,27069,50558,34242,8687,21458,32852,14166,5288,30887,41222,33166,9445,21394,40030,8267,6358,29350,57132,38800,13779,409,36185,27456,1239,30880,41253,52930,26022,7314,34907,25417,6861,32138,51040,52942,13301,21405,51461,8277,7619,13477,56938,36236,11506,7569,49168,12549,1479,28348,35682,32937,12783,13520,40285,9846,2000,32672,33641,45501,8158,23482,55322,28996,17299,12287,39534,56449,30439,16538,56065,28947,17345,16040,33317,35778,8680,31191,51480,25349,6091,29673,59495,33411,26090,7583,51548,13654,20929,29352,35688,39057,27621,939,39775,10052,9415,30119,35704,34454,11235,21492,51480,25349,20866,28905,51299,33411,10918,24469,39704,12352,19586,27881,51823,33422,9134,7563,40283,11340,22988,5856,35628,52930,26022,21470,51480,25349,5328,27069,50558,40386,9968,9924,36424,8791,5318,29340,57189,39882,11507,23194,34818,8786,1483,13793,35590,52930,26022,21470,35864,10059,31627,15593,35628,52930,26022,5772,40012,11607,7810,12450,55596,40327,25996,21470,35864,10059,20904,15593,55596,39559,14323,21392,34910,12361,24007,17385,62291,43704,26542,4815,55306,29975,5009,32760,51774,35537,31925,17868,35338,8727,6036,11771,39742,36049,9136,19148,55562,8726,16528,32507,33326,35816,8680,31220,34388,8774,20942,27055,51298,34710,11241,478,34637,14950,7617,13484,41253,52930,26022,7314,34907,25417,6345,12461,50988,40331,26098,21443,34911,11089,967,13793,35590,52930,11430,21400,34075,12364,20950,15607,35644,34454,11235,21492,51480,25349,20866,28905,51299,33411,9894,20190,34072,12364,10966,16888,35590,52930,26022,21470,34072,8266,7619,29673,34663,40130,14051,20190,40216,14935,503,28334,53101,50823,27621,1675,36177,18700,20866,15593,35628,52930,9199,7646,40279,11269,20937,29885,50537,52968,26022,21470,51480,25349,20866,27113,52348,36752,8418,7357,34135,11329,8149,32658,56866,34711,6370,20190,34328,27990,7617,32678,33639,52939,26029,17357,51506,25349,20866,15593,52780,35468,25996,21470,51480,25349,898,26796,55673,52876,12009,21458,58203,25349,20866,29356,41320,52930,26022,5772,40012,11607,6018,28840,52863,52942,11496,31122,34653,18753,7592,32678,51053,35010,11251,1949,34385,25419,471,28334,53101,44935,10730,7344,49487,18700,20866,15593,51832,34193,13992,4750,34639,9485,8151,26794,50277,50828,20399,21470,51480,25349,20866,29615,35710,52875,26043,24527,56088,25360,7878,15555,35628,52930,26022,21470,51480,10757,20932,28576,51295,34704,12790,5818,40267,11351,5339,15533,50040,32903,10150,5772,33369,9733,5580,15555,35628,52930,26022,21470,51480,12037,4813,28840,49196,35467,26026,6802,40267,32261,5762,26792,52836,50832,20399,21470,51480,25349,20866,15593,35628,34955,26278,6802,40267,32261,20895,15609,50040,32903,10150,5772,33369,9733,5580,15555,35628,52930,26022,21470,51480,12037,4813,28840,51244,54210,10662,151,45644,7700,20904,15593,35628,52930,26022,21470,34072,8266,7619,29673,34663,40130,14051,20190,40216,14935,503,28334,53101,50823,27621,1675,36177,18700,20866,15593,35628,52930,26022,21470,36689,11525,1485,29673,35687,34454,11235,21492,51480,25349,20866,15593,35628,52930,26022,1758,36424,8791,5318,29578,51043,33158,11249,4261,39958,10832,11462,8681,50220,49297,10725,4241,49491,25356,20873,11519,35590,52930,26022,21470,51480,25349,5250,30887,35590,52930,26022,21470,51480,25349,1410,28584,34151,36757,12783,7894,40281,27981,4303,13489,51787,35727,10949,5520,36433,5643,5842,32187,52840,35750,9450,24455,55576,29451,22679,5856,35628,52930,26022,21470,34653,18753,20866,15593,50537,51078,8332,6032,58162,18693,4310,30650,55330,36754,11249,5590,34637,14150,7883,13479,41253,52930,26022,7049,34129,25408,7619,27296,33641,52939,11239,21402,34390,25425,715,32666,49790,39570,8386,1933,34378,9820,20934,29613,35590,52930,26022,21470,34072,8266,7619,32233,53858,35761,8426,1949,36189,32261,13954,29096,59497,32909,11488,23961,39277,12610,5571,24492,55405,33430,26083,401,44568,11844,12999,29350,49770,49285,13779,409,36185,1344,963,20388,56429,34703,10730,7390,51530,8802,5327,29578,52578,35211,4264,5262,34890,9793,6388,28837,52333,47751,13033,21392,39767,1029,7363,24492,50531,34692,27617,939,39775,10052,13255,28328,51838,34177,5877,4746,34138,12352,7810,15547,51787,35727,10949,5520,36433,5643,5842,32187,52840,32935,9445,915,35925,14155,1261,27837,55395,58518,26022,21470,51480,25349,6091,32233,53858,35761,8426,1949,36189,14085,5322,5799,35628,52930,26022,21470,51480,25349,4818,28840,33632,39824,1768,4231,35924,18700,20866,15593,35628,52930,11235,31130,51480,25349,20866,15593,51832,34193,12968,6815,49484,27159,20904,15593,52780,35468,8332,6032,58129,25391,7592,32678,51053,42434,11247,6041,33879,9846,2000,32672,41321,33166,9445,21394,40030,8267,6358,29350,52268,39559,8405,1420,35409,27456,31627,15593,35628,34955,3750,7575,36191,11850,5361,27323,51301,52871,11762,7579,39704,14144,983,15527,49735,35212,10978,8339,39773,10835,5313,31209,53090,52968,26022,8158,35415,12100,7810,12450,55340,36244,30886,990,34907,12105,6026,29372,57199,33163,28136,21463,35914,13905,8144,22505,49762,49302,8385,8330,39773,10835,5313,17377,62291,43704,26542,18382,57098,29207,18832,32507,39742,56528,9911,4812,36107,31254,18320,32763,51774,51136,26031,7579,49244,25391,20866,30185,35690,34189,9382,6032,39448,8275,4226,30887,55340,36244,1704,8081,35924,14150,1248,28832,49768,35212,11215,7325,35925,14085,5322,5799,35628,52930,26022,21470,32883,9291,7878,20388,55657,34708,8421,20190,39448,8275,20904,15593,35628,52930,14246,1947,39757,25419,2001,5802,35628,52930,11235,31130,51480,25349,5328,27069,50558,32962,10735,5876,36182,18735,7886,32170,35680,39812,9960,6794,34647,13061,4302,31152,57470,32907,8673,7825,49168,25391,20866,28393,57193,40087,26088,6837,36438,11329,13007,29350,55672,33421,8426,18828,35967,4945,4302,31152,57470,32907,8673,7825,36209,27149,5288,30887,41222,33166,9445,21394,40030,8267,6358,29350,50220,32917,8675,7357,34637,27473,5579,5856,35628,52930,10986,4765,51540,25419,20895,5881,35628,52930,10986,4765,51540,10830,20934,15604,51068,38787,14307,6837,36438,11329,22991,5856,35628,52930,10976,21388,50535,9733,6274,15527,50521,39563,8404,6809,40267,14935,8344,31164,53886,51146,2748,10136,39233,27456,12029,18065,33608,57024,30434,16799,56078,28950,17344,12031,39229,52442,27823,15556,34639,10048,2272,30689,53093,54475,8385,12938,34132,27149,5506,5798,35628,52930,26022,21470,36689,9733,14476,15533,38449,34754,26082,7050,34653,11525,23170,15604,35645,32903,20450,21470,51480,11584,31686,15593,35628,35728,12530,7564,34584,9775,5580,5827,50272,36737,26090,1688,35414,10833,8141,27369,51053,35467,10709,1937,49483,10060,20878,29372,57189,38838,8438,31191,51480,25349,7886,32170,35680,34697,26082,21443,34120,14916,967,30082,52322,33158,28139,31191,51480,25349,7886,32170,35680,33425,12777,21389,51461,15966,20904,15593,50988,36237,10727,990,39511,32261,15746,32678,51053,33458,15591,411,43542,8781,4304,26794,55657,36802,8680,16350,35415,12100,7666,26024,55657,44492,9454,4748,40283,12608,13976,26796,49756,33172,28146,24023,34408,10838,6358,29350,50220,52880,8400,1949,39767,27926,5336,29627,35590,52930,9126,401,46616,25353,7873,27812,49708,52876,11219,1943,40313,8785,6593,29578,56161,32909,11235,18826,35967,593,7630,13793,53036,58509,26022,21470,51480,25349,7886,32170,35680,35734,14324,20190,35352,11850,19410,31118,65400,40071,11508,7306,36938,11366,463,29350,50537,50838,20399,21470,51480,25349,20866,31392,57132,40071,26100,7050,34653,25391,20866,15593,35628,52930,26022,8158,35415,12100,6274,31399,35683,52959,8402,396,40273,12618,9179,31660,55397,40086,32767,5817,49484,9809,976,18663,55657,34704,10994,2700,34934,9800,31627,15593,35628,52930,26022,21470,51480,9548,6274,31399,35683,32899,26082,7575,34398,2059,8139,30894,50787,35499,30886,21443,32851,25409,8131,15533,50274,52886,10981,915,40962,3158,4801,27836,52837,50822,26031,7050,34653,25391,20866,15593,35628,52930,26022,21470,51480,12037,4813,28840,50220,52873,26043,7325,39253,1055,1479,28825,51309,33671,11235,8330,34892,13905,22993,29372,57189,38838,8438,7390,51530,7290,11258,13453,39726,56710,30695,16840,56075,28999,17300,12024,35124,49867,11430,23194,51506,25349,20866,15593,35628,52930,26022,21470,32792,25411,6861,26857,52836,58508,26022,21470,51480,25349,20866,15593,35628,52930,26022,21470,34892,12103,24519,29344,52863,39568,13998,7314,39500,25353,31705,15593,35628,52930,26022,21470,51480,25349,20866,15593,35628,52930,26022,7575,40267,32261,4738,29094,34172,32939,12789,7583,35931,18697,20866,15593,35628,52930,26022,21470,51480,25349,20866,15593,35628,52930,11490,1933,54296,27397,7873,27812,57890,40332,9458,4240,51037,11378,7632,24493,55626,33667,27619,7342,32843,10833,8141,12777,56108,40333,27567,4787,34655,14156,5591,5804,35628,52930,26022,21470,51480,25349,20866,15593,35628,52930,27899,21492,51480,25349,20866,15593,35628,52930,26022,5854,36182,25391,20866,15593,35628,52930,26022,5854,36182,25391,20866,15593,35628,35778,8680,21492,51480,9733,5580,15555,35628,39618,10215,5778,39446,12618,22998,28858,57187,49809,9126,7563,40283,11340,22988,12456,51500,52939,8436,1674,34634,8709,5516,28576,35704,52958,27620,6810,40267,9733,5580,5856,35628,52930,8436,1674,34634,12293,7886,28605,52742,35468,20364,7314,34907,25417,1220,32679,49784,32909,9126,7575,48476,11338,22990,30880,35616,32919,12783,2730,35912,18700,20866,15593,50272,36737,26090,7325,40278,10820,5324,28603,38444,38338,10954,4765,47444,8777,5339,9915,49738,35468,11456,140,43596,10829,5582,17377,62291,43704,26542,6094,35850,8215,17808,31482,52798,36304,29108,23260,50449,3845,4813,28840,51036,38787,14307,12496,34896,8791,1473,28332,41329,52930,26022,7314,34907,25417,7365,8681,64556,40077,14061,4750,35931,1311,8139,23213,55653,39569,11717,8087,49500,7290,11258,13453,39726,56538,30691,16844,52057,27148,20904,15593,50988,36237,10727,990,51541,25368,7365,32233,53090,35266,32747,6840,36182,10851,720,24509,49764,35470,6830,11169,44386,24845,6035,12283,52798,55505,9396,6093,35339,27143,20875,29352,35688,33669,5544,4754,35905,12375,14232,29344,60776,40075,12789,7101,34129,27457,7918,32170,64352,36750,8447,23948,34934,9800,31627,15593,35628,34955,13734,21395,33100,11584,1410,32424,52832,34764,14056,411,49484,11334,1484,30120,52834,40336,26026,7822,51473,11584,31686,15555,35628,35010,14313,11486,51476,25414,8139,30185,51836,40075,28149,7325,40278,10820,5324,28603,35621,33158,25996,21470,51480,25349,6274,15535,35695,34454,11235,21492,51480,25349,20866,15593,35628,35010,14313,11486,51476,25425,8139,30185,51836,40075,28149,18845,35967,81,6346,30885,52862,50828,27823,6110,58199,25349,20866,15593,35628,52930,26022,21470,51480,9548,1410,22003,60031,45514,7641,14244,51984,8468,16784,11515,38974,51136,26031,7583,51548,11366,7630,32684,49784,32909,8405,1420,35409,31040,4330,18618,52333,39626,26026,11425,45920,27489,16512,11944,39229,56788,29924,16792,56075,28992,17345,12200,35176,51147,12710,5782,58198,25349,20866,15593,35628,52930,26022,21470,51480,25349,20866,29605,51823,52878,15602,5774,34933,8273,20938,15604,56868,34700,4594,903,51549,32280,8066,28832,50220,52880,32754,5817,43084,14161,6352,27051,52856,45514,7641,14244,51984,8724,16528,11003,51519,36051,29621,5581,34826,27143,20875,8692,56876,34700,4594,903,49245,25391,20866,15593,35628,52930,26022,21470,51480,25349,20866,28905,51299,33411,11430,16026,40281,11078,19586,13545,53093,54210,26043,6800,51540,12618,1410,23539,57193,39587,14322,4503,40269,27456,12029,18065,33608,57280,30695,16847,55822,29511,17300,16043,33317,54210,26043,6039,58129,25349,20866,15593,35628,52930,26022,21470,51480,25349,20866,31392,57132,40603,2275,1951,33115,8709,5580,30185,58984,39555,11749,2014,35920,18763,20866,15593,35628,52930,26022,21470,51480,25349,20866,15593,35628,52930,8436,1674,34634,14085,20904,15593,35628,52930,26022,21470,51480,25349,20866,15593,52780,35468,25996,21470,51480,25349,20866,15593,35628,52930,8358,6032,51506,25349,20866,15593,35628,52930,8358,6032,51506,25349,20866,15593,52780,35468,25996,21470,35864,10059,20904,15593,55596,39559,14323,21392,32854,18761,8135,5805,50950,36237,10727,5598,34637,14150,7883,15527,51055,36743,5876,8091,35421,10833,8141,13793,35590,52930,13734,4765,34132,9485,8151,26794,50277,50828,20399,21470,51480,25349,20866,18817,64328,33168,11504,5786,51018,9846,5326,26794,53097,32951,12783,23437,37955,18700,20866,15593,50537,51078,8332,6032,58162,11337,4289,15525,56938,36236,11506,7569,35608,10832,5582,29318,52847,34762,27874,21492,51480,12037,4813,28840,55340,33166,14066,20190,40728,12100,5579,28826,57187,50833,8687,21458,46695,6525,23014,11499,39016,56451,30640,16845,56154,28947,17299,16113,33317,52968,26022,6878,51550,12294,7886,28605,38444,52959,26038,7050,34653,25391,20866,15593,35628,40130,12771,395,51542,8771,718,12460,62508,46781,476,20950,55304,29463,6036,9722,52798,56784,29620,4556,36622,8214,17040,11515,51519,35028,8372,19149,35850,29975,17040,31227,53054,56784,9396,23260,51506,25349,5250,30887,41222,52930,26022,7314,34907,25417,5312,29615,52862,54210,10918,7561,36189,11366,8151,13501,53093,58571,26022,21470,34139,8768,8912,28844,51305,34710,11241,23254,51506,25349,1410,28584,34151,36757,12783,17366,55318,27152,20904,15593,41260,52930,26022,4238,34137,27465,1220,32679,49784,32909,27822,21492,51480,25349,20866,21737,61273,40114,13289,6039,39773,4107,7623,32684,52856,48006,11496,138,37392,10757,20934,13748,35590,52930,8358,6032,58129,25391,20866,28905,51299,33411,12710,7313,51540,25368,6348,5797,35628,52930,10976,21388,51559,25368,23955,9449,35644,33158,25996,21470,51480,25349,1410,29606,35680,52959,11488,6032,34412,12106,6282,12461,62508,46781,476,20950,36104,8726,18320,12283,51518,55504,29876,19404,49178,18700,20866,15593,35628,52930,9199,2014,34391,25417,6614,29356,51500,35728,12007,5854,36182,25391,20866,15593,35628,39618,14055,23957,34895,14156,16778,11495,33337,52968,26022,5854,36182,18735,20866,15593,52581,32962,12777,2014,34391,25417,6614,29356,35590,52930,26022,21470,35352,9801,963,31130,52832,39553,10991,23440,58129,25349,20866,15593,35628,35728,12530,7564,36632,12100,5329,15589,62547,46266,28098,17116,56154,28949,17298,11002,39274,56531,30390,17820,56158,28999,17347,12026,38970,56539,30439,16794,56153,24903,31627,15593,35628,32903,20450,21492,51480,12037,4813,28840,50988,40323,242,396,54296,11525,7627,15555,35628,35010,14313,6878,54296,29189,20878,32164,50040,33740,11247,19414,51476,12294,7886,28605,35621,33158,25996,21470,51480,25349,7554,32678,51053,33218,27117,478,39517,32261,386,32170,51040,35018,11251,1949,34385,27467,31627,15593,35628,52930,26022,21470,51480,9815,1238,29371,64300,36750,8421,5804,34389,9809,14488,27303,49251,48519,14307,5768,49482,11345,7629,15589,62547,46266,28098,17116,55898,28737,16532,11951,39231,56455,30693,20895,50449,12293,7886,28605,49751,49343,11247,1933,58129,25349,20866,15593,35628,32903,27874,21492,51480,25349,20866,30185,35690,34189,9382,6032,39704,12352,19586,15604,55672,35735,12710,5782,58198,25349,20866,15593,35628,52930,26022,4754,40267,12640,20944,15604,49762,58510,26022,21470,51480,25349,20866,15593,55662,36743,20461,21470,51480,25349,20866,29356,41320,52930,26022,21470,51480,8777,1489,28300,35710,52959,8436,31117,51480,25349,8135,5805,35590,52930,10662,4241,34137,8197,8141,30127,50814,35463,30886,5598,34137,9814,20904,15593,52524,40077,6822,20190,55320,25353,16785,30953,41315,52930,26022,21470,51480,9548,7810,29374,53097,33185,11251,23434,36177,25356,20892,31147,50282,35728,12710,5782,58198,25349,20866,15593,35628,52930,26022,7325,36694,12620,5327,15533,35633,40086,8435,21492,51480,25349,20866,15593,35628,36034,8436,6303,51506,25349,20866,15593,52780,35468,25996,21470,51480,25349,1410,28584,34151,36757,12783,17366,56086,18700,20866,15593,50537,58502,25996,21470,35352,9801,963,31130,52832,39553,10991,23440,58129,25391,20866,30185,35690,33153,9192,407,35925,25409,6614,29356,35590,52930,26022,21470,39704,14144,983,15527,55672,35735,26026,11478,45415,1919,21386,32761,39742,36817,29876,4557,36622,29207,16784,9466,52538,55761,9392,4556,49178,30988,7876,29115,57197,33226,11249,6043,34427,11600,22998,30880,33317,52968,26022,5854,36182,25391,20866,28393,57193,40087,26088,4760,39508,28480,1410,28582,55672,32907,28129,4754,40267,12640,20944,28326,62508,46781,476,20950,35337,8727,5521,9722,51774,35537,9136,6093,34826,30231,4240,32763,51519,36816,10164,5576,36619,28695,5264,32763,51774,56528,9396,17100,35595,27143,31627,29356,41320,33512,9961,8095,36632,11600,1473,29600,35682,33153,10730,4251,43084,12105,22666,15555,35628,33474,9961,8095,39448,8275,19586,31721,57193,35761,13300,4247,49501,18700,20866,15593,52581,32962,12777,222,35406,14085,5322,15527,52862,39830,11252,17374,51476,7290,11258,13453,39726,56531,29622,17048,56155,28740,17094,12016,39226,56449,26599,21463,34653,18753,20866,15593,50272,36737,26090,21392,51461,18709,20866,15593,50282,52880,27097,4318,33879,25429,8139,24297,49785,35470,11247,12441,33879,11349,5324,26791,60470,39559,10695,23442,51473,11329,20904,15593,35628,52930,11430,21400,34390,25425,7619,27296,33641,52939,11762,7579,35608,9815,6851,31209,53090,52968,26022,21470,51480,12037,4813,28840,50220,48265,9443,2714,51476,9815,5571,15536,35633,36242,10727,23442,40030,8267,6358,29350,33316,40130,12771,395,51542,11334,463,22003,63871,36743,15586,7338,34427,12105,4807,13501,35621,32903,27874,21492,51480,25349,20866,30185,35690,34189,8404,6047,51521,11588,20934,31163,53101,52891,11762,7579,51506,25349,20866,15593,35628,52930,10662,4241,34137,13829,6359,15533,35633,33153,13803,15056,39510,8785,4812,9900,52811,44950,12786,6796,40026,9809,11914,17558,61270,52426,9399,4815,57096,8469,22656,5856,35628,52930,26022,21470,51480,25349,7886,32170,35680,34189,9413,8082,51476,9815,20945,15604,51324,33411,28138,1688,35414,10833,8141,13793,55596,39559,14323,21392,40779,31046,7905,28837,51305,44182,11507,6034,34641,2626,4812,29094,33641,39831,8687,18903,40537,10820,22998,15584,50537,51078,25996,21470,51480,25349,20866,15593,49708,52868,12009,4797,34132,8709,5580,28393,55401,54210,26043,394,35917,14085,5322,5799,35628,52930,26022,21470,51480,25349,20866,15593,35682,54217,29862,21492,51480,25349,20866,15593,35628,52930,26022,2014,39513,27982,465,27560,33634,39812,9960,6794,34647,27149,20904,15593,35628,52930,26022,21470,51480,25349,20866,15593,56108,36737,10730,5590,34637,14150,7883,13479,41253,52930,26022,21470,51480,25349,20866,15593,35628,52930,26022,21470,51480,9548,642,32703,59682,33165,12789,7607,34395,9800,1410,31137,41314,52930,26022,21470,51480,25349,20866,15593,35628,52930,26022,21470,51480,25349,20866,27322,37231,33184,14057,14986,35414,11850,22983,27068,53093,54475,13031,6815,49484,18700,20866,15593,35628,52930,26022,21470,51480,25349,20866,15593,35628,52930,11235,31130,51480,25349,20866,15593,35628,52930,26022,21470,51480,25349,8135,13741,35590,52930,26022,21470,51480,25349,20866,15593,52780,35468,20399,21470,51480,25349,20866,15593,35628,32903,20450,21470,51480,25349,20866,15593,35628,36758,12021,1232,32857,27473,24466,13816,35590,52930,26022,21470,35864,10059,20904,15593,52780,35468,25996,21470,39704,14144,983,15527,34658,32962,10735,5876,36182,18735,7886,32170,35680,48032,2511,15034,44662,25462,20895,25010,52486,40077,11430,24474,36120,14148,20931,29344,56108,34691,14068,9942,32854,337,6359,30885,50533,43653,12775,23199,36120,18762,20866,15593,52581,39618,13823,7323,49502,8769,4310,15584,38449,45506,7641,14244,51984,8470,5264,30971,38974,36816,27812,4830,36182,9989,1475,12968,51791,35734,10977,2700,38680,25368,12029,18065,33608,57024,30693,16539,55899,28999,17297,16040,35621,32899,26082,4762,34892,1547,4300,28843,53097,37058,26043,4760,39508,25408,6614,29356,35590,52930,26022,21470,40216,8516,5326,30183,55394,40071,28146,9916,42353,2657,14060,12442,53292,52968,26022,21470,51480,25349,20866,30185,35688,52959,8687,31186,51480,25349,20866,15593,35628,52930,10981,1933,54296,27397,4294,32189,59426,40333,26098,7583,51548,8769,4310,24551,55395,49302,10945,6034,51473,12618,16770,5861,35628,52930,26022,21470,51480,25349,4289,15549,35633,36742,9458,12496,40281,9280,973,15536,55651,45506,7641,14244,51984,29458,22656,15555,35628,52930,26022,3806,58129,25349,20866,29356,41320,32903,20450,4746,34138,27968,7889,26811,59684,42935,458,15799,47743,25353,1220,32679,49784,32909,9390,21458,49242,12549,1479,28348,35682,49283,10981,1933,54552,8453,4748,28582,35704,32903,27874,31220,34388,8774,20942,17291,59994,48046,5827,21458,46714,616,20978,15604,54903,52942,14589,5620,39767,7173,20878,15531,50533,34754,9462,407,49483,5735,15851,21901,60482,51121,8614,31121,51480,25349,7886,32170,35680,35982,26090,21443,46608,7034,13816,16097,51770,36305,9136,17608,34830,8471,18832,12287,52538,36820,9909,17864,49178,30988,7876,29115,57197,36042,11432,24474,35608,8203,717,12477,51500,36300,12775,31191,51480,25349,12000,23940,61532,35982,6378,20190,35608,10763,31686,15593,35628,36758,10724,23963,34641,9814,1488,24289,64851,41635,211,24493,34072,12103,31627,29356,41320,34955,26278,9916,42353,2657,14060,15514,35634,52946,11762,7579,51506,25349,13954,29096,59497,32909,11488,23961,40058,12108,6342,31655,38444,44226,3283,14258,42865,4194,16633,12948,53093,35816,8680,31220,58136,11337,4289,15525,56938,36236,11506,7569,36376,14144,4337,31151,56907,50827,20399,21470,51480,11337,4289,15525,52843,42646,11507,1720,35414,32261,898,27560,52843,50838,8417,5514,34653,27475,23947,17385,62291,43704,26542,19404,34826,8470,18064,32250,40254,51136,26031,401,49432,14929,5330,31398,52260,39559,8417,1424,51473,32280,11906,17558,61270,52426,31924,4813,55306,8215,5009,11003,39742,57296,27812,4830,36182,9221,1479,31150,56674,51146,8872,1947,40016,27212,20904,15593,49708,52868,15602,5774,36695,9229,1479,27009,60773,32919,27877,20190,51461,7290,11258,13453,39214,56795,30695,16847,55899,28999,17300,12025,35133,52939,11762,7579,51506,25349,20866,15593,55596,39559,14323,21392,35935,2897,6359,27023,51298,51146,25996,21470,35864,10059,20904,15593,50988,36237,10727,222,35405,9798,721,15589,50287,35728,12481,21399,51461,8277,7619,13477,56938,36236,11506,7569,49168,25391,20866,15593,35628,40130,12771,395,51542,8770,5327,23539,57193,35761,13300,4247,49501,7290,11258,13453,39726,56449,30390,16794,55641,28701,17347,16127,33317,52968,26022,5854,36182,18700,20866,15593,52581,40386,9971,5789,39499,8709,5580,32745,55651,43399,11507,2014,35920,18763,20866,15593,35628,52930,8436,1674,34634,8197,973,23468,49785,52968,26022,5854,36182,25391,20866,28393,57193,40087,26088,7346,34907,4937,4302,31152,37246,36789,12783,7352,43594,10829,5582,17377,62291,43704,26542,5583,55818,9751,18321,32251,53055,54994,9397,17868,49178,18700,8135,5805,50950,36237,10727,13534,32845,8821,5328,26791,38444,35266,12771,4781,35934,13922,22987,5856,50272,36737,26090,2971,39505,10833,5836,8681,60460,34711,9430,5772,40278,1311,8139,23213,55653,39569,11717,8087,49500,7290,11258,13453,39470,57301,29875,17358,55388,29511,16534,11513,39230,56711,30437,16796,55897,24897,22667,30147,35690,38535,14063,6794,36438,14085,5322,5799,35628,52930,15843,151,32844,9291,13720,28588,55672,38797,27822,5876,36182,18735,7886,32170,35680,39812,9960,6794,34647,13061,4302,20400,56931,35468,13998,1681,36182,9838,22747,15555,35628,34754,26080,7312,51532,3174,14316,23424,63522,39821,8680,7611,35673,9801,20934,28326,50476,39565,1702,15793,41086,28002,7921,29372,55400,40377,12521,6032,35955,7772,7810,15547,58447,43180,719,8400,40023,10059,10961,29626,50553,42374,15587,21411,54277,7173,10749,22675,35108,51136,12710,5782,58198,25349,20866,15593,35628,35728,12530,7564,51506,25349,5250,30887,35590,52930,12710,159,51027,13142,1731,13479,56938,36236,11506,7569,49168,25391,20866,15593,35628,33474,9961,8095,39448,13898,5580,8681,57900,40332,9458,4240,51037,9803,22997,17302,61780,50854,29860,16797,55816,28996,17299,16043,33317,52968,26022,21470,51480,12293,1229,30887,63522,39821,8680,6071,54296,5,16365,21903,34123,33201,11251,154,39523,13898,5580,31106,63093,52968,26022,21470,51480,12293,1229,30887,64802,33421,10483,21403,51461,27925,31636,15593,35628,52930,26022,7309,34637,27969,4338,31163,57186,54210,5798,1681,36182,9846,2000,32672,41321,52930,26022,21470,51480,11350,8151,9901,51036,38787,27822,21492,51480,25349,20866,28649,56931,35468,168,6032,36189,31,8141,31143,57199,35018,11251,1949,34385,27467,31627,15593,35628,52930,26022,21470,51480,11350,8151,9901,52808,39569,10996,23431,58129,25349,20866,15593,35628,32903,27874,21492,51480,9733,5580,5856,50537,58502,10636,4241,34137,14085,5322,31140,49728,39569,11235,411,51531,25368,31705,15593,35628,36259,8421,1936,51531,25368,3289,5861,35628,52930,9413,6028,51531,25368,3289,5861,35628,52930,12757,7308,35923,25430,20895,25010,41248,52930,26022,1724,40268,11594,20945,15604,54903,58574,26022,21470,34412,9282,5326,15546,35633,37785,20394,21470,51480,12641,461,29613,50555,52881,26043,3717,58132,25349,20866,31106,51573,32907,14050,20190,37400,18776,31711,28867,51299,33411,14246,5275,39505,9809,5328,20397,51817,36240,3310,5770,39509,32261,2690,5812,50272,36737,26090,4746,43866,14160,7894,28583,38444,38338,20475,7314,34907,25417,4310,23211,51838,35727,26101,21443,37955,12079,4813,28840,51244,40087,8436,1936,34924,3399,7363,15532,35633,45501,8158,23482,55578,28737,17347,12031,39231,52352,20399,7314,34907,25417,715,27546,57189,34433,11247,10137,35673,32261,6018,28840,52863,58600,10986,4765,51540,2672,1521,29627,52839,52942,10688,4753,47692,12625,6861,12460,60716,33166,12775,7346,34399,25353,7652,32166,49784,35212,12740,24464,42008,10820,14284,32187,52833,52942,11477,5786,34906,28503,12930,29350,52856,39564,14272,7839,58205,11337,4289,15525,49759,35718,13255,1951,39769,14198,7888,31138,35616,34737,8418,171,39773,8807,5830,12460,63532,36743,9972,14230,34378,4181,982,30630,34665,48578,9443,4236,44368,11351,5586,27558,60770,36752,8427,21458,35946,10838,5336,32129,53090,35726,26026,7849,40299,11351,5321,15589,51803,35734,10484,415,50515,4101,5579,24236,51838,35468,26026,4782,40266,8268,5326,29578,57186,34691,8424,31116,34388,8774,20942,32132,50533,40101,8679,5783,40278,25353,7652,32166,60536,36752,11490,7579,50508,517,4308,32189,60542,36752,11490,7579,58188,12079,4813,28840,52524,32919,12773,7319,51542,13393,5319,13479,51555,35720,12773,21458,39752,13130,967,30141,55401,52942,12514,4748,32844,11594,20878,26810,51061,49799,8614,407,35421,10833,8141,5856,35628,52930,10986,4765,51540,11596,7876,8681,65324,35733,11235,7607,34398,11531,1735,30945,55673,39555,10991,21392,39767,29445,17036,12540,55340,38806,8426,7390,51530,11616,7383,23015,55405,32907,5857,2698,35924,4619,4311,12461,53036,40075,9955,6794,34647,11269,20944,29324,50809,43980,14055,7575,44383,12620,4807,30141,50531,41420,12787,31191,51480,25349,7886,32170,35680,32899,10479,20190,48408,9810,8135,31130,56702,36235,32739,445,34909,9809,7818,30379,51305,49814,11430,5520,50519,13061,7888,31161,57214,35723,27893,21492,51480,8709,6348,9892,51036,38787,27822,21492,51480,12549,1479,28348,35682,32899,10479,5876,36182,18735,7886,32170,35680,39812,9960,6794,34647,8709,466,26021,51791,35472,10958,5768,49482,8774,5584,15589,57215,33168,8429,31191,51480,25349,4289,30907,58914,39821,8437,7611,35916,31063,7905,29351,51305,50838,12512,4240,32844,11594,22666,15555,35628,52930,26022,2014,35919,11584,4746,28328,34664,38338,25996,21470,51480,25349,20866,15593,59692,36227,8941,7308,34637,65,7629,28326,35647,52959,10949,7314,55882,9483,7888,20132,59723,58570,26022,21470,51480,25349,20866,15593,35628,52930,9451,7050,35350,8777,463,24545,55673,35728,12776,7082,33885,27968,4321,30907,63778,50370,30630,18123,49688,29957,20878,12537,39212,56279,27055,21492,51480,25349,20866,15593,35628,52930,26022,7902,40281,27981,7617,29096,33660,39841,14324,7579,48460,9805,5327,24551,55661,49286,26049,21460,56330,25360,20873,12543,39724,52942,28852,23243,58132,25349,20866,15593,35628,52930,26022,21470,51480,8776,6614,32743,51808,40591,1710,395,35914,14155,6646,29100,34153,36769,8692,12752,49944,28933,17559,14313,37676,52942,27062,16862,56333,18700,20866,15593,35628,52930,26022,21470,50449,25391,20866,15593,35628,52930,26022,12766,35417,9294,7888,29372,65384,36752,14056,4750,35914,8267,20955,15604,34108,58576,26022,21470,51480,25349,24031,11497,39202,49872,166,1680,51029,8800,6353,31655,57183,33435,27619,1711,36185,18700,20866,15593,35628,52930,25996,21470,51480,25349,6274,15535,57215,33168,8429,2014,35920,18763,20866,15593,35628,52930,26022,21470,40524,9792,22988,26810,50302,35721,26026,31109,51480,25349,20866,15593,35628,52930,26022,21470,34427,11337,20944,15604,56911,40080,11235,10122,35920,9800,12428,32682,50537,44182,11508,7065,50508,25391,20866,15593,35628,52930,26022,21470,51480,5893,4304,28583,51836,35728,9960,21383,51461,27925,23952,15555,35628,52930,26022,21470,51480,25349,20866,18665,49764,34177,8424,141,54296,29189,17036,15555,35628,52930,26022,21470,51480,15877,20878,13049,39230,52942,11203,7819,44054,12356,8139,20398,53880,35726,5288,4747,49244,25391,20866,15593,35628,35778,8680,21492,51480,9733,5580,5856,35628,52930,25996,21470,35352,12612,24518,29572,55417,41607,9443,5768,43522,11594,5324,26794,52516,32919,12773,7319,49494,18700,20866,15593,35628,52930,13042,5787,49494,8774,5584,15589,41335,52930,26022,21470,51480,25349,20866,32139,49263,40069,12521,6032,34427,11337,17104,8681,59436,40087,8436,1936,33132,11840,24519,32138,53118,58574,26022,21470,51480,25349,20866,15593,51790,34177,14305,1681,36182,12657,8131,27834,55661,32903,15589,20190,55576,30475,20904,15593,35628,52930,14502,21458,50952,28951,20878,29324,50809,43980,14055,7575,47711,14929,5326,19943,51833,51078,25996,21470,51480,25349,31618,15593,35628,52930,26022,5527,39448,12625,6861,15532,50040,32903,25996,21470,51480,25349,20866,15593,57132,35733,11235,214,39756,10314,24007,26601,35590,52930,26022,21470,51480,25349,20866,15593,59436,33421,14313,20190,43544,12624,5328,26791,50008,33671,27619,1965,34378,9806,31630,15593,35628,52930,26022,21470,51480,25349,20866,28317,50541,40593,14311,7579,36955,32261,16770,10471,34617,52968,26022,21470,51480,25349,20866,15593,35628,47810,11502,6301,35926,12374,19586,11753,35590,52930,26022,21470,51480,25349,3202,15589,34108,56528,26026,7611,33869,1547,707,29344,63595,38806,8426,8912,34893,27201,20904,15593,35628,52930,8358,6032,51506,25349,5250,30887,41253,32903,20450,8180,35415,12100,6018,29372,57199,33163,26088,907,34908,9809,997,30888,52837,39564,28149,31191,51480,25349,7886,32170,35680,33153,10986,8332,39005,9808,4812,15532,35633,33185,10986,8332,39005,9808,4812,12972,52834,50837,20477,21470,51480,25349,20866,29578,50272,48528,13539,5771,35414,2112,2247,29625,50533,49302,8424,23433,50440,5,983,31163,57186,34486,10467,23963,35449,9798,1484,28299,52325,39562,27055,21492,51480,25349,20866,24553,51043,40077,8405,1679,34653,9798,5353,27824,49763,39564,11176,1179,55568,30219,20878,29578,50272,56720,9128,7308,47957,354,17546,12537,40492,49874,29606,23243,50449,25391,20866,15593,35628,44482,10729,401,35947,13908,8135,31146,52807,40603,11497,1936,34582,13376,16522,15589,56911,40080,11235,10122,35920,9800,12428,32682,50537,51094,25996,21470,37912,18700,20866,15593,35590,52930,11430,21400,34933,11596,997,30888,52837,39564,12710,5782,51542,8808,8139,28302,53101,35723,12776,12496,34135,12618,19586,32745,51043,40077,8405,1679,34653,9798,5250,30887,35590,52930,11430,21400,34174,8778,14038,32187,49768,32903,26098,7050,34653,1285,7886,26792,55627,35459,8431,1936,43542,12106,973,8681,51244,33421,14313,5805,40009,11584,5313,31209,53090,52968,26022,6878,51550,13668,1475,28328,55627,35459,8431,1936,40216,9805,20940,27272,57197,40067,14273,6047,35921,14155,12940,28838,55651,54210,9894,8081,39767,9846,1235,29356,52847,35778,8680,5876,36182,18735,7886,32170,35680,39812,9960,6794,34647,8709,466,26021,50008,33671,28131,7050,33885,3392,7363,13740,35590,52930,11430,21400,34390,25425,14838,20876,63561,39609,8430,5779,34934,9800,20991,29885,50537,40130,12771,395,51542,11584,31686,15593,35628,39841,14324,7579,48460,9805,5327,32135,52833,54210,12710,5782,35925,8811,5327,15555,35628,44482,14323,5772,40278,11121,7367,15532,35633,42678,2243,8379,40291,9805,5327,32135,52833,58559,26022,21470,51506,25349,1154,30905,57197,43399,9460,6810,34653,12369,22666,15555,35628,58562,26022,21470,36689,1285,7886,26792,50533,44165,11250,2014,35920,25419,7652,32166,49784,35212,12740,23952,34938,10310,965,27046,53090,33185,10986,16524,54296,5,983,31163,57186,34486,10467,23963,34938,10310,965,27046,53090,35778,8680,21492,51480,10757,20932,32132,50533,40100,10471,21403,33100,11584,15490,30120,60770,36752,8427,12752,35417,9294,7888,29372,59496,33421,14313,21453,51461,13926,976,29356,65400,35722,8427,12752,35417,9294,7888,29372,35688,32903,20450,21470,51480,9548,8834,30880,51561,40067,12710,5782,51542,10870,5318,32171,34174,36768,12005,409,40023,10059,7905,29605,39038,54210,1702,395,35914,14155,6646,29100,34153,34737,8418,4764,51530,11584,31686,15593,35628,34955,1702,7569,35916,14155,996,29096,35689,34454,11235,12510,34647,9809,1484,28303,50797,49287,9412,6301,39775,13898,5580,29578,50272,56720,30886,12510,39757,9815,1484,29853,50793,49287,10949,1936,34653,25425,8135,5805,35628,52930,9199,8414,36177,5696,5329,24251,53101,35717,12710,5782,51542,25391,20866,15593,35628,48578,8687,9883,35915,343,5571,31150,65314,38535,1778,8081,39767,25366,20895,27018,55678,32903,4594,5782,35925,523,4801,29356,59768,34704,11745,21386,51506,25349,20866,15593,63532,35467,4323,5773,43850,10052,5317,24295,51309,35209,10996,7563,43612,12106,973,15610,35633,39841,14324,7579,48460,9805,5327,24295,53101,35717,25996,21470,35864,10059,20904,15593,49708,52868,8405,415,33115,12641,461,26778,50302,35721,12710,5782,51542,9846,963,29866,55624,40589,12757,7308,35923,11,7629,28326,38444,44482,14323,5772,40278,11121,7367,12972,51277,35713,12776,5854,36182,25391,20866,30185,35690,35761,14311,7069,39804,13130,7878,29374,55626,33667,26083,7050,34653,4101,4295,32699,61284,33168,8694,1169,44886,8791,5327,24295,51309,35209,10996,7563,43612,12106,973,15610,35633,39841,14324,7579,48460,9805,5327,24551,55661,52870,11235,31130,51480,25349,6091,20201,55401,38027,3555,7583,34140,25408,6614,29356,63788,40327,16367,15259,34649,12097,24519,29056,52333,44423,10729,401,51467,25368,1249,28347,50537,47766,8430,5779,43030,8262,8135,15549,50537,58502,26022,21470,36689,5125,8911,28349,49251,52871,11762,7579,48664,4168,982,30630,34153,33185,10986,21388,51461,13926,976,29356,65400,35722,8427,13008,35419,11584,20950,29356,41320,52930,26022,5527,48664,14148,967,32164,49278,39618,8430,21392,34927,9809,7376,28328,34151,36768,12005,409,40023,10059,7905,29605,39038,54210,1702,395,35914,14155,6646,29100,34153,36768,12005,409,40023,10059,5250,30887,35590,52930,11430,21400,32875,9793,992,29352,35688,34454,11235,31198,51480,25349,20866,15593,49759,35718,14276,7583,51036,9841,1498,8681,55340,40086,11247,23961,34398,11863,1475,17377,62291,43704,26542,16585,53258,29463,16528,32506,52538,36304,30132,16588,55562,10006,17301,30975,53055,54992,8628,17608,34830,8471,17044,32255,51518,56788,9392,4556,57102,10003,16533,12286,53054,57301,29367,18127,55823,29459,5520,11774,38971,57044,31924,17356,55306,8470,16533,31487,39996,36819,8630,23260,51476,13926,976,29356,65400,35722,8427,13008,35419,11584,13270,30139,50027,49302,26068,21460,56330,28432,12930,28348,52862,39564,11730,7835,51037,8292,5313,26791,55630,35211,12782,13520,49944,28933,17559,15589,56911,40080,11235,10122,35920,9800,12428,32682,50537,44182,11508,7065,51020,25447,20872,10747,33337,52968,26022,5854,36182,18735,20866,15593,50282,52880,27097,7390,33626,10757,20940,27808,49773,40336,12718,5782,35925,10857,1489,29356,55657,49297,9927,5789,40278,27222,5506,5798,35628,52930,26022,21470,36689,11269,7104,32233,53090,33218,12260,9168,39769,11584,20950,29885,50537,52968,26022,21470,51480,25349,20866,30185,35690,35981,32748,183,49529,7290,11258,13453,39470,56448,30439,16585,55642,28950,17351,11949,39277,52433,27823,7390,51530,8522,19400,28544,33613,45501,8158,23482,55322,28999,17091,12286,39790,56454,30390,20937,49169,14085,5322,5799,35628,52930,26022,21470,51480,25349,20866,15593,51555,49288,8402,1926,34427,11337,17104,8681,59436,40087,8436,1936,33132,11840,24519,32648,52847,39564,14276,5271,40272,25391,20866,15593,35628,52930,26022,5854,39508,10816,20932,32422,37222,40363,28103,11425,45920,27489,16768,12272,39272,56455,30644,20895,49169,11269,20944,32422,37222,40363,28103,11425,45920,27489,16512,11946,39023,56454,30646,16845,56075,28947,17299,11505,38965,56454,30691,16844,52057,27148,1410,31137,41314,52930,26022,21470,51480,25349,20866,15593,35628,34955,10918,6556,40962,598,11914,17558,61270,52426,9911,4300,36107,29463,17040,12283,40254,57296,32180,19150,36107,9751,17296,32251,33326,52939,11762,7579,51506,25349,20866,15593,35628,52930,26022,21470,51480,25349,7810,30379,63522,40065,10729,12690,39769,11884,5827,24492,51043,40077,26037,21443,40059,12631,8135,18621,52836,35727,1192,4253,34653,18769,20866,15593,35628,52930,26022,21470,51480,25349,7623,31162,35590,52930,26022,21470,51480,25349,20866,15593,35628,52930,10918,6556,43798,8260,5833,29627,50553,44422,10729,401,51467,25368,1249,28347,50537,47766,8430,5779,43030,8262,8135,5821,35628,52930,26022,21470,51480,25349,20866,15593,50537,58502,26022,21470,51480,25349,20866,15593,50537,58502,26022,21470,51480,25349,8135,5805,35628,52930,11235,31130,51480,25349,7876,15547,34643,36034,11250,6878,51542,13132,6339,28603,57124,35722,8427,6834,40267,11584,967,12986,56910,39574,11241,23181,36120,18762,20866,15593,35628,52930,9199,4574,34636,8709,5580,32489,50552,48844,14311,7579,51532,11089,8135,32489,50552,44236,9959,5269,34378,11600,12998,28838,55651,52945,26043,1725,39754,11584,9686,31137,52833,45004,9957,7579,51532,11584,31686,15593,35628,32903,20450,21470,51480,11331,20944,12438,55340,40086,26093,7575,32792,8789,971,13498,50040,33671,2531,151,35916,9803,720,20455,55672,34189,14051,21463,34396,25391,20866,15593,35628,34754,26080,1933,33354,8709,5580,28649,55672,49289,9430,5772,40278,14085,5322,15527,57215,34192,1704,8081,39767,32261,12930,28348,52862,39564,11730,7835,51037,14198,7888,31138,52780,35468,25996,21470,35864,10059,20904,15593,52524,40077,6822,21458,34907,10071,6274,15527,56165,34691,14068,2006,35920,9800,6382,26810,50537,40071,27637,4797,36170,27222,5506,5798,35628,52930,26022,21470,36689,8197,963,15533,50541,52870,9445,6028,47382,12612,8135,15549,50040,32903,9894,415,51036,8807,6849,28334,56931,35468,10949,7314,55882,32261,12930,28348,52862,39564,11730,7835,51037,8806,5584,31209,53090,52968,26022,5854,36182,25391,20866,31465,55651,45506,26026,7306,36447,9801,4326,32189,49708,52876,13807,6815,39498,14093,5322,31140,49728,39569,11235,411,51019,11377,5829,31141,33407,35522,20457,21470,51480,25349,20866,31392,57132,35213,10721,14235,40281,27972,1504,15527,50541,52870,10994,5273,35924,8801,4310,24295,50552,48844,14311,7579,51532,11588,20934,29629,52331,35726,9410,4746,44566,14144,1521,26792,33641,52939,11762,7579,51506,25349,20866,15593,35628,52930,12710,5265,34143,1856,1475,12968,57166,49292,9412,6301,39775,13898,5580,29578,50272,56720,30886,12510,39757,9815,1484,29853,50793,49287,9927,5789,40278,25391,20866,15593,35628,35778,8680,21492,51480,9733,5580,15555,35628,35010,14313,11486,51476,12609,461,26763,35682,32907,11430,4750,39761,27478,6614,29100,59241,40331,8434,5776,39498,1803,7888,30905,56419,40332,26031,7322,51506,25349,20866,15593,49708,52868,14306,913,40314,25419,8131,15533,55656,40589,12740,23952,34920,9815,1484,26857,52836,52876,14306,913,40314,27979,5366,26801,50255,33166,30452,20190,43544,12624,5328,26791,50008,33671,27619,4287,35931,14155,992,31648,57188,35778,8680,21492,51480,9733,5580,15555,35628,35010,14313,11486,51476,10823,5580,26763,35682,32907,11430,4750,39761,27478,6614,29100,59241,40331,8434,5776,39498,2059,2247,30123,53090,51089,8614,31121,51480,25349,20866,15593,52581,36034,11247,12698,34636,8709,5580,32489,50533,44166,11250,9168,39769,11584,20950,29885,50537,36034,11247,12698,34636,5899,2503,24509,51043,40077,26037,21443,40059,12631,8135,18621,52836,35727,1192,4253,34653,337,6352,29870,35704,32903,20450,21470,51480,11584,31686,15593,35628,33156,26100,15754,33881,28480,4994,29373,49708,52876,9462,407,49483,8785,13248,26812,50296,40332,26031,7322,51506,25349,20866,15593,49708,52868,3058,7839,51549,32280,4738,28348,52862,39564,9426,15772,33881,25408,6614,29356,35590,52930,26022,21470,51480,25349,4994,29373,59682,39575,10994,23952,34938,10310,965,27046,53090,33185,10986,16524,54296,5,983,31163,57186,34486,10467,23963,35449,9798,1484,15555,35628,52930,26022,5854,36182,25391,20866,31209,53090,35816,8680,31220,34388,8774,20942,32666,52862,32903,12481,21399,51461,11628,1489,29352,52847,32972,13027,11478,45415,1919,21386,32760,51262,35537,9396,4812,55306,31509,4241,11003,33326,58571,9941,5772,34653,13922,24523,32135,52833,54210,6822,11169,44386,24845,18067,10744,39741,35538,10167,18382,55561,28949,5264,32762,51519,36816,8629,23260,47666,12614,5319,23463,49785,48332,14051,1947,34679,13174,1731,15527,35633,36740,14058,31131,35435,9815,8135,27022,34149,35243,10984,5772,40063,2636,716,26796,38444,39618,12532,31131,35435,9815,8135,27022,34149,36786,8436,1936,54296,1029,6359,32153,52862,39564,20364,7314,34907,25417,4320,30634,49736,52879,26043,7607,40267,11588,5313,29415,56425,45514,7641,14244,51984,31253,5521,31227,39230,36816,27812,31191,34938,10310,6374,12964,49759,35736,30886,9950,32892,29000,8076,27564,39460,52942,27062,17118,51476,27157,13224,32680,61287,33675,1960,4255,36435,11351,8151,24493,51043,40077,26037,21443,34427,11337,17104,31463,50302,48271,1985,17366,51476,28437,16770,5856,51790,34177,11458,23955,34938,10310,965,27046,53090,40118,11239,909,39769,11584,2241,8681,39468,44264,9959,14229,33873,267,973,31149,63614,38027,5603,2967,34141,32261,16770,24259,51309,43657,10479,9168,39769,11584,20950,15604,51295,35728,11235,1721,58193,3631,6339,23207,51838,35727,30886,15070,39510,8785,4812,12972,52834,50837,6873,10662,49532,29447,17051,11949,39273,56528,26599,23255,42034,10820,14284,32187,52833,41164,10471,21403,51461,7290,11258,13453,39726,56528,30691,16840,55561,28700,17350,11948,39230,52355,20399,4787,34641,12643,7363,12972,49759,35736,30886,9950,32892,29000,8076,27564,39716,52942,27062,17374,51476,27157,15528,30120,60770,36752,8427,9168,39511,14156,7883,15527,35633,43703,10479,24012,35926,27474,24466,12540,39724,52942,27574,24523,55576,18700,4335,29344,55626,33667,27619,7615,33115,12618,7922,29344,35704,52959,8400,1949,39767,27927,5324,13502,34108,49879,30118,18128,58129,8808,8139,28303,50797,49287,9412,6301,39775,13898,5580,29578,50272,56720,30886,12510,39757,9815,1484,29853,50793,49287,9412,6301,39775,13898,5580,20931,49773,43148,9460,5779,43798,8260,5833,29627,50553,47750,9460,144,34888,9815,4812,15536,35633,49362,28855,16116,32857,1355,4304,31140,59682,40077,8418,8332,37713,4928,2507,28844,38444,57026,2188,6815,44886,8791,5327,24551,49760,40338,8386,4237,34653,8769,1484,15546,35633,40086,8435,16116,32857,1355,4304,31140,64290,40067,11235,21386,51461,8310,5328,29356,56907,58507,10636,4241,34137,3589,6339,18855,63557,36737,8426,20190,40984,12363,4310,32679,34153,35724,28145,11425,45920,27489,16512,11432,39482,56449,30693,16795,56075,24900,22667,20931,49773,48012,5839,4765,35924,4107,4289,31141,38444,44482,3017,15032,51071,2672,4849,28840,41321,36783,11247,15019,35435,12100,24519,32153,52862,39564,30886,16094,32857,1355,4304,31140,41222,33166,9445,21394,41069,11366,8144,28332,38444,42946,14056,4746,35414,27968,5324,13502,62547,46266,28098,17116,55641,29459,17345,12281,39272,56531,30439,20890,49169,5679,13035,28326,52834,49296,10949,7564,39773,8823,6342,28604,38444,48066,11458,23955,35926,27474,23954,11753,33342,48104,1743,401,35926,27991,4338,31163,57186,54210,2214,6815,44886,8791,5327,5827,57945,39601,10996,5781,54296,2565,716,32189,51298,49287,8424,23433,46695,6525,23014,11755,39789,57300,30437,16540,56156,28949,17302,16040,33317,48104,5839,394,33367,27968,6646,32672,50535,40327,26101,21443,50954,18711,14583,26778,50302,35721,1704,8081,39767,32261,12930,28838,55651,49361,14304,7825,44650,27495,17552,12540,39212,56279,26026,18124,49165,5679,8939,28349,49251,49287,13767,8078,47681,12625,6861,20908,53091,52871,26043,7611,33869,523,466,26021,57183,33168,8429,7347,35932,267,973,31149,41342,42935,12757,7308,35923,4875,963,29356,35704,52959,9419,7575,39806,11844,31687,20931,49773,43404,9460,6810,34653,25425,20895,29312,57215,32899,8421,7632,40541,7181,10749,22675,35108,36819,29622,19406,36107,9751,5008,11003,51774,57296,10165,23260,58129,8808,8139,28302,53101,35723,12776,8656,40279,14148,7883,15527,35633,56278,2188,6815,44630,8791,6342,29356,34168,36786,8436,1936,54296,5637,8939,28349,49251,58503,5516,415,32844,12102,12999,29350,51832,32907,14307,20190,40984,12363,4310,32679,34153,35724,28145,11425,45920,27489,16768,12272,39272,56455,30644,20895,49169,4911,963,30141,51055,44423,11241,4746,34641,12608,16268,29096,35689,52959,6873,10662,49532,29191,17348,12204,39016,56448,30640,16797,56075,29508,17345,12025,38973,56448,30691,16840,56073,28740,21446,5856,51804,39568,9967,5778,34427,14155,6339,31143,34174,34737,8444,20190,48152,10849,17359,29415,56425,57290,26026,24526,55320,25353,22674,19651,55661,34710,10725,12443,34647,8785,8139,28332,59682,36227,8941,7308,34637,5953,4304,28583,51836,35728,9960,21383,51461,18708,4338,26811,51301,35726,10949,1936,32857,9803,24528,28810,56165,43665,14051,5789,36182,11588,726,8681,57132,39824,20451,4782,40266,8268,5326,29578,57186,34691,8424,23948,41058,10059,2503,8681,39468,48872,14311,6794,34139,64,8141,32189,50533,40071,5544,415,34653,25425,20895,32132,50533,40100,10471,31131,44850,11337,1475,29344,59755,32918,30886,15070,39510,8785,4812,12972,52834,50837,6873,10662,49532,29447,17300,12027,39273,56538,30183,16538,55897,28743,17344,12025,35133,51147,908,7314,40281,11596,13253,29373,58658,33667,26083,21443,46695,6525,23014,11499,39221,56529,30646,16539,56154,28947,17299,11761,39483,57303,30692,16846,56064,28957,17297,16040,41253,33444,9449,6794,36438,14183,24524,30106,52854,54210,4262,6842,56149,11531,1735,11489,35616,57047,26026,24526,56344,27157,14248,29605,57197,32907,2017,7562,47382,12362,1483,29600,35682,52959,467,7831,50954,9803,22997,12537,39212,49879,30118,18128,51476,28936,22679,23235,50272,39555,11247,12697,34636,267,4803,31650,50302,32919,1762,8081,39767,25366,20895,27018,55678,32903,4594,5782,35925,267,4803,31650,50302,32919,20450,8120,34903,10833,5836,26763,34146,36768,12005,409,40023,10059,1014,29352,56191,40067,11235,2717,54296,29445,17292,23235,50272,39555,11247,12697,34636,5387,715,32416,52832,54210,9126,8095,35915,1327,7886,26792,50533,44165,11250,13008,40269,330,1495,29629,59490,33421,14313,20190,36632,12100,5329,23235,50272,39555,11247,12697,34636,6411,8171,31149,35700,52959,30131,13812,34388,14148,8139,24238,50552,48844,14311,7579,51532,25368,4849,31163,50537,39845,20463,8180,35415,12100,14210,29605,57197,33185,11252,411,54296,2565,716,32189,51298,49287,8424,23433,46695,6525,23014,11755,39789,57044,30693,16590,56156,28948,17091,16045,33317,43240,10986,1951,34427,11607,967,24551,55651,35724,6132,6047,40017,25430,20895,22684,50789,32972,13027,17110,51476,27157,14248,29605,57197,33185,11252,411,47382,12612,8135,15549,35633,33444,9449,6794,36438,14183,31692,23235,50272,39555,12757,7308,35923,32261,14466,28583,51832,36236,27619,5776,49487,7290,11258,13453,39470,56963,29872,16541,55898,28993,17298,12029,35181,51147,908,7314,40281,14198,7888,31138,65314,34698,12005,5776,39499,32261,17282,10471,60678,33166,12775,1965,34378,9806,12940,28838,55651,54210,1702,8081,39767,27926,964,29094,60510,50848,28852,24523,56088,30224,20878,10747,33337,43240,10986,1951,40299,11351,5321,24039,56188,38798,12757,7308,35923,11368,5318,8681,60972,39820,27627,959,34120,4188,982,30630,58985,35469,27619,7356,36170,12608,14248,29605,57197,39601,10996,5781,47382,12612,8135,15549,35633,33444,9449,6794,36438,14183,31692,23235,50272,39555,14273,6047,35921,14155,19586,21993,55394,36758,9960,23963,35926,27474,12029,18065,33608,57280,30183,17352,55808,28993,17351,11947,39226,56451,30391,20892,49169,1327,7886,26792,55627,35459,8431,1936,47894,14154,1475,29600,35682,52959,20406,8120,34903,1105,4304,30125,50537,49302,9430,5772,40278,32261,14210,29605,57197,39601,10996,5781,58162,12131,4301,20669,52323,52877,26043,7607,40267,11588,5313,29415,56425,45514,7641,14244,51984,29973,17296,31227,37694,36816,30390,5836,36106,8727,17040,13803,41253,33444,9449,16266,36439,27978,4332,31140,38444,45506,7641,14244,51984,31253,17040,11515,52798,36049,30390,17356,53514,29463,22656,23235,50272,39555,10954,7321,40982,8776,5317,8681,62508,46781,476,20950,36107,10007,18065,31227,51263,36305,9396,4557,57098,8471,17557,11519,39738,35797,10161,5577,36111,31506,18837,11006,40251,36309,8625,19145,36623,9490,18837,32254,33326,43240,10986,1951,34420,11330,8844,26272,35689,52959,467,7831,50954,9803,22997,12537,38956,49872,30118,21458,56075,18700,7652,32166,59256,35213,27625,7342,32843,10833,8141,8681,65068,34726,30699,7632,40541,29453,17548,15589,39457,49876,30118,18128,51476,29192,22676,23235,50272,39555,10954,7321,43798,8260,5833,29627,50553,47750,9460,144,34888,9815,4812,15536,35633,58579,10688,4753,42316,9290,24525,32666,51053,47751,13823,21403,51461,11616,7383,20455,51823,35726,15570,5774,44822,14156,14248,29605,57197,33198,10977,10704,34673,9793,20954,15604,39481,43240,10986,1951,34420,11330,8588,28328,50537,52886,26043,8120,34903,10833,5836,26763,41314,33512,9961,8095,44824,11337,1475,29573,50283,33185,11252,411,54296,2565,716,32189,51298,49287,8424,23433,46695,6525,23014,11755,39789,57044,30693,16590,56156,28948,17091,16045,33317,43240,10986,1951,34420,11330,7905,29371,55657,44492,14313,5776,47946,10052,1227,15546,35633,43703,10479,7632,40541,29197,20878,13817,60678,33166,12775,7346,34399,11366,8144,28332,64290,40067,11235,21386,51461,12131,4301,20669,52323,58509,908,7314,40281,11596,13253,29373,58914,39821,8437,7611,35916,31063,7905,29351,51305,50838,12512,4240,32844,11594,22666,15555,35628,39618,8433,7579,44816,11337,1475,29344,59755,32918,26026,31109,51480,25349,20866,15593,49759,35736,30886,9950,32892,29000,8076,27564,39716,52942,29619,21458,50440,30213,22676,5861,35628,52930,26022,21470,34938,10310,965,27046,53090,40118,11239,909,39769,11584,2241,8681,39724,57036,20403,21470,51480,28504,16770,12007,34617,43970,12520,23955,34941,10838,5836,26778,51061,49287,9412,6301,51476,11616,7383,23015,55405,32907,481,407,35421,10833,8141,21479,57209,58571,26022,21470,51506,25349,1410,31166,50537,43210,10986,1951,34420,11330,20878,5810,35628,52930,26022,21470,32875,9823,19586,18921,49736,56463,11176,1179,55568,25353,18321,15589,34620,56770,27824,31186,51480,25349,20866,15593,50268,34705,11506,7569,54296,5637,6374,11940,50466,39303,30126,18128,51476,29192,23962,11497,40482,52942,29867,23238,58132,25349,20866,15593,35628,33200,9458,6794,34647,32261,16514,5883,35628,52930,27131,17374,56086,28432,13442,27047,34145,36775,11509,5264,40299,12124,24519,32139,49263,52942,11203,7819,44054,12356,8139,22702,55653,36231,11506,7569,42518,14160,31627,15593,35628,52968,26022,2014,35919,11584,14218,29605,57197,39601,10996,5781,51476,5982,6346,30634,52834,40337,30886,16606,56086,28504,16770,12007,33337,35816,8680,31191,44850,11337,1475,29344,59755,32918,2216,1681,35915,9833,1987,9900,50255,32908,9955,23434,40030,8267,6358,29350,33316,52968,26022,2014,35919,11584,14218,29605,57197,32907,2017,7562,51476,18782,20866,15593,35628,52930,11477,5764,54296,5637,6374,11940,50466,39303,30126,21458,55565,25353,23954,10729,33340,58574,26022,21470,51480,25349,4320,30634,55659,39821,8680,426,34649,13142,963,29356,53871,54210,30118,16848,51506,25349,3202,15589,34108,56272,26026,7611,33869,1547,707,29344,63595,38806,8426,8912,34893,28481,13442,27047,34145,36775,11509,5264,32892,9815,1473,29600,34146,39853,27890,21492,51480,18693,20866,15593,56440,35719,28136,8120,34903,3921,5837,12454,53292,52968,26022,21470,51480,4101,3019,15532,35633,43703,10479,24012,35926,27474,23954,12265,34622,57026,26026,16845,50449,25391,20866,15593,35628,48834,14057,1943,34385,25419,20895,22684,50789,49360,8424,23433,50952,28432,23682,11000,35616,49362,27059,24286,57097,28428,20904,15593,35628,52930,6054,1937,40281,11340,20940,15604,41276,52930,26022,24451,55576,28939,23959,23017,56930,49295,9411,6797,36438,14198,7643,12972,56925,35459,26026,7611,33869,1547,707,29344,61291,40075,9955,6794,34647,3083,1495,5856,35628,52930,25996,21470,40216,9810,8135,23265,50272,39555,12757,7308,35923,25353,9689,30113,49263,35724,14069,20190,56088,30475,24031,11497,39202,51159,8332,6032,58129,12079,4813,28840,52524,32919,12773,7319,51542,13142,1731,19623,55661,34710,10725,23451,58129,25349,20866,31392,50476,39565,1702,15793,41086,28002,4338,26811,51301,35726,245,4752,34138,10048,7810,15547,50274,52886,9430,1932,35409,9801,7905,26791,49773,35724,26100,401,34584,14154,8578,28328,49784,33409,1763,7569,34892,11596,967,19687,55661,32903,26098,7050,34653,12549,1479,28348,35682,32903,20450,21470,51480,11337,4289,15525,35708,52959,11215,1933,34649,9798,8076,27564,62500,46781,476,20950,53256,10006,5264,12027,51774,51136,20399,21470,51480,11337,4289,15525,49791,35736,30886,7902,40281,27981,4304,30887,50787,56778,26026,23243,51506,25349,7554,32678,51053,40386,9458,1932,51552,25368,4303,29885,55586,32899,10978,23443,50442,31237,22682,13289,39468,57042,25996,21470,34072,8266,7619,30953,49790,39556,26078,21443,33808,14148,24522,32187,53090,33677,26798,18127,51476,30228,20875,15590,39741,51154,25996,21470,34072,8266,7619,31209,53090,52922,26043,4755,33100,8203,4302,27812,55332,36758,12788,21414,51475,12609,6091,17597,35616,49362,30646,21458,50952,31516,31627,15593,35628,33166,9445,21394,40028,8791,6358,29350,38444,33730,12775,23958,34890,10059,7373,12257,34617,55490,27830,23774,55320,18709,20866,15593,35590,52930,13734,8400,37713,25408,20895,22684,50789,49360,8424,23433,50440,12293,3019,12460,39724,52942,11509,5764,58129,25349,20866,12985,50268,34705,11506,7569,54296,5637,6374,11940,50466,39303,13998,4746,40266,28541,16770,15589,34109,56274,26026,23246,51506,25349,386,24295,51309,35209,10996,7563,43612,12106,973,15610,35633,33738,12775,23958,34890,10059,7373,11745,35616,51153,30886,21443,49161,8709,5580,24553,55673,35728,12776,7082,33885,27968,4835,31146,57186,40096,8943,1942,34328,25431,1249,28347,50537,47766,8430,5779,43030,8262,8135,5821,35628,52930,27638,4796,33371,12610,1229,30887,55640,32899,13813,415,34653,14918,19586,11497,37410,52968,26022,990,43798,12618,5318,20411,53605,48775,15855,8091,54296,29445,20904,15593,56108,46284,11215,5786,51520,25368,31632,15593,35628,49298,9430,5772,40278,32261,8578,28328,49784,33409,1763,7569,34892,11596,967,5827,35628,52930,10986,4765,51540,85,973,31143,35710,52959,11215,1933,34649,9798,8076,27564,62500,46781,476,20950,34825,29973,4754,11515,53055,57296,9396,6093,49178,18700,20866,15593,59516,40077,8424,23948,34427,11607,967,32155,49768,40343,30886,9950,32892,27976,5324,13502,34621,57026,20399,21470,51480,85,973,31143,34174,36786,8436,1936,54296,13061,31656,15593,35628,36758,12021,208,34888,11602,6026,29372,57199,33163,28136,31191,51480,25349,20866,15593,56440,35719,28136,24462,37400,8807,6849,28334,56931,35468,14290,7583,39243,12612,8135,26026,38444,33730,12775,23958,34890,10059,7373,12257,34617,55490,27827,23774,55320,29461,24031,30953,55673,39555,10991,21392,51474,27925,22673,15555,35628,52930,26022,2014,35919,11584,394,15589,64375,40333,12783,7319,51542,25368,13815,29088,34110,35724,28145,7579,45404,25353,23954,12777,34108,54994,26026,23246,50501,9989,983,26792,50277,49804,166,1680,51029,8800,6353,31655,57183,33435,27619,6834,35926,12612,31627,15593,35628,52930,26022,4746,33355,13323,6339,13501,56936,36752,11506,7569,49944,29445,18060,5856,35628,52930,26022,21470,40524,9792,22988,12473,53292,36768,12005,409,40023,10059,1014,29352,56191,40067,11235,2717,54296,29189,24031,30953,55673,39555,10991,21392,51474,27925,22673,15555,35628,52930,26022,2014,39513,27982,4309,26784,53028,40087,12775,7319,51542,25359,24466,13818,35590,52930,26022,21470,39192,1823,711,28349,53859,51146,25996,21470,35864,10059,31627,29356,41320,39656,14055,23957,39243,13380,22988,27055,51298,34710,11241,23254,51506,25349,1666,30113,52832,32962,12777,6878,47691,12614,459,22717,55401,40086,15593,6043,36120,18762,20866,15593,35628,52930,9199,12510,42871,2659,24549,32153,57214,36235,8426,13965,34902,12103,5575,32233,53090,41922,11495,13712,34890,9800,4226,30887,58924,34691,1000,4748,35925,4875,963,29356,35704,32899,26082,4787,34641,12643,7363,12972,49754,34705,10724,21403,33100,11584,20904,15593,35628,52930,26022,21470,39448,8789,8149,32153,57214,36235,8426,23254,51506,25349,20866,15593,52780,35468,25996,21470,51480,25349,1410,28584,34151,36757,12783,7894,40281,27981,4304,30887,50787,56010,26026,23238,50712,29189,22674,15555,35628,35778,8680,5876,36182,18700,7592,32678,51053,35010,11251,1949,34385,25419,5571,20141,56165,33426,28131,1692,40268,11594,31627,15593,35628,39808,12786,7569,43542,10825,722,31117,51327,32903,9442,1936,51531,25368,982,31164,35590,52930,10150,1931,34380,27979,8171,27065,59768,35207,11239,12484,34647,9803,1473,31457,50553,39553,10991,23440,34641,13909,22742,15555,35628,52930,26022,6878,51550,11596,1234,12989,55385,40071,11215,1678,48460,13148,20935,8692,60972,39820,27627,171,39773,11628,1234,18621,56181,49287,10955,139,43869,14160,7894,11687,50220,52880,11247,1678,51020,12400,967,29312,56956,47766,13823,21403,54277,1541,1228,12964,55385,40071,11215,1678,48460,13148,24519,29597,51321,52874,11762,7579,51506,25349,20866,15593,35628,52930,10662,4241,34137,11781,1229,31162,50268,52881,26043,7575,40008,27985,7922,30138,49784,32909,25996,21470,51480,25349,20866,15593,50988,36237,10727,4574,34636,11381,20945,15604,56942,39574,11241,13008,39514,12106,1495,19628,55395,39563,10991,31120,51480,25349,20866,15593,35628,52930,10986,4765,51540,9815,10702,8681,50732,39821,8437,7342,51019,25469,20879,26795,64354,40333,7592,21492,51480,25349,20866,15593,35628,33474,9961,8095,39704,12096,20987,15604,50273,40343,5603,145,45078,28165,4994,29373,50268,49297,20447,21470,51480,25349,20866,15593,35628,52968,26022,21470,51480,25349,20866,28905,51299,33411,9894,407,34139,25408,20895,29312,57215,32899,8421,7632,40541,7181,10749,22675,35108,55250,8629,5836,56074,8727,22656,5856,35628,52930,26022,21470,51480,25349,6337,32699,52832,41164,10471,21403,51461,7290,11258,13453,39470,56454,30384,16536,56158,28950,21443,5856,35628,52930,26022,21470,51480,25349,6337,32699,52832,45004,9960,7318,47434,10826,1484,8681,64812,36231,10994,16780,34582,13376,16778,10727,35616,49362,27827,21492,51480,25349,20866,15593,35628,36290,14319,8093,51037,11381,6353,30141,50531,54210,4262,6842,56149,11531,1735,11489,35616,35728,7658,21458,50440,12549,7623,13712,35590,52930,26022,21470,51480,25349,4738,28320,51055,49287,11477,5764,54296,5637,6374,11940,50466,39303,30126,21458,50440,29445,20878,13817,35590,52930,26022,21470,51480,25349,4738,28320,51055,49287,9412,6301,39775,13898,5580,29578,50272,56720,30886,12510,34135,12618,24465,28335,50787,43440,28100,18124,50445,28933,17559,15589,40510,51159,25996,21470,51480,25349,20866,15593,51244,40075,10725,23963,34938,10310,965,27046,53090,40118,11239,909,39769,11584,2241,8681,39724,55500,20403,21470,51480,25349,20866,15593,35628,34689,9972,5778,43798,12618,5318,20411,53605,48775,15855,8091,54296,29445,20904,15593,35628,52930,26022,21470,35352,12620,7617,12972,57942,35468,15843,20190,35608,14160,7894,12967,57942,35468,15843,22750,55320,25391,20866,15593,35628,52930,26022,4318,39761,12102,24519,32153,52862,39564,30886,4574,40269,11345,31692,15593,35628,52930,26022,21470,51480,25391,20866,15593,35628,52930,26022,8158,35415,12100,4738,28326,52834,52880,26043,7607,40267,11588,5313,29415,56425,45514,7641,14244,51984,8724,18322,32761,39742,35537,29876,4812,36107,27143,31627,15593,35628,52930,26022,21470,51480,11334,8144,28332,59426,40077,8424,8588,36185,13900,20945,15604,61273,33675,11176,1179,55312,25353,22674,15555,35628,52930,26022,21470,51480,8197,973,31143,34174,36786,8436,1936,54296,8197,971,28842,41321,52930,26022,21470,51480,25349,20866,15555,35628,52930,26022,21470,51480,12037,4813,28840,50732,38531,11458,21395,51461,8776,6614,29159,54125,36042,12787,7306,51030,8548,7889,27045,52856,34737,8444,11216,51476,13895,1494,29350,59938,40320,10729,1931,47709,14668,24519,13712,33068,56514,30632,21492,51480,25349,20866,15593,35628,33474,9961,8095,34840,10827,20943,15604,56440,35719,28136,6813,35402,9801,20878,5810,35628,52930,26022,21470,51480,25349,20866,15593,49759,35736,30886,9950,32892,29000,8076,27564,39716,52942,9451,14214,33873,25353,23954,29161,54125,34726,27883,31186,51480,25349,20866,15593,35628,52930,26022,21470,34938,10310,965,27046,53090,40118,11239,909,39769,11584,2241,8681,39468,52968,26022,21470,51480,25349,20866,25065,35616,49362,28850,21458,34685,11856,13452,28584,50533,48517,15602,5778,47126,8784,24006,23017,56930,49295,9411,6797,36438,10849,5328,26794,50277,49292,12489,23178,51506,25349,20866,15593,35628,52930,20390,21470,51480,25349,20866,15593,35628,32899,10479,12496,33879,12117,1479,30892,59446,32909,8424,1949,36624,11600,1473,29600,33634,58571,26022,21470,51480,25349,20866,15593,35628,52930,11493,4236,35924,1823,711,28349,53859,51146,25996,21470,51480,25349,20866,15593,52780,35468,20399,21470,51480,25349,20866,29356,41320,52930,26022,7579,49244,9775,5580,5827,50272,36737,26090,7338,39513,81,8141,32189,50533,40071,30886,15070,39510,8785,4812,12972,52834,50837,6873,10662,49532,29447,17051,11949,39273,56528,26599,23255,48434,8778,1489,29578,57186,34691,8424,23948,34934,9800,19586,17385,62291,43704,26542,4559,55562,9751,4753,32506,51260,57040,29876,4557,35850,29975,16528,32251,53055,51136,4492,4753,40267,11366,1484,30120,52834,49296,11477,5764,54296,5637,6374,11940,50466,39303,30126,21458,53514,28437,16514,15589,39201,51154,4492,4753,40267,11366,1484,30120,52834,49296,10966,6797,32844,11594,19586,18921,49736,56463,11176,1179,55312,25353,17295,11504,35616,49874,29862,23246,48434,8778,1489,29578,57186,34691,8424,23948,34938,10310,965,27046,53090,40118,11239,909,39769,11584,2241,8681,39468,47848,9449,1933,34427,14155,6339,31143,34174,42936,8680,2971,54296,31493,31634,29597,55405,44438,11241,4746,34641,12608,8588,28328,50537,52886,26043,4269,35914,11584,1253,5792,50950,36237,10727,10206,34903,14166,4334,29616,57209,54210,3238,144,34892,8267,24519,31143,33659,45501,8158,23482,55322,29508,16788,12026,38970,56705,30180,16845,55901,28947,17042,12200,35182,51147,4492,4753,40267,8809,7899,26812,64802,40071,11506,4765,43092,10825,8133,31140,57186,54210,166,1680,51029,9843,1488,32672,51053,33443,8943,7824,34653,27985,7904,26813,50787,47848,9449,1933,34932,11356,1495,21735,55651,38027,11241,4746,43092,10825,8133,31140,57186,54210,166,1680,51029,11373,6352,29619,57186,33411,10695,5271,33878,11584,24534,30107,50027,58518,10962,159,42316,14916,1229,12989,51804,35462,11247,21401,51461,1904,7371,29415,56425,57034,26026,17359,58129,11377,707,20669,53869,39821,27634,4782,35914,14155,19586,18665,51811,39569,10949,1936,32857,9803,31696,28867,51299,33411,9126,7563,40283,11340,20940,29882,56419,33206,14055,23434,32844,12113,24007,30953,55401,49793,11430,8333,35405,9798,721,5856,35628,52930,9458,6285,36118,9536,967,31457,50553,39553,10991,23440,58129,25349,20866,15593,35628,36242,10727,23442,40030,8267,6358,29350,33316,52968,26022,21470,51480,25349,20866,28905,51299,33411,12710,4753,40267,13921,4304,30141,50531,54210,29862,17872,51506,25349,20866,15593,35628,52930,10662,4241,34137,13061,6352,32164,53886,33185,10986,21388,51461,12364,1265,32682,55401,52881,11239,21402,34427,11337,17104,31463,50302,48271,1985,19414,50440,28933,16784,15589,39485,51154,10918,21388,40059,12631,8135,18621,52836,35727,1192,4253,34653,337,6352,29870,41336,52930,26022,21470,51480,25349,20866,15555,35628,52930,26022,21470,51480,12037,4813,28840,59436,32899,9456,13453,34378,13136,19586,21993,55394,36758,9960,23963,35926,27474,12029,18065,33608,57024,30693,16795,55817,28956,17095,11434,38964,56454,30390,16543,52062,27148,20904,15593,35628,52930,26022,21470,43544,11588,4308,23482,50302,40599,2984,7839,51549,25368,12029,18065,33608,57280,30692,16846,55901,28742,16832,11946,39017,56454,26596,31191,51480,25349,20866,15593,35628,52930,9413,1424,39513,12642,1229,12985,49759,35736,30886,9950,32892,29000,8076,27564,39716,52942,29876,24526,55576,25353,17302,5856,35628,52930,26022,21470,51480,25349,4321,27303,55405,40101,12521,23950,34408,10838,6358,29350,38444,48066,11458,16787,34582,13376,16778,15589,39739,52942,27062,16862,49160,25391,20866,15593,35628,52930,26022,12510,34649,8787,14033,29627,56185,44236,9959,5269,34378,11600,12998,28838,55651,52945,26043,1725,39754,11584,9686,31137,52833,44492,14311,31130,51480,25349,20866,15593,35628,52930,9413,1424,39513,12642,1229,12985,51790,34177,14305,1681,36182,12657,8131,27834,55661,32903,15589,20190,55576,29195,31639,15593,35628,52930,26022,21470,51480,8806,1996,28584,55627,39821,27638,7356,36170,12608,6385,31155,49756,35738,26090,21443,58120,25349,20866,15593,35628,52930,26022,4797,40790,12356,997,27046,34172,40101,12521,10126,34890,12363,4306,31163,51298,52891,26043,31183,51480,25349,20866,15593,35628,52930,9413,1424,39513,12642,1229,12985,57942,35468,15843,20190,53528,18704,20866,15593,35628,52930,26022,21470,34939,13643,707,28302,56931,49298,9430,5772,40278,32261,9602,32166,57215,33185,12776,6815,35926,18775,20866,15593,35628,52930,26022,21470,51506,25349,20866,15593,35628,52930,10662,4241,34137,8197,973,31143,35710,52959,11215,1933,34649,9798,8076,27564,62500,46781,476,20950,34825,29973,4754,11515,53055,57296,9396,6093,49178,18700,20866,15593,35628,52930,26022,21470,34395,11607,967,24551,55651,35724,6132,6047,40017,25430,20895,22684,50789,32972,13027,17366,51476,27165,20904,15593,35628,52930,26022,21470,35352,12618,5324,12987,51804,35728,12776,20190,43544,11588,4308,23482,50302,40599,25996,21470,51480,25349,20866,15593,41260,52930,26022,21470,51480,25349,20866,29605,51823,52878,12789,7308,35923,32261,14466,28583,51832,36236,27619,5776,49487,7290,11258,13453,39470,56963,29872,16541,55898,28993,17298,12029,35181,51147,25996,21470,51480,25349,20866,15593,55340,40086,12009,23963,34427,11337,20944,15604,55676,33675,14311,12423,34135,12618,20904,15593,35628,52930,26022,21470,39448,12625,6861,12972,50008,36235,11245,155,51531,25368,24467,5885,35628,52930,26022,21470,51480,25349,1489,29627,52839,47820,9460,144,34888,9815,4812,15536,35633,49362,20404,21470,51480,25349,20866,15593,35628,39569,10996,5781,47382,12612,8135,15549,35633,36769,13288,159,39807,13898,31698,15593,35628,52930,26022,21470,51480,25391,20866,15593,35628,52930,26022,8158,35415,12100,6274,29610,59746,52869,26043,7607,40267,11588,5313,29415,56425,45514,7641,14244,51984,31253,5521,31227,39230,36816,27812,31191,51480,25349,20866,15593,35628,52930,9967,7569,36474,4107,3019,15532,35633,43703,10479,24012,35926,27474,23954,12265,34622,57026,26026,16845,58129,25349,20866,15593,35628,52930,26022,4247,34647,9319,8588,28582,57189,33163,26088,21443,44397,11852,24464,31143,33659,49874,29862,24524,55576,30219,20878,11748,33338,52968,26022,21470,51480,25349,20866,30185,50287,44172,27617,4796,33371,12610,1229,30887,50255,33166,30452,20190,39192,10839,4303,26043,50255,33166,20468,21470,51480,25349,20866,15593,35628,36235,11241,5308,43798,8260,5833,29627,50553,47750,9460,144,34888,9815,4812,15536,35633,49362,28862,21492,51480,25349,20866,15593,35628,34754,10981,12688,51039,11367,5584,28332,49759,35736,11478,5766,51540,25368,31634,15593,35628,52930,26022,21470,51480,8268,8141,31627,61730,32939,8418,21382,51461,29981,20904,15593,35628,52930,26022,21470,32792,11334,13260,12974,51804,35728,12776,20190,43544,11588,4308,23482,50302,40599,25996,21470,51480,25349,20866,15593,41260,52930,26022,21470,51480,25349,20866,29605,51823,52878,9967,7569,36474,11366,8144,28332,38444,42946,14056,4746,35414,27968,5324,13502,62547,46266,28098,17116,55641,29459,17345,12281,39272,56531,30439,20890,49169,25391,20866,15593,35628,52930,26022,6878,34395,331,12997,28326,52834,49296,10949,7564,39773,8823,6342,28604,38444,48066,11458,23955,35926,27474,23955,11497,41253,52930,26022,21470,51480,25349,20866,32672,50531,35232,10949,7564,39773,4875,963,29356,35704,52959,9967,7569,36474,25391,20866,15593,35628,52930,26022,31198,51480,25349,20866,15593,35628,52930,10986,4765,51540,8268,8141,32133,52846,52878,26043,7607,40267,11588,5313,29415,56425,45514,7641,14244,51984,8468,4240,11258,51519,56786,8372,6092,34826,28695,22656,5856,35628,52930,26022,21470,51480,25349,4811,29350,51776,35712,27626,6829,35906,32261,9346,30093,39265,32972,13027,17110,51476,28437,16514,15589,33340,52968,26022,21470,51480,25349,20866,30185,50287,41612,10215,8091,43798,8260,5833,29627,50553,47750,9460,144,34888,9815,4812,15536,35633,58579,26022,21470,51480,25349,20866,15593,51301,32909,9418,5788,51028,9841,1498,8681,49708,48529,9971,5789,39499,8709,5580,17385,62291,43704,26542,6047,55900,8257,22656,29673,35710,45501,8158,23482,57114,24896,31627,15593,35628,52930,26022,21470,51480,8268,8141,32133,52846,49294,8402,1926,34427,11337,17104,8681,56108,34704,9451,2700,34427,11337,31696,15593,35628,52930,26022,21470,51480,8268,8141,32133,52846,49294,10944,1936,54296,1541,1228,12964,50250,39564,680,1937,34896,328,7629,5805,35628,52930,26022,21470,51480,25349,4811,29350,51776,35712,27626,5802,40256,10870,5336,8681,39468,58582,26022,21470,51480,25349,20866,15593,51301,32909,9418,5788,51028,2687,5580,25772,38444,54978,20401,21470,51480,25349,20866,15593,35628,36235,11241,4786,35930,27977,4338,31163,57186,54210,11430,7325,43862,18754,20866,15593,35628,52930,26022,21470,51506,25349,20866,15593,35628,52930,10662,4241,34137,14085,6390,28861,35689,52959,11215,1933,34649,9798,8076,27564,62500,46781,476,20950,35593,8727,18065,32506,38972,35792,8628,4812,55818,27143,31627,15593,35628,52930,26022,21470,51480,5969,1483,31141,63522,38027,26083,21443,44397,11852,24464,31143,33659,49875,26790,17352,51476,28437,16514,13820,35590,52930,26022,21470,51480,25349,1410,30109,51064,49287,10966,6797,32844,11594,19586,18921,49736,56463,11176,1179,55568,25353,17303,15589,34620,57282,27830,21492,51480,25349,20866,15593,35628,39618,11474,8074,51037,8807,6849,28334,56931,35468,14290,7583,39243,12612,8135,26026,38444,57282,25996,21470,51480,25349,20866,15593,57132,34742,10738,23963,35948,14173,19586,26857,55395,40086,11247,23449,32844,12113,22727,15555,35628,52930,26022,21470,51480,14085,6390,28861,34153,35766,12798,7357,34388,28759,19586,24553,51043,40077,27573,408,33879,1143,23008,10491,34617,56514,28850,21458,56330,27157,20904,15593,35628,52930,26022,21470,40216,10865,7638,12972,50250,39564,30886,14046,40022,27976,7908,26791,60450,39565,9454,12691,34135,18753,20866,15593,35628,52930,26022,21470,48460,14156,5326,18663,54121,48534,16367,21403,51461,29204,20904,15593,35628,52930,26022,21470,40216,10865,7638,12972,52824,39578,1246,6802,34655,9800,1484,8681,60972,39820,27627,5802,40256,637,6350,29358,52833,39564,2472,5531,58188,25349,20866,15593,35628,52930,26022,10122,40273,9801,9612,25772,65400,39824,9960,1951,51549,25368,8167,29116,65314,38535,4594,1676,35414,14148,24519,26760,50505,58502,26022,21470,51480,25349,20866,15593,65400,39563,8426,10704,34673,9793,20954,15604,40244,52968,26022,21470,51480,25349,20866,26857,49752,33430,27619,4782,35914,14155,19586,24553,50541,36756,757,7308,39245,25391,20866,15593,35628,52930,26022,31198,51480,25349,20866,15593,35628,52930,10986,4765,51540,1873,711,15530,35633,32939,12789,7583,35931,11531,1735,17377,62291,43704,26542,4559,34826,29718,5009,12281,52798,35536,9396,16588,49178,18700,20866,15593,35628,52930,26022,21470,44364,12352,24513,30106,52854,54210,4262,6842,56149,11531,1735,11745,35616,55503,27062,17374,51476,30484,31627,15593,35628,52930,26022,21470,51480,1873,711,12970,50268,34705,11506,7569,54296,5637,6374,11940,50466,39303,30126,21458,56077,25353,23954,12009,33339,52968,26022,21470,51480,25349,20866,26857,52808,36241,1960,4255,36435,11351,8151,18605,51838,40332,9462,5772,35414,25436,20895,5880,35628,52930,26022,21470,51480,25349,13782,28588,34159,35766,12798,20190,40216,12362,982,29344,33643,35718,9973,31191,51480,25349,20866,15593,35628,52930,498,155,51035,9841,1498,29578,50272,56720,30886,12510,34135,12618,24465,28335,50787,43440,28100,18127,50440,29189,16791,15589,40253,51154,25996,21470,51480,25349,20866,15593,57132,35750,9973,13776,34647,25425,20895,29324,50809,43212,11241,23946,34431,11089,7363,15555,35628,52930,26022,21470,51480,14085,5350,32698,65314,38535,5874,2455,51549,25368,31643,15593,35628,52930,26022,21470,51480,1873,711,12970,52824,39578,1246,6802,34655,9800,1484,8681,60972,39820,27627,5802,40256,637,6350,29358,52833,39564,2472,5531,58188,25349,20866,15593,35628,52930,26022,14218,39517,27974,5366,26801,55640,32919,9445,5770,54296,1541,1228,12964,52824,39578,14290,7563,34907,9809,12428,22973,53090,52968,26022,21470,51480,25349,20866,26857,52808,36241,8104,7607,35932,25437,20895,10993,35590,52930,26022,21470,51480,25349,1410,31117,51327,48844,14311,7579,51532,25368,4321,27303,55405,40101,12521,31118,51480,25349,20866,15593,35628,52930,25996,21470,51480,25349,20866,15593,50988,36237,10727,2014,33873,12608,4320,24251,35659,52959,11215,1933,34649,9798,8076,27564,62500,46781,476,20950,53256,10006,5264,12027,51774,51136,20399,21470,51480,25349,20866,15593,35628,34710,8427,12684,39769,1127,8844,26272,35689,52959,467,7831,50954,9803,22997,12536,39724,52942,27062,16606,58129,25349,20866,15593,35628,52930,26022,6794,35925,343,963,23435,64290,40333,12783,7319,51542,25368,13815,29088,34110,35724,28145,24526,55576,25353,23955,12777,33343,52968,26022,21470,51480,25349,20866,26857,50789,40071,9412,12684,51071,8807,6849,28334,56931,35468,10949,7314,55882,32261,12930,28838,55651,49361,14304,7825,44650,27495,16785,15589,39743,52942,30130,31191,51480,25349,20866,15593,35628,52930,11506,5779,43850,12612,14048,24295,55651,35718,5876,2455,47453,15180,7623,8681,39724,52968,26022,21470,51480,25349,20866,26857,50789,40071,9412,12684,51071,2687,5580,25772,38444,54978,20400,21470,51480,25349,20866,15593,35628,34710,8427,12684,39769,1127,8588,28328,50537,52886,26043,4797,40790,12356,997,27046,41340,52930,26022,21470,51480,25349,20866,15555,35628,52930,26022,21470,51480,12037,4813,28840,57132,33675,14307,4796,44874,12108,20942,15604,50501,39569,11239,5789,34582,13376,11914,17558,61270,52426,31926,6093,35850,28951,4240,13803,41253,52930,26022,21470,51480,25349,20866,30141,52833,44176,14311,6840,34132,4107,3019,15532,35633,43703,10479,24012,35926,27474,23955,11497,35616,49875,30118,31191,51480,25349,20866,15593,35628,52930,11506,5779,43850,12612,6372,28837,59682,36227,8941,7308,34637,65,7629,28326,35647,52959,14326,7831,39769,92,7629,28326,35590,52930,26022,21470,51480,25349,1410,29088,55657,36768,1012,8087,51028,11367,5584,28332,49759,35736,11478,5766,51540,25368,31634,15593,35628,52930,26022,21470,51480,10833,5327,24251,55661,34724,10730,10704,34673,9793,20954,15604,39988,52968,26022,21470,51480,25349,20866,26857,50789,40071,9412,13708,34129,27977,4338,31163,57186,54210,12710,7831,39773,8807,13264,5774,35628,52930,26022,21470,51480,25349,20904,15593,35628,52930,26022,21470,40216,9810,8135,24545,50541,36756,757,7308,39245,25353,31705,15593,35628,52930,26022,21470,51480,25349,20866,29593,49791,34710,11241,20190,48152,10849,17359,29415,56425,57034,26026,24526,55576,25353,22674,5861,35628,52930,26022,21470,51480,25349,20866,15593,49759,35736,30886,9950,32892,29000,8076,27564,39716,52942,29364,24526,55576,25353,18327,12512,35590,52930,26022,21470,51480,25349,20866,15593,60460,33168,13811,426,34649,13142,963,29356,53871,54210,30118,21492,51480,25349,20866,15593,35628,37826,26026,24014,56075,25353,8167,29116,60962,40323,11247,8345,36940,9801,13196,32680,34663,43970,12520,23955,34941,10838,5836,30093,52862,39553,10991,23952,40055,27217,20904,15593,35628,52930,26022,21470,58136,25349,20866,15593,35628,52930,26022,1162,35933,27467,6358,31140,59774,40067,11456,8082,51476,4190,3019,15532,35633,43703,10479,24012,35926,27474,23954,11497,35616,49875,30118,3799,51476,11345,707,22717,55673,39555,10991,24464,44056,13899,24527,32140,49791,35212,12757,8071,51037,10857,5324,28328,41253,52930,26022,21470,51480,25349,20866,15555,35628,52930,26022,21470,51480,14085,707,12962,52840,36750,28159,7306,39513,1873,983,26792,50277,49804,9126,7563,40283,11340,22988,5856,35628,52930,26022,21470,51480,25349,20866,15593,52581,44482,11239,4744,44619,11351,471,32233,53090,44482,11239,4744,44619,11351,471,19687,55661,32903,26098,7050,34653,25391,20866,15593,35628,52930,26022,21470,51480,25349,20866,28905,51299,33411,8358,6790,48460,9810,8135,8681,57132,35733,11235,12502,34649,8787,14033,29627,56185,52942,20477,21470,51480,25349,20866,15593,35628,52930,26022,21470,51480,25349,20866,29593,49791,34710,11241,20190,48152,10849,17359,29415,56425,57034,26026,17352,51476,28437,16770,12512,35590,52930,26022,21470,51480,25349,20866,15593,35628,52930,26022,21470,47640,14668,20935,15604,61273,33675,27572,5776,49487,28437,17282,11515,35616,49874,29094,23243,58132,25349,20866,15593,35628,52930,26022,21470,51480,25349,20866,15593,35628,40101,12521,10126,34890,12363,4306,31163,51298,52891,26043,31183,51480,25349,20866,15593,35628,52930,26022,21470,51480,25349,24031,11497,39202,49872,166,1680,51029,8800,6353,31655,57183,33435,27619,4796,33371,25353,8167,29116,60962,40323,11247,14233,39761,8256,6358,29350,57890,51084,25996,21470,51480,25349,20866,15593,35628,52930,26022,21470,58136,25349,20866,15593,35628,52930,26022,21470,51480,25349,20866,25772,57189,39350,8419,23952,34427,13128,5326,31165,37224,33185,11240,4251,49484,13891,4812,30141,50531,51146,25996,21470,51480,25349,20866,15593,35628,52930,26022,21470,51480,25349,12930,29352,51834,43409,10996,907,44290,12352,982,26022,33316,52968,26022,21470,51480,25349,20866,15593,35628,52930,26022,5854,36182,18700,20866,15593,35628,52930,26022,21470,51480,25349,8135,5805,35628,52930,26022,21470,51480,25349,8135,13741,35590,52930,26022,21470,35864,10059,31627,15593,35628,32903,27874,5876,36182,18735,4341,31165,50814,40067,26093,21443,34673,14166,8131,31146,50466,39303,6830,11169,44386,24845,18578,30970,52798,56528,9396,23260,58129,8818,5334,29115,55661,49289,9416,5779,54296,7173,10749,22675,35108,56530,29620,17100,57098,31508,5264,32506,51774,35537,30644,5836,36107,30487,22656,19395,57197,40071,9451,6284,47638,14668,20935,15604,61273,33675,27572,5776,49487,28437,17282,11515,35616,49874,30630,23240,48690,14148,967,32164,49278,48844,14057,1943,34385,25419,20895,22684,50789,49360,8424,23433,50952,28949,20878,12537,39724,57036,27060,17374,58129,8818,5334,29115,55661,49289,9412,6301,39775,13898,5580,29578,50272,56720,30886,12510,39757,9815,1484,29853,50793,49287,9412,6301,39775,13898,5580,19395,57197,40071,9451,6284,43798,8260,5833,29627,50553,47750,9460,144,34888,9815,4812,15536,35633,49362,28852,9460,40281,12608,4303,30651,59682,40077,8418,8332,37713,4928,2507,28844,38444,57026,4748,1951,39773,8776,6864,18151,50501,35718,26110,21443,55567,5167,1475,28332,51809,34192,5032,151,35665,9801,19586,24553,58691,42916,27585,4777,35916,11863,963,22946,51810,33408,8675,9460,40281,12608,4303,30651,64290,40067,11235,21386,51461,8310,5328,29356,56907,58507,10636,4241,34137,5125,13007,28326,52834,52880,26043,7607,40267,11588,5313,29415,56425,45514,7641,14244,51984,8724,18322,32761,39742,35537,29876,4812,36107,27143,31627,29086,50255,32912,14307,12496,39767,9803,9168,30888,56933,52881,26043,14251,33873,11531,1735,11489,35616,51156,4748,12435,39767,9803,24528,32153,52862,39564,30886,9438,40281,12608,4303,30651,41222,33717,12757,7308,35923,32261,14466,28583,51832,36236,27619,5776,49487,7290,11258,13453,39470,56963,29872,16541,55898,28993,17298,12029,35181,51147,4748,8339,39756,10314,24519,29578,50272,52880,26043,1725,39754,11584,9686,31137,52833,45004,9957,7579,58188,11890,1521,29627,52839,47820,11502,6301,35926,12374,19586,11753,39202,47592,5867,394,33367,27968,4338,31163,57186,54210,4774,1951,39773,8776,6864,5827,50272,36737,26090,7849,34932,9799,20942,15604,50501,39569,11239,5789,34582,13376,11914,17558,61270,52426,10167,4812,56843,8470,17042,31227,53054,36816,30388,23260,58129,11890,4334,31147,34144,34737,8444,20190,48152,10849,17359,29415,56425,57290,26026,17107,50442,29189,20878,13817,64518,41615,10215,8091,47382,12362,1483,29600,35682,52959,467,7831,50954,9803,22997,12537,40236,52942,27062,17374,58129,11890,4334,31147,34144,36768,12005,409,40023,10059,1014,29352,56191,40067,11235,2717,54296,29189,9896,20644,51565,33415,4520,2971,51532,25368,12029,18065,33608,57280,29873,17867,55646,29202,16835,10925,39018,55505,30176,17095,55390,29766,18327,10927,40254,55504,30432,17869,56926,29763,18116,11260,40042,55684,29363,17560,52062,18700,7413,32133,52846,49294,8402,1926,34427,11337,17104,8681,59436,33421,14313,24013,39774,11850,14064,13451,40766,49874,30630,17354,51476,30487,22679,19395,59233,35971,10723,13776,34647,25425,20895,29324,50809,43212,11241,23946,34431,11089,7363,29579,53088,47592,2539,4511,34141,5899,2503,20413,53605,52871,26043,31175,33903,8809,5312,12965,52824,39578,1246,6802,34655,9800,1484,8681,60972,39820,27627,5802,40256,637,6350,29358,52833,39564,2472,5531,58188,11890,4334,31147,34144,42936,8680,2971,54296,29701,31635,29086,51776,35712,27626,4782,35914,14155,19586,19433,57197,40071,9451,6284,58162,11337,4289,15525,56938,36236,11506,7569,33816,10308,13767,32187,52331,35971,8426,6102,34890,2882,8131,28845,34665,39618,14311,5785,44876,8791,5327,5856,35628,52930,10986,4765,51540,12609,5827,30126,52322,52942,14306,5279,34673,13909,24022,30953,51838,48517,9458,1932,51476,14166,963,19645,55395,52968,26022,6110,34890,2882,8131,28845,34153,32939,12534,12682,36445,11588,12952,29350,52834,39553,9134,7563,40283,11340,22988,29344,56956,51094,25996,21470,51480,25349,6274,15535,50533,39826,27634,171,39773,11628,1234,18621,56181,52871,30907,14046,40022,27976,759,28332,50501,39826,4594,903,51037,11368,727,24236,57209,33174,29928,7390,51530,11596,1234,12989,55385,40071,11215,1678,48460,13148,20935,8692,60972,39820,27627,171,39773,11628,1234,18621,56181,49287,10962,4235,51536,11089,8135,15555,35628,52930,26022,21470,51480,9989,4304,31662,50533,52869,26043,394,35917,25391,20866,15593,35628,52930,26022,6110,34890,4162,4310,26811,38444,34754,13800,1931,47382,12362,1483,29600,41314,52930,26022,21470,51480,25349,20866,26810,55661,48790,14057,20190,40216,12612,5317,23229,51838,35727,5544,145,40273,11340,31692,15593,35628,52930,26022,21470,51480,11596,1234,12989,49999,32899,8417,18842,34427,11595,4807,13501,56938,36236,11506,7569,49168,25391,20866,15593,35628,52930,26022,21470,51480,10757,20932,29344,56956,49302,14035,411,34673,13909,8918,32189,52856,54210,26043,7611,33869,5643,5329,21947,56162,39575,12757,1951,51037,11616,20934,29885,50537,52968,26022,21470,51480,25349,20866,15593,35628,52930,26022,6110,34890,9282,8139,15534,35633,36740,14058,31131,51480,25349,20866,15593,35628,52930,26022,21470,34653,18753,20866,15593,35628,52930,26022,21470,34653,27201,20904,15593,35628,52930,8358,6032,51506,25349,5250,30887,41253,52930,26022,410,36441,8813,5580,31141,57890,40588,12787,7101,34649,9794,19398,29578,50530,36231,28146,1688,35414,10833,8141,30177,56162,39575,20399,21470,51480,25349,20866,31392,49708,40588,12787,9936,35915,2647,460,26812,53848,35730,30886,21443,34685,11856,9356,31162,57982,40588,12787,2730,35912,3595,1229,31162,50241,35732,8427,1936,34328,25431,8139,27065,34168,40375,14307,7607,40008,5969,475,15532,38449,43970,12520,23955,39533,12608,8171,27065,65400,40603,27619,7338,35405,25421,6614,29356,35590,52930,26022,21470,51480,25349,5506,32187,57963,40588,12787,20190,32792,13131,1495,15555,35628,52930,26022,5854,36182,25391,20866,31209,53090,58571,26022,21470,39533,12608,8171,27065,63608,40071,11504,5789,40982,13131,1495,29834,50541,35717,32738,7357,34646,8256,22998,27055,51298,34710,11241,6870,39254,14160,31627,15593,35628,52930,26022,5527,32792,13131,1495,8681,35633,40070,8935,7607,40008,25425,8131,15533,55656,35203,11489,5264,40216,9805,31692,15593,35628,52930,26022,21470,51480,11337,4289,15525,52840,39566,26087,21443,34641,13909,24534,29593,49791,34710,11241,24286,36120,8791,8901,32189,57214,52968,26022,21470,51480,25349,20866,26857,55661,35717,1010,4748,35925,4875,717,26784,50277,52876,26043,14251,33873,27927,5324,13502,57215,40067,5618,145,45334,4107,4289,31141,35616,39569,14311,9098,39511,6923,16012,31407,52863,52886,26029,5786,40276,27972,24058,28649,51832,39568,10966,23949,51041,8310,7619,12460,55340,36758,12788,7342,51019,28028,6125,28591,57193,50626,8614,8091,34892,6667,31627,15593,35628,52930,26022,7579,58204,25349,20866,29356,33384,35816,8680,31220,34901,9806,998,31656,51819,33408,28131,4777,35916,11863,963,12450,64556,39555,14307,4755,33354,18700,4303,31138,55624,35203,9441,8092,49501,12131,4301,30141,52322,39584,27112,13790,34388,14148,8139,24238,50552,58571,10636,4241,34137,9477,8151,26794,50277,52876,9451,5781,35946,10838,4312,28843,33641,36746,8680,5778,51476,8785,5840,26796,55626,33667,27107,7902,34641,28530,7298,29344,33348,52968,26022,8158,35415,12100,898,28588,53605,32907,26081,21443,34910,12361,31687,15593,35628,33166,9445,21394,40267,12612,8662,28582,35616,39569,14311,8330,37713,18752,20866,15593,51812,35468,8426,15056,39254,14160,5344,32174,37218,33185,11240,4251,49484,13891,4812,30141,50531,34762,13800,1931,58129,25349,20866,15593,35628,34955,11430,912,40269,5643,5329,21947,56162,39575,15570,5774,54296,25368,8167,29116,65058,35729,3316,912,40269,14961,5330,20967,56931,35729,12484,1930,34647,25364,973,30185,56162,39575,4264,5773,41034,13131,1495,26013,52860,54210,26043,7611,33869,5643,5329,21947,56162,39575,15570,5774,48406,13898,6593,26857,52836,58508,26022,21470,51480,25349,20866,15593,52862,34705,11516,5264,54296,14085,1232,5804,35628,52930,26022,21470,51480,25349,1489,28328,64376,40333,30886,6878,39254,14160,8588,28582,57189,33163,20456,21470,51480,25349,20866,15593,35628,39569,14311,8330,37713,25408,20895,32189,52350,39559,14272,7839,51037,8548,7889,27045,52856,34737,8444,21492,51480,25349,20866,15593,35628,34754,13800,1931,43542,8781,5836,30892,59446,32909,8424,1949,36624,11600,1473,29600,33634,58571,26022,21470,51480,25349,20866,15593,35628,52930,9199,6878,39254,14160,9356,31162,57982,40588,12787,1965,40281,25408,19615,23017,56930,49295,14035,411,34673,13909,8918,32189,52856,43980,8680,2014,35920,18763,20866,15593,35628,52930,26022,21470,51480,25349,20866,15593,52862,34705,11516,5264,54296,9477,7619,31162,35590,52930,26022,21470,51480,25349,20866,15593,52780,35468,25996,21470,51480,25349,20866,15593,52780,35468,20399,21470,51480,25349,20866,29356,41320,52930,26022,7579,49244,25391,20866,18921,52863,42896,13800,1931,35947,13655,4811,12972,50501,39826,1778,4758,36438,10048,12952,29350,52834,39553,9134,7563,40283,11340,22988,29344,56956,51094,25996,21470,51480,25349,6274,15535,52862,34705,11516,5264,34840,10059,22914,29344,56956,49302,14035,411,34673,13909,9686,27824,35689,54239,166,1680,51029,12400,967,29312,56956,47766,13823,23963,34421,12368,15559,27302,50793,32903,26098,401,32792,13131,1495,18919,52863,42896,13800,1931,36972,9813,19586,15604,50505,33687,4264,5773,41034,13131,1495,26013,52860,47820,12521,7069,51473,11089,8135,15555,35628,52930,26022,21470,51480,12037,4813,28840,53036,33415,9458,20190,32792,13131,1495,19687,55395,39563,10991,21392,51477,14166,963,19645,55395,52968,26022,21470,51480,25349,20866,28905,51299,33411,11174,1179,51567,25368,4303,29885,50722,38531,10414,7575,51567,12618,17538,11517,35616,39569,14311,8330,37713,27968,20986,15586,52840,39566,27623,23206,51506,25349,20866,15593,35628,52930,10662,4241,34137,11525,1735,15489,35633,36751,11762,7888,37209,11789,8139,15489,55651,56002,30134,21458,40267,12612,8918,26272,34153,52923,26029,5786,40276,27972,22779,15555,35628,52930,26022,21470,51480,14085,963,31150,60792,36752,8427,8400,37713,25408,20895,22684,50789,49360,8424,23433,50440,11525,1735,12446,39724,52942,8424,15241,58129,25349,20866,15593,35628,32903,20450,21470,51480,11584,22726,31171,53090,58600,11477,5786,34906,25431,20895,29312,57215,32899,8421,7632,40541,7181,10749,22675,35108,55250,8629,5836,56074,8727,22656,5856,49759,35718,9444,23948,34934,9800,19586,17385,62291,43704,26542,4303,57098,8471,4240,30971,52798,35537,27812,8436,36177,8512,963,20455,53605,52871,26043,14251,33873,27927,5324,13502,34620,57282,30142,21458,50441,29445,31627,30106,52840,36736,27636,4796,33371,12610,1229,30887,50255,33166,30452,20190,43544,12624,5328,26791,50008,33671,27619,6829,35932,8775,31696,30106,52840,36736,27636,4796,33371,12610,1229,30887,55640,32899,13813,415,34653,14918,19586,11497,40738,58583,11477,5786,34906,27991,7904,30907,55657,34737,8444,6830,35904,25417,20895,5881,49759,35718,9444,23948,41058,10059,2503,8681,38956,48616,8687,4507,39769,4875,963,29356,35704,52959,9419,7575,39806,11844,31687,32164,52839,40102,8935,4761,34138,27456,6385,31149,51822,49808,2214,6815,44886,8791,5327,5856,50950,36237,10727,8414,36177,8512,963,29578,50558,40071,30886,15070,39510,8785,4812,12972,52834,50837,6873,10662,49532,29191,16835,11519,39279,56786,30690,16847,55897,24897,22667,20419,53093,35975,14311,7357,34634,12608,12940,28326,52834,48272,8679,1687,51531,25368,13815,29088,50466,39303,30126,21458,56073,18700,6385,31149,51822,44432,14313,5776,51018,8821,5328,26791,38444,48578,8687,4507,39769,18735,7886,32170,35680,35764,12788,4247,34137,10849,6356,31149,35710,52959,11215,1933,34649,9798,8076,27564,62500,46781,476,20950,53256,10006,5264,12027,51774,51136,20399,5800,40266,8268,7619,30093,49786,35718,27636,4784,35925,32261,11906,17558,61270,52426,31927,4812,36107,8470,18320,32763,52798,56784,10166,17868,53259,29975,5008,32251,53055,51136,5004,411,32844,8774,13774,27296,53093,40071,5800,2455,51549,25368,13815,29088,34110,35724,28145,24526,55320,25353,23955,11497,41253,35764,12788,4247,34137,10849,6356,31149,34174,33202,11509,6794,34647,32261,9346,30093,39265,32972,13027,17110,51476,29192,20878,12537,39724,58571,8400,1932,35409,12100,6374,30143,52840,49296,9412,6301,39775,13898,5580,29578,50272,56720,30886,12510,34135,12618,24465,28335,50787,43440,28100,17352,51476,29459,20878,10750,41253,35764,12788,4247,34137,10849,6356,31149,34174,36768,12005,409,40023,10059,1014,29352,56191,40067,11235,2717,54296,29445,17548,19139,55657,34710,9445,14226,40785,10060,967,24295,55651,35718,5876,2455,47453,15180,7623,8681,39724,47336,14307,6794,34907,1865,1995,30880,55657,46284,11215,5786,51520,25368,31638,31135,57214,36235,10727,6842,32846,9793,24528,32153,52862,39564,30886,8414,36177,8512,963,5827,49759,35718,14276,7583,51548,25368,8171,26810,50541,35713,11176,1179,46608,7034,13816,16097,51517,36816,29365,4557,55816,9751,5520,32251,38974,51136,20399,6829,35932,12647,8131,12973,52824,39578,30886,222,39756,11596,24517,29615,50814,39555,6830,11169,44386,24845,17045,9723,39742,57296,10165,5576,35338,29463,17040,11515,53055,56533,8624,6093,53514,10007,18068,32255,51518,56788,9392,4556,55822,8723,5008,11007,53050,57301,30385,6092,55311,29716,17555,12286,39738,35536,29873,16585,55566,31255,16784,11771,51519,57301,9136,17614,34825,10005,22656,15589,56911,40080,11235,10122,35920,9800,12428,32682,50537,44182,11508,7065,51020,25463,20872,10747,34617,44482,14323,5772,40278,11121,7367,12972,51277,35713,12776,444,36433,14157,13964,14057,39212,56279,26026,1725,39754,11584,9686,31137,52833,45004,9957,7579,43852,10839,6597,12989,35662,52936,28852,23243,47666,10060,13255,32187,53090,48332,9967,10134,37213,25425,20895,28349,52857,48616,8687,12699,34890,10059,14220,29350,35704,52959,11203,7819,44822,11594,24534,29582,50040,33667,10948,6034,47666,10060,13255,32187,53090,47820,15843,8330,37713,25408,20895,11000,63494,35467,2019,4748,36182,5899,2503,24509,51043,40077,26037,21443,34427,11337,17104,31463,50302,48271,1985,16854,56333,25353,17552,12540,39212,56279,20399,6829,35932,12647,8131,12973,50268,34705,11506,7569,54296,5637,6374,11940,50466,39303,30126,21458,57097,25353,23954,11753,33336,48616,8687,12699,34890,10059,8844,26272,35689,52959,467,7831,50954,9803,22997,12536,34348,56529,26026,24526,55320,27165,8872,30880,59753,36752,8680,10192,37213,6993,7651,31648,50786,32903,26098,21443,34685,11856,9612,25772,62328,33443,8943,7824,34653,27985,5345,26791,55657,48616,8687,12699,34890,10059,13196,32680,52327,33168,11251,10138,34890,12363,4306,31163,51298,52891,26043,31183,32875,9793,992,29352,34152,42936,8680,2971,54296,30469,8872,30880,59753,36752,8680,9168,39769,11584,20950,15604,49759,35718,9444,31116,34098,8266,7619,19689,50302,34692,8426,4797,36170,32261,14466,28583,51832,36236,27619,5776,49487,7290,11258,13453,39470,56448,30439,16585,55642,28737,17091,12203,39278,56530,26551,23255,47410,11351,6340,31141,51791,35472,2984,7839,51549,25368,12029,18065,33608,57280,30432,16794,56072,28956,17300,12026,39789,56711,30690,16799,52061,18700,1010,31398,51045,44423,14311,23962,32875,9823,19586,18921,49736,56463,11176,1179,55312,25353,17295,12537,39724,52942,29879,23242,47410,11351,6340,31141,51791,35472,5544,145,40273,11340,20940,15604,61273,33675,27572,5776,49487,28437,16514,12537,39724,52942,32181,31191,39784,9546,7627,24492,55661,49286,9412,6301,39775,13898,5580,29578,50272,56720,30886,12510,34135,12618,24465,28335,50787,43440,28100,17356,51476,29463,20878,11003,41253,40114,9193,8087,43613,12612,24518,32139,49263,40069,12521,6032,39788,11588,465,28328,50537,38785,30886,17118,47410,11351,6340,31141,51791,35472,1960,401,35932,4183,3019,19628,54117,33415,30886,17374,47410,11351,6340,31141,51791,35472,4520,2971,51532,25368,12029,18065,33608,52416,20399,430,36695,12108,12999,28328,34152,39843,10994,1724,40268,11594,7905,29605,35710,52959,9440,146,58205,12661,6093,28832,59497,40067,27618,15012,36182,15168,19586,10473,64262,33168,11488,5778,34939,10071,8588,28328,50537,52886,26043,6829,35932,8775,31696,28867,51299,33411,5542,7308,32862,9801,4321,30907,50255,32912,14307,20190,40984,12363,4310,32679,34153,35724,28145,11425,45920,27489,16512,11432,39738,56449,30390,16794,56073,28740,21446,13792,64262,33168,11488,5778,34939,10071,7905,29371,55657,44492,14313,5776,47946,10052,1227,15546,35633,43703,10479,7632,40541,29453,20878,13809,64262,33168,11488,5778,34939,10071,7905,29371,55657,48844,14311,7579,51532,25368,1010,31398,51045,44423,14311,31130,34098,8266,7619,19689,50302,34692,8426,4797,36170,14198,7888,31138,38444,42946,14056,4746,35414,27968,5324,13502,62547,46266,28098,17116,55641,29203,17089,12203,39272,56530,30642,20895,49169,4911,7888,30127,52832,36769,8692,1965,34378,9806,12940,28838,55651,54210,1702,395,35914,14155,6646,29100,34153,39601,10996,5781,47410,11351,6340,31141,51791,35472,12757,7308,35923,5899,6346,30634,52834,40337,30886,17118,47410,11351,6340,31141,51791,35472,12757,7308,35923,5899,4304,28583,51836,35728,9960,21383,51461,18708,1010,31398,51045,44423,14311,8346,39756,10314,24519,32153,52862,39564,30886,9182,34378,10819,5326,32138,53118,58600,10986,4765,51540,13668,1475,28328,55643,40579,8438,21388,51461,11628,1489,29352,52847,32972,13027,11478,45415,1919,21386,9721,53055,35792,30644,4812,49178,18700,2019,26792,55661,40117,13799,5774,51018,10870,5336,8681,65068,34726,30699,7632,40541,29453,20878,9469,35616,49874,29094,23238,43058,8787,4310,19387,51838,40594,14307,9168,39511,14156,7883,15527,35633,43703,10479,24012,35926,27474,24466,12540,34348,56016,26026,24526,56600,18700,2019,26792,55661,40117,13799,5774,51018,8807,6849,28334,56931,35468,14290,7583,39243,12612,8135,26026,38444,57282,1164,4744,34892,5207,4304,27833,55657,46284,11215,5786,51520,25368,31639,27272,57197,40067,14289,927,35912,27991,4338,31163,57186,54210,5542,7308,32862,9801,4321,30907,41222,33166,9445,21394,32875,9793,2019,26792,55661,54210,3238,144,34892,8267,24519,31143,33659,45501,8158,23482,55578,28947,17296,11948,39220,56963,30645,16795,56156,28996,21393,13792,63494,35467,1251,4744,34892,27991,6385,31155,38444,48066,11458,16787,34582,13376,16522,15589,34620,57282,26026,23246,47666,10060,12487,32191,51832,49296,9412,6301,39775,13898,5580,29578,50272,56720,30886,12510,34135,12618,24465,28335,50787,43440,28100,17356,51476,29463,20878,11003,41253,34737,8418,1471,40281,12612,14476,32164,52843,54210,5542,4754,35905,12375,13976,26796,55385,40071,11730,7819,34650,10820,12494,26042,51298,41674,9961,8095,34152,14916,967,18919,52863,42896,27106,14046,40022,27976,6646,29116,50542,34691,4586,903,51037,9837,5571,29850,57187,52942,11203,7819,48406,13901,5071,32167,51045,34737,8444,8400,37713,29248,16786,11697,39740,58571,11477,5786,40825,14148,963,18151,50501,35718,26110,21443,58125,10870,5318,27272,57197,40067,5544,415,34653,25425,20895,27272,57197,40067,14289,927,35912,18775,7592,32678,51053,48578,8687,12955,34894,8785,13008,28326,52834,52880,26043,7607,40267,11588,5313,29415,56425,45514,7641,14244,51984,8724,18322,32761,39742,35537,29876,4812,36107,27143,31627,30106,52840,39075,12775,415,34427,11607,967,24551,55651,35724,6132,6047,40017,25430,20895,22684,50789,32972,13027,17110,51476,27157,8872,30880,60009,36756,9458,12428,39767,9803,24528,32153,52862,39564,30886,8414,36177,576,4308,32189,41342,48616,8687,12955,34894,8785,8912,28349,49251,52871,26043,7607,40267,11588,5313,29415,56425,45514,7641,14244,51984,8724,18322,32760,51519,35537,30132,18380,34826,27143,31627,30106,52840,39075,12775,415,40299,11351,5321,18663,49764,34177,8424,141,54296,28933,17292,20419,53093,44935,9456,4746,47690,12625,6861,12972,50255,33166,26100,21443,34427,11337,17104,31463,50302,48271,1985,16854,56333,25353,17552,12540,39212,56279,20399,6829,35932,13668,1475,28328,57183,33168,8429,13008,39240,14921,1521,29627,52839,33199,8418,20190,44056,13899,24527,27784,51068,48539,14322,6289,42077,10058,24519,29579,53118,40071,5772,6039,43101,8787,4310,20411,55672,34189,27619,4782,35914,14155,19586,20457,53093,44935,9456,4746,58186,559,4308,32189,60542,36752,11490,7579,51532,25368,8171,26810,50541,35713,11176,1179,46608,7034,13816,16097,51773,55506,32182,6093,35850,8471,18320,32251,39486,36049,27812,31191,40825,14148,963,28302,53101,35723,12776,8656,40279,14148,7883,15527,35633,58578,13255,1951,39769,12642,5571,31136,57186,48844,14311,7579,51532,25368,6385,31149,56653,39555,14311,1965,34378,9806,31656,29605,51823,52878,11477,5786,32892,13142,4302,21168,50797,52871,26043,7607,40267,11588,5313,29415,56425,45514,7641,14244,51984,8468,4240,11258,51519,56786,8372,6092,34826,28695,22656,5856,49759,35718,11458,909,34900,3420,7363,12972,52824,39578,30886,12510,42871,2659,24549,26778,52862,33667,14307,7347,35932,8709,5580,17385,62291,43704,26542,5583,36107,29463,5009,32251,51262,36049,9396,4556,36622,8724,4753,32251,53055,51136,10918,21388,34420,8774,8654,32165,52853,49296,11458,909,34900,3420,7363,5804,49759,35718,11458,909,34900,3420,7363,12972,50250,39564,30886,14046,40022,27976,7908,26791,60450,39565,9454,12691,34135,18753,6385,31149,49736,40593,9450,15751,33881,27968,5366,26801,49759,35736,30886,17118,58121,10870,5318,30093,56191,36750,3071,7839,51037,9841,1498,29578,50272,56720,30886,12510,34135,12618,24465,28335,50787,43440,28100,18380,50440,28933,16790,15589,40766,51159,5772,6039,44381,12364,7634,26024,51778,35727,5544,145,40273,11340,20940,15604,61273,33675,27572,5776,49487,28437,17794,15589,34620,56258,27838,8436,36177,1856,715,28857,53869,36780,8427,8400,37713,25408,20895,22684,50789,49360,8424,23433,50441,28165,23962,11497,35616,56019,20399,6829,35932,10849,465,32165,58741,33667,27619,5802,40256,12657,8151,32170,52856,54210,166,1680,51029,9841,1498,28317,50553,36737,8434,13008,44108,10059,8872,30880,61289,40331,10742,2719,34934,9800,9612,25772,62328,33443,8943,7824,34653,25425,20895,29324,50809,47820,15843,11146,34169,9292,7372,29356,34168,35745,12776,411,47666,10060,13767,28576,51068,38787,9416,5779,43798,8260,5833,29627,50553,47750,9460,144,34888,9815,4812,15536,35633,58579,11477,5786,32892,13142,4302,21168,50797,49287,3292,6032,37213,32261,17538,20419,53093,43655,14063,8078,36953,8811,5327,19687,55661,32903,26098,21443,39784,9546,7627,24492,55661,58502,10636,4241,34137,4101,5579,18860,52863,32912,10471,21403,51461,11628,1489,29352,52847,32972,13027,11478,45415,1919,21386,32504,51774,55761,10165,16590,35850,10007,4240,12283,33326,58571,11477,5786,39533,12608,4300,31140,65314,38535,26098,21443,42619,1387,14059,20455,55672,36743,8427,16012,36183,25408,8131,15533,62547,46266,28098,17372,56158,28992,17299,12025,38973,56532,30644,16590,55897,24902,20875,28326,33580,45501,8158,23482,55578,24899,20875,13031,59180,36237,10727,8110,36953,12608,16268,29096,33385,48616,8687,9883,35915,11607,7363,12972,50250,39564,30886,14046,40022,27976,7908,26791,60450,39565,9454,31123,32875,9793,759,28332,51810,35727,4520,2971,47692,14668,20935,15604,41269,34737,8418,171,39773,8779,5327,18663,54121,44438,10729,401,51467,25368,7905,29605,39038,35020,10996,8595,43903,29197,16785,15589,38973,49874,29862,17354,58129,10870,5318,28572,55657,36748,8427,9168,39511,14156,7883,15527,35633,43703,10479,24012,35926,27474,23954,10473,35616,49874,29350,23244,47666,10060,9415,31162,50558,33667,27619,6829,35906,32261,9346,30093,39265,32972,13027,17110,51476,31496,20878,12537,39468,51158,5772,6039,48221,9814,8144,29096,34153,35766,12798,426,34637,8774,5334,8681,60972,39820,27627,5802,40256,12657,8151,32170,52856,45004,242,6032,47666,10060,9415,31162,50558,33667,27619,5802,40256,637,6350,29358,52833,39564,30886,14046,40022,27976,5366,26801,59988,34702,11233,5779,40278,11,8135,31165,41342,34737,8418,171,39773,8779,5327,24295,51309,35209,10996,7563,48476,8791,716,32185,52862,36236,26111,21443,58121,10870,5318,28572,55657,36748,8427,10704,34673,9793,20954,15604,41273,34737,8418,171,39773,8779,5327,19687,55661,32903,26098,21443,39784,9546,7627,24492,55661,58502,5772,6039,48221,9814,13264,30888,52843,54210,3238,144,34892,8267,24519,31143,33659,45501,8158,23482,55322,28999,17091,12286,39790,56529,30691,16794,56153,24854,22667,20419,53093,48007,8437,12684,36185,9794,9612,25772,35704,52959,6873,10662,49532,29447,16839,11690,39790,57300,30143,17823,55646,29463,16835,11515,39784,57219,26594,31191,32875,9793,759,28332,51790,35206,27619,7352,40278,32261,13442,27047,34145,33188,12776,13520,40279,8781,13263,28838,41320,34737,8418,171,39773,8807,5830,12972,52824,39578,11477,5764,54296,29701,8872,30880,65129,35729,2036,6047,35935,5899,2503,24509,51043,40077,26037,21443,40059,12631,8135,18621,52836,35727,1192,4253,34653,337,6352,29870,41336,34737,8418,171,39773,8807,5830,12972,51790,34177,14305,1681,36182,11366,7886,12219,38444,44482,14323,5772,40278,11121,7367,12972,51790,35206,20451,6829,35932,12400,967,32139,52328,49287,9412,6301,39775,13898,5580,28317,50541,40593,14311,7579,36955,32261,16770,12007,41273,34737,8418,171,39773,8807,5830,12972,50268,34705,11506,7569,54296,5637,6374,11940,50466,39303,30126,18128,51476,30472,23958,11497,35616,57051,20399,6829,35932,12400,967,32139,52328,49287,11477,5764,54296,5637,6374,11940,50466,39303,30126,21458,53504,25353,23954,11753,33336,48616,8687,9883,35915,343,5571,31150,61730,32939,8418,21382,51461,18704,6385,31149,55385,40071,9412,5274,51037,8821,5328,26791,38444,48834,10996,6808,35924,8806,5584,5827,50272,36737,26090,6829,35932,8807,5830,24492,55651,35724,26100,21443,34673,14166,8131,31146,50466,39303,6830,11169,44386,24845,4243,11001,51260,57040,8629,17100,34826,10006,22656,5856,49759,35718,9412,5274,43613,12618,5324,12987,50255,32912,14307,4780,32860,12368,19586,18921,49736,49295,8424,23433,50440,28677,31627,30106,52840,36768,8930,12443,39767,9803,24528,32153,52862,39564,30886,8414,36177,5696,5329,24251,53101,35717,20364,430,36695,12108,12999,28328,34152,33199,14067,13979,40278,12608,12952,29350,52834,39553,9134,7563,40283,11340,22988,5856,35628,52930,13042,5787,49494,12661,6093,28832,59497,40067,27106,2270,34938,10310,965,27046,53090,40118,11239,909,39769,11584,2241,8681,39724,56780,27059,12766,35417,9294,7888,29372,59496,33421,14313,21453,51461,13926,976,29356,65400,35722,8427,12496,39769,15937,20878,13049,40510,58571,26022,21470,40524,9792,22988,28313,52579,33419,1763,415,47708,12625,6861,12460,53292,40118,11239,909,39769,11584,2241,8681,39724,56524,26026,7357,34388,25431,20895,27018,55678,32903,4594,5782,35925,523,4801,29356,59768,34704,11745,3722,51476,27925,17552,5856,35628,52930,13042,5787,49494,13668,1475,28328,55643,40579,8438,24460,37400,10870,5336,8681,65068,34726,30699,7632,40541,29453,20878,12028,35616,49874,28838,23244,51476,11381,6353,30141,50531,54210,4262,6842,56149,11531,1735,11489,40482,52942,30635,24520,55576,25353,22672,12468,39724,56524,27059,14046,40022,27976,4327,30138,52322,39601,10751,23963,34938,10310,31627,15593,35628,39318,8419,23440,32875,9793,2019,26792,55661,39601,10996,5781,51476,5982,6346,30634,52834,40337,30886,16862,53526,28504,16770,12007,33337,52968,26022,2014,35919,11584,8842,30880,61289,40331,10742,2719,34934,9800,20878,18610,54121,44438,10729,401,51467,25368,1249,28347,50537,47766,8430,5779,43030,8262,8135,24253,49790,34437,14578,21458,50952,30231,31627,29356,33384,58600,14294,5521,34129,64,963,12973,50241,40343,2531,4763,35918,31,8141,31143,57199,35018,11251,1949,34385,27467,31627,15593,35628,39318,8419,23440,39784,9546,7627,24492,55661,49798,16038,4796,33371,12610,1229,30887,55640,32899,13813,415,34653,14918,19586,11753,34673,57026,30632,23243,51506,25349,1410,31166,50537,48842,10996,6808,35924,8806,5584,26778,50302,35721,26026,10117,34890,12363,4306,31163,51298,52891,26043,24527,43544,12106,973,8681,59436,40087,8436,1936,33132,11840,24519,26778,50302,35721,27131,17374,56086,27152,20904,15593,57132,35733,11235,13014,34894,8785,9936,32187,56188,40071,26026,8325,37713,25408,20895,22684,50789,49360,8424,23433,50440,30469,23962,11497,35616,54998,27055,9182,39511,14156,7883,15527,35633,43703,10479,24012,35926,27474,24466,12540,34348,56016,26026,24526,56600,15884,20878,13049,40510,58571,26022,21470,40524,9792,22988,30106,52840,39075,12775,415,40299,11351,5321,15589,65399,34698,12005,5776,39499,32261,17282,12007,34673,57026,30632,23243,51506,25349,1410,31166,50537,48586,8687,14235,39505,12117,2243,32135,52833,52942,4605,2971,43596,12106,973,15610,35633,33185,10986,16524,36630,11351,9167,24206,39204,57046,26026,18380,50440,28933,17558,25056,35616,49362,28852,31191,34653,27201,31656,29605,51823,52878,8406,5516,39806,11844,20935,15604,50501,39569,11239,5789,34582,13376,11914,17558,61270,52426,31926,6093,35850,28951,4240,13803,41253,35762,9204,440,33881,27968,6385,31155,38444,48066,11458,16787,34582,13376,16522,15589,39201,49874,30118,21458,56589,18700,5362,31419,55626,33667,27619,7342,32843,10833,8141,8681,65068,34726,30699,7632,40541,29453,20878,11512,35616,49874,29862,17867,58129,9845,6096,28303,50797,49287,9412,6301,39775,13898,5580,29578,50272,56720,30886,12510,34135,12618,24465,28335,50787,43440,28100,17871,51476,29972,20878,12027,41253,35762,9204,440,33881,27968,4320,30634,55659,39821,8680,426,34649,13142,963,29356,53871,54210,30118,18128,58125,9845,6096,28303,50797,49287,10948,6028,39773,10870,5336,30105,52852,52878,26043,31182,35944,9559,996,29096,34153,42936,8680,2971,54296,30469,8616,28332,60778,36752,8427,9168,39769,11584,20950,15604,49759,35718,9444,31116,34098,8266,7619,19689,55657,44420,14313,5776,51530,25368,8171,26810,50541,35713,11176,1179,46608,7034,13816,16097,51773,55506,9910,17356,36107,29207,4240,30970,33326,58571,8406,5516,34427,11607,967,24551,55651,35724,6132,6047,40017,25430,20895,22684,50789,32972,13027,17366,51476,27155,8616,28332,59498,40077,8424,23948,34920,9815,1484,8681,64300,40071,992,4748,35925,18735,7886,32170,35680,48804,2517,4511,34141,32261,14466,28583,51832,36236,27619,5776,49487,7290,11258,13453,39470,56448,30439,16585,55642,28950,17351,11949,39277,52433,27823,13812,47720,8809,5312,12965,52824,39578,30886,11486,45415,1919,21386,9721,52541,36307,28849,5576,56078,28947,22656,23235,63580,36782,8420,23954,34430,14155,19586,23017,56930,49295,10944,1936,44566,14154,4298,24228,51043,58502,5568,16301,35673,12096,9612,25772,63608,38027,26083,21443,58113,4963,15857,32424,51049,47820,15843,12426,34135,12618,20881,15604,50255,33166,30452,5584,34378,4424,13285,9441,34620,56514,30135,21458,56073,27157,14248,20377,51776,35712,27626,7342,32843,10833,8141,8681,65068,34726,30699,7632,40541,29453,20878,11512,35616,49874,29094,31191,47486,3958,5059,28844,63522,38027,26083,21443,44397,11852,24464,31143,33659,49875,26790,17356,51476,28437,16514,13821,60678,48562,9418,5788,51028,9841,1498,23953,49760,32901,8427,1936,54296,1541,1228,12964,52824,39578,1246,6802,34655,9800,1484,20711,52585,58518,5568,16301,35673,12096,13196,32680,52327,33168,11251,10138,34890,12363,4306,31163,51298,52891,26043,31183,47486,3958,5059,28844,61730,32939,8418,21382,51461,18704,8676,20634,51565,33415,5544,415,34653,25425,20895,31129,52606,40100,10471,31131,34098,8266,7619,19689,50533,41605,10215,8091,54296,2565,716,32189,51298,49287,8424,23433,46695,6525,23014,11755,39278,56707,30385,17308,56075,28992,17350,11944,35135,51147,5516,7575,42335,8516,7623,18663,54121,52886,26043,11425,45920,27489,16512,11439,39738,57043,29374,17867,57182,29975,18320,11951,38974,52353,20399,6830,36438,8809,5312,12965,50250,39564,30886,14046,40022,27976,7908,26791,60450,39565,9454,12691,34135,18753,6386,31655,51776,35712,27626,5802,40256,10870,5336,8681,37420,48872,11247,16281,35673,12096,9612,25772,59512,33421,14313,21453,51461,11366,7886,12219,52514,33168,6123,12729,56080,30231,20878,9464,34620,55746,27830,9204,34641,3906,5059,28844,64290,40333,12783,7319,51542,25368,13815,29088,34110,35724,28145,24526,55320,28437,16770,15589,37437,58571,11478,5264,34932,9799,24526,30106,52854,54210,4262,6842,56149,11531,1735,11745,35616,56527,27062,17374,51476,30484,31627,30105,52322,36782,8420,23954,35948,14173,12538,30117,50539,35727,12776,20190,44056,13899,24527,31133,57204,44986,11498,7577,35925,14155,15756,31404,41336,34738,8936,4786,35930,27977,4320,30634,55659,39821,8680,426,34649,13142,963,29356,53871,54210,29862,9204,34641,3906,5059,28844,61730,32939,8418,21382,51461,18704,6386,31655,51776,35712,27626,4782,35914,14155,19586,19689,55657,43140,9460,5779,58162,11337,4289,15525,49752,35727,9418,5788,51540,25368,8171,26810,50541,35713,11176,1179,46608,7034,13816,16097,51517,36816,29365,4557,55816,9751,5520,32251,38974,51136,20399,6826,35925,8809,5312,12965,52824,39578,30886,11486,45415,1919,21386,32504,40252,56530,9398,18121,36622,9490,6037,10750,52539,35029,28849,5577,36623,27143,9640,29088,59241,35971,10723,13776,34647,25425,20895,29324,50809,43212,11241,23946,34431,11089,7363,29579,53088,47848,10479,16283,35673,12096,9612,25772,63608,38027,26083,21443,58113,10865,5327,32133,52846,49294,8402,1926,34427,11337,17104,8681,59436,33421,14313,24013,39774,11850,14064,13451,39741,49874,29862,17350,51476,30231,22679,18627,50789,41607,10215,8091,47382,12362,1483,29600,35682,52959,467,7831,50954,9803,22997,12537,39468,49874,30118,21458,56587,18700,6390,31140,51776,35712,27626,6829,35906,32261,9346,30093,39265,32972,13027,17110,51476,28936,23954,11497,35616,56019,20399,6826,35925,8809,5312,12965,52824,39578,1246,6802,34655,9800,1484,8681,60972,39820,27627,5802,40256,637,6350,29358,52833,39564,2472,5531,58188,10865,5327,32133,52846,49294,9412,6301,39775,13898,5580,28317,50541,40593,14311,7579,36955,32261,16514,18627,50789,41607,10215,8091,45846,11628,5318,15537,35633,58583,11474,5779,34932,9799,24526,32153,52862,39564,30886,9182,39773,1347,4304,31140,41222,33166,9445,21394,39774,11844,12999,27046,57186,54210,30118,8180,35415,12100,7554,28584,60792,40338,13779,4762,35916,32261,1410,32672,33639,58571,6028,7563,35947,13655,4811,12972,52830,35468,14307,1965,39261,9813,19398,29578,50530,36231,28146,1688,35414,10833,8141,13793,35590,52930,9126,4748,35925,11366,8151,15549,35633,40068,10471,12443,40023,14155,23170,11753,35590,52930,10662,4241,34137,11525,1741,8681,57132,36235,28141,31191,51480,25349,6091,29417,56419,50114,10662,159,44876,12373,503,32173,52856,53442,26043,24014,51469,11089,8135,15555,35628,52930,26022,8158,35415,12100,4738,28348,52862,39564,13760,21389,51461,8776,6614,31463,50272,40077,9134,4748,35925,11366,8151,15549,35619,32970,13033,24286,34072,12356,14294,28601,56153,36742,8434,23255,51506,25349,20866,15593,60716,48562,9418,5788,51028,9841,1498,8681,62508,46781,476,20950,53256,9492,4755,10750,52538,51136,27558,21456,34380,14166,6352,31655,51236,40087,8436,1936,39294,27222,20904,15593,35628,52930,9126,4748,35925,11366,8151,15549,35633,58578,26022,21470,51480,25349,4302,26810,56138,48017,8694,1951,51549,25368,7884,5822,35628,52930,26022,21470,51506,25349,20866,15593,50988,36237,10727,990,34641,5442,7619,8681,39724,52968,26022,21470,51480,13061,4289,28837,52516,32919,12773,7319,49494,18700,20866,15593,35628,52930,26022,21470,32840,9291,4340,15525,35633,36751,11762,5584,34388,12618,8842,32189,55416,35761,13300,4247,51037,9835,1750,28326,34151,35761,13300,411,40299,14148,14545,31165,61537,45501,8158,23482,55578,28999,17095,11947,40297,57220,30688,16840,56073,24861,11403,23539,57193,36788,12522,23451,49169,25391,20866,15593,35628,35778,8680,31191,51480,25349,20866,15593,49756,35212,9418,5788,51028,9841,1498,8681,62508,46781,476,20950,36617,29973,16530,9465,40507,35028,27812,24030,51478,11345,1489,30139,52322,40650,11247,9625,34137,25356,24460,17385,62291,43704,26542,5576,56074,8214,22656,5827,35628,52930,26022,21470,34388,8774,20942,28844,56173,35729,26082,21443,34901,11089,6028,29605,55651,32970,13033,24286,39448,12614,459,20413,51832,39568,11474,5779,58129,25349,20866,15593,35628,33166,9445,21394,39760,25430,20895,32164,50040,35020,10986,401,35856,8777,722,30892,33836,56770,30128,23246,51506,25349,20866,15593,50988,36237,10727,7902,34641,25430,20895,32164,50040,35020,10986,401,49424,12096,451,31162,35688,52935,29621,17358,51473,25354,16788,5856,35628,52930,26022,21470,34388,8774,20942,31162,55407,54210,8358,4754,39496,10048,21634,10985,41276,52930,26022,21470,51480,11337,4289,15525,49784,35727,12757,21388,51461,14166,6352,31655,52514,40077,9451,23434,46695,6525,23014,10987,40045,55684,30690,17564,57101,29764,18116,11949,40046,55511,29415,17560,56156,24903,23947,29929,55422,52942,11499,144,51476,9814,705,5856,35628,52930,26022,21470,32876,9800,4334,31147,34144,35766,12798,20190,46616,7034,13816,16097,51517,55506,30646,4814,56335,9491,22656,13033,35618,34710,8427,1965,58186,25349,20866,15593,35628,52968,26022,21470,51480,10757,20932,21386,60738,43435,4776,1951,39773,8776,6864,29324,51565,35726,26082,7050,34653,25391,20866,15593,35628,52930,26022,9438,42325,8516,7623,18663,54121,52886,26043,1933,32842,9291,6028,28326,51809,50838,6873,10662,49532,29191,16533,11004,39786,57301,30183,17818,55902,29974,18372,11944,40302,56964,29887,17048,57179,28739,18321,10927,39277,55424,30688,16588,57179,28739,18321,10927,39021,52353,27055,4318,39757,9815,1484,27791,34687,40642,11247,9625,34137,25353,6358,31140,57183,51088,25996,21470,51480,25349,5250,30887,35590,52930,8358,6032,35890,10059,31627,28867,51299,33411,4518,4511,40314,75,8141,32189,50533,40071,30886,15070,39510,8785,4812,12972,52834,50837,6873,10662,49532,29191,17345,12202,39272,56530,30645,16845,56078,28948,16794,12272,39272,56455,30644,20895,49169,5935,5059,26763,59490,32909,9458,7575,39773,3339,7363,15532,35633,45501,8158,23482,55322,28998,17300,11947,39277,56454,30435,17050,56154,28992,16582,11946,39023,56454,30646,16845,51979,18700,4342,24235,50552,33185,12776,6815,35926,27991,6385,31155,38444,48066,11458,16787,34582,13376,16522,15589,39457,49872,29862,21458,56085,29975,31627,32157,59758,32918,10949,1936,32857,9803,24528,29593,49791,34710,11241,20190,48152,10849,17359,29415,56425,57034,26026,24520,55576,25353,16528,13809,65286,35971,12740,12432,34647,8785,8139,28332,59682,36227,8941,7308,34637,5953,4304,28583,51836,35728,9960,21383,51461,18708,4342,24235,50552,33185,12776,6815,35926,27991,7904,30907,55657,34737,8444,6830,35904,25417,20895,5881,51800,44160,11250,7357,40278,10820,5324,12987,51295,33168,10730,4796,48458,10829,6849,31143,55423,54210,30630,10228,35673,14183,13004,29350,51832,32907,14307,8400,39771,12106,13262,28328,50757,35203,1763,8081,39767,25366,20895,27018,55678,32903,4594,5782,35925,523,4801,29356,41336,36790,2020,7562,34427,14155,6339,31143,34174,36769,13288,159,32875,9823,19586,18921,49736,56463,11176,1179,55568,25353,23954,11497,35616,51154,4492,4511,40314,75,8141,32189,50533,40071,1192,1931,33879,14148,4811,32138,56674,40323,11477,5764,54296,1541,1228,12964,56909,33174,9451,6794,47707,14668,24519,5776,51800,44160,11250,7357,40278,10820,5324,12987,51023,40587,501,155,35931,10059,8131,28605,38444,39618,12532,31131,34924,327,8150,29578,57186,34691,8424,23948,41058,10059,2503,8681,40748,47848,10215,1980,43606,11594,4310,29344,55657,48844,14311,7579,51532,25368,6385,31149,51822,58512,9458,8092,51037,11596,5329,26811,57124,35722,8427,6834,40267,11584,967,12986,51277,35713,12776,24461,48408,8516,1504,24487,50531,36758,11247,411,58129,12079,4813,28840,65324,35971,11466,1933,34932,11356,1495,8681,57900,40332,9458,4240,51037,9803,22997,17302,61780,50854,29860,17311,55566,28950,17044,12202,39790,56529,30435,16840,55816,28740,21440,13792,65286,35971,11466,1933,34932,11356,1495,19687,53101,34694,8936,20190,48152,10849,24527,31143,33659,49874,29606,31191,34924,3911,715,20669,53869,39821,27634,7341,40266,12650,5318,15547,35633,32935,10483,8400,39767,3153,5584,28332,59170,38787,12521,15498,36170,12608,9640,32424,49728,39569,9418,7303,40269,4875,963,29356,35704,52959,9426,12700,34636,11366,1484,30120,52834,58512,1676,7569,35916,14155,996,29096,35689,52959,11215,1933,34649,9798,8076,27564,62500,46781,476,20950,53256,10006,5264,12027,51774,51136,20399,7357,40278,11584,14294,32187,52833,41164,10471,21403,51461,7290,11258,13453,39726,56449,30646,16591,56154,28996,17043,11435,38965,56454,30691,16844,52057,18700,7905,26791,50537,43158,9460,5779,47638,14668,20935,15604,61273,33675,27572,5776,49487,28436,23682,9464,34620,57282,26026,23246,43570,11594,5334,26791,55626,33667,27619,7342,32843,10833,8141,8681,65068,34726,30699,7632,40541,29453,20878,9464,34620,57026,26026,23246,43570,11594,5334,26791,55626,33667,27619,4796,33371,12610,1229,30887,50255,33166,30452,20190,43544,12624,5328,26791,50008,33671,27619,7357,40278,11584,31702,29578,57186,32903,1010,4748,35925,267,4803,31650,50302,32919,4578,4748,39510,8789,5328,32679,35701,52959,27574,16847,43570,11594,5334,26791,55626,33667,27619,7356,36170,12608,6385,31155,49756,35738,26090,21443,58120,11366,1484,29356,60792,36752,8427,12496,32852,12373,5350,32698,50537,36742,12776,21389,51461,12625,5335,24515,50531,35734,12776,440,33881,27968,14584,30887,54121,54210,30374,12532,34647,9809,1484,28303,50797,49287,9430,5772,40278,32261,15490,30120,60770,36752,8427,31220,34388,8774,20942,29578,57186,32903,1778,401,35926,25431,20895,29312,57215,32899,8421,7632,40541,7181,10749,22675,35108,36819,29622,4302,55562,10006,16528,32251,53055,51136,20399,7357,40278,11584,13014,28326,52834,49296,10949,7564,39773,8823,6342,28604,38444,48066,11458,23955,35926,27474,23954,11753,33342,44520,11241,5770,40278,11366,8144,28332,64290,40067,11235,21386,51461,11366,1484,29356,60792,36752,8427,31220,34388,8774,20942,31105,53101,40071,30886,15070,39510,8785,4812,12972,52834,50837,6873,10662,49532,29447,17051,11949,39273,56528,26599,23255,41266,8768,5318,12987,49759,35736,30886,9950,32892,29000,8076,27564,39460,52942,27062,17374,51476,29969,31627,31105,53101,40071,1960,4255,36435,11351,8151,18605,51838,40332,9462,5772,35414,25436,20895,5880,52804,35459,14307,10704,34673,9793,20954,15604,41279,35754,8679,411,47382,12612,8135,15549,35633,33185,12776,7579,44876,8791,5327,29123,49261,43655,9460,5273,35673,9801,14730,32172,52840,49808,2214,6815,44886,8791,5327,5856,50950,36237,10727,10206,40273,9801,4334,31147,35680,52959,11215,1933,34649,9798,8076,27564,62500,46781,476,20950,35593,8727,18065,32506,38972,35792,8628,4812,55818,27143,31627,30109,51064,41607,10215,8091,48406,15168,20950,15604,62547,46266,28098,17372,55388,29508,16788,11514,40302,57220,30181,17055,55386,29511,16788,11512,39476,52353,20399,6826,34124,3904,5059,28844,60706,32909,26098,21443,34685,11856,14220,29350,34168,33189,11762,7839,34426,10057,9640,26784,52832,36782,8420,23954,35948,14173,6385,31155,38444,57282,20402,6826,34124,3904,5059,28844,65314,38535,1778,8081,39767,25366,20895,29578,50272,56720,9128,7308,47957,354,17290,10748,35616,56272,27059,16862,56333,18700,6390,28861,59241,35971,10723,9168,39511,14156,7883,15527,35633,43703,10479,24012,35926,27474,23954,12009,34620,57026,26026,16847,58129,10865,7638,20652,51565,33415,5800,2455,51549,25368,13815,29088,34110,35724,28145,24527,50200,28948,23959,11497,35616,57040,20399,6826,34124,3904,5059,28844,65314,38535,7666,8127,36433,11851,8135,15549,35633,32935,10483,10192,37213,6993,7651,31648,50786,32903,27634,5810,40286,5935,1483,31141,51776,35712,27626,4796,33371,12610,1229,30887,55640,32899,13813,415,34653,14918,19586,11753,65286,39563,8426,4786,35930,27977,14584,30887,54121,54210,29094,10228,40273,9801,4334,31147,34144,36786,8436,1936,54296,2821,4295,31149,41342,33512,9961,8095,47640,8768,4816,21921,50287,44172,12787,7306,51542,25368,8171,26810,50541,35713,11176,1179,46608,7034,13816,16097,51517,36816,29365,4557,36104,8726,5009,32506,39742,57296,27812,31191,35947,12612,6593,32640,50531,39840,12786,7569,47638,14668,20935,15604,61273,33675,27572,5776,49487,28437,17282,12541,39724,52942,29108,31191,35947,12612,6593,32640,50531,39840,12786,7569,47382,12362,1483,29600,35682,52959,467,7831,50954,9803,22997,12536,34348,56539,26026,24526,55320,27157,8872,32172,51326,42890,10981,12688,40269,11345,24524,32139,49263,40069,12521,6032,34427,11337,17104,8681,59436,33421,14313,24013,39774,11850,14064,13451,40766,52942,29108,21458,53514,18700,5361,28328,50031,36267,11241,1724,40268,11594,13196,32680,52327,33168,11251,10138,34890,12363,4306,31163,51298,52891,26043,24014,58123,9846,963,29866,51269,32909,12484,1930,34647,5899,2503,15549,35633,45501,8158,23482,34842,9493,6034,32251,52540,35026,26548,31191,35947,12612,6593,32640,50531,39840,12786,7569,44822,11594,20950,15604,50505,33687,936,7569,51020,11362,6614,29096,63494,36743,9972,14998,34395,331,1495,29629,34146,35766,12798,6829,35906,32261,16514,5880,52831,40067,11749,4279,34647,13927,1494,29350,65314,38535,1778,8081,39767,25366,20895,29578,50272,56720,9128,7308,47957,354,16522,11505,35616,54995,27062,17118,55553,18700,5361,28328,50031,36267,11241,1724,40268,11594,12428,26812,59747,39575,10994,12432,34135,12618,19586,31465,51053,35729,5772,4763,35402,2637,7873,24231,57209,33174,27624,15012,36182,15168,19586,10729,63494,36743,9972,14998,34395,331,1495,29629,34146,36786,8436,1936,54296,2821,4295,31149,41342,35459,6114,919,34120,27456,5361,28328,50031,36267,11241,1724,40268,11594,31627,28867,51299,33411,5798,4763,35402,2637,7873,24487,55651,35724,26100,21443,34673,14166,8131,31146,50466,39303,6830,11169,44386,24845,4243,11001,51260,57040,8629,17100,34826,10006,22656,5856,52831,40067,11749,4279,34647,11366,8144,28332,59426,40077,8424,8588,36185,13900,20945,15604,61273,33675,11176,1179,55568,25353,22676,20419,51817,36240,3310,7325,43606,12618,5324,12987,51804,35728,12776,20190,47640,8768,4816,21921,50287,44172,12787,7306,58198,12079,4813,28840,58924,32907,10479,2455,43869,14160,7894,15527,35633,32939,12789,7583,35931,11531,1735,17377,62291,43704,26542,4559,34826,29718,5009,30969,51775,36049,10165,17356,55306,27143,31627,30084,49762,34703,8444,1724,40268,11594,8844,26272,35689,52959,467,7831,50954,9803,22997,12537,39212,49878,30118,21458,56586,18700,6383,30119,49761,35736,12484,1930,34647,4875,717,26784,50277,52876,26043,14251,33873,27927,5324,13502,34621,50114,29104,21458,50440,29189,22674,20931,50533,33675,16367,12699,40269,11345,24524,32139,49263,40069,12521,6032,34427,11337,17104,8681,59436,33421,14313,24013,39774,11850,14064,13451,40766,52942,29108,21458,53514,18700,6383,30119,49761,35736,12484,1930,34647,267,4803,31650,50302,32919,4578,4748,39510,8789,5328,32679,35701,52959,27574,31181,32885,10827,6351,31155,56910,39574,11241,10192,37213,25425,20895,17302,61780,50854,9380,4250,36190,24903,31627,30084,49762,34703,8444,1724,40268,11594,14220,29350,35704,52959,11203,7819,44822,11594,24534,29582,50040,33667,10948,6034,42034,11596,7371,26272,59753,39575,10994,23952,35948,14173,6385,31155,38444,57282,20406,6835,32854,10824,5336,27019,57208,32909,4520,2971,43596,12106,973,15610,35633,33185,10986,16524,36630,11351,9167,24206,39460,57050,26026,19407,50440,29189,16795,5856,49729,34700,11499,5764,40058,14161,8141,24039,57209,44173,12787,7306,43606,12106,973,8681,52524,33411,8437,16116,34641,11852,3019,24236,57209,33174,27624,15012,36182,15168,19586,10473,58886,32907,10479,2455,43869,14160,7894,12967,51804,35728,12776,20190,41240,8768,5318,5819,53101,48262,13807,8078,49501,10856,6348,30116,52854,39840,12786,7569,58129,12079,4813,28840,58924,32907,10949,7564,39773,32261,14466,28583,51832,36236,27619,5776,49487,7290,11258,13453,39470,56963,30128,16797,55816,28993,17299,12200,35176,51147,2188,7575,34427,11607,967,24551,55651,35724,6132,6047,40017,25430,20895,22684,50789,32972,13027,17366,51476,27155,15528,29344,50255,32912,14307,9168,39769,11584,20950,15604,49729,34700,11499,5764,40058,14161,8141,5827,50272,36737,26090,1688,35414,10833,8141,18921,51042,36749,1250,8082,49168,25391,20866,30185,35690,40331,9941,6796,40264,9825,1489,29627,52853,52870,11762,7579,39704,14144,983,15527,50537,58502,26022,21470,39505,8310,6352,26809,52808,39569,10996,5767,51548,25368,982,31164,35590,52930,11430,21400,35435,9815,8135,27022,35685,34454,11235,8414,39771,9792,14028,30140,61238,40327,14322,2705,49168,9733,5580,31171,53090,58600,10986,4765,51540,12134,717,24236,57209,33174,26088,21443,34673,14166,8131,31146,50466,39303,6830,11169,44386,24845,5011,32251,39999,36049,8630,4813,35595,8470,16784,11771,33326,58571,10693,145,43869,14160,7894,12967,49759,35736,30886,9950,32892,29000,8076,27564,39716,52942,29108,21458,50440,28933,22678,24515,50272,35729,12484,1930,34647,4875,717,26784,50277,52876,26043,14251,33873,27927,5324,13502,34621,50114,29621,21458,50440,29189,22674,24515,50272,35729,12484,1930,34647,267,4803,31650,50302,32919,1762,8081,39767,25366,20895,29578,50272,56720,9128,7308,47957,354,17290,12541,39212,49878,30630,23238,43570,11337,5329,27019,57208,32909,1960,4255,36435,11351,8151,18605,51838,40332,9462,5772,35414,25436,20895,13049,41279,33441,14057,12699,40269,11345,24524,31133,57204,54210,6822,11169,44386,24845,18067,13803,59398,33166,8437,1724,40268,11594,14220,29350,35704,52959,11203,7819,44822,11594,24534,29582,50040,33667,10948,6034,43570,11337,5329,27019,57208,32909,4520,2971,47692,14668,20935,15604,39485,44520,10986,5773,40058,14161,8141,18663,54121,44438,10729,401,51467,25368,7905,29605,39038,35020,10996,8595,43903,29197,16794,15589,37693,49874,29862,17351,58129,12134,717,24236,57209,33174,27624,1727,34380,13927,1494,29350,50255,33166,26100,21443,34910,12361,31687,28810,55395,44167,12787,7306,51030,2687,5580,25772,38444,56002,1676,7314,35915,13927,1494,29350,64290,40067,11235,21386,51461,9837,5571,28332,51718,35462,11476,910,35924,13,7886,31162,56910,39574,11241,31191,34098,8266,7619,24553,50272,35729,10949,7564,39773,32261,14466,28583,51832,36236,27619,5776,49487,7290,11258,13453,39470,56963,30128,16797,55816,28993,17299,12200,35176,51147,1676,7314,35915,11366,8144,28332,59426,40077,8424,8588,36185,13900,20945,15604,61273,33675,11176,1179,55568,25353,22676,24515,50272,35729,10949,7564,39773,4875,963,29356,35704,52959,10693,145,43869,14160,7894,5799,63750,40327,16367,15259,34649,12097,20935,15604,50501,39569,11239,5789,34582,13376,11914,17558,61270,52426,29622,16844,35850,31511,4240,30969,51775,36049,10165,17356,55306,27143,31627,31131,49791,35736,9422,6032,35924,3339,7363,15532,35633,45501,8158,23482,55322,28993,17091,11946,38970,56535,30183,16841,56157,28948,17344,12026,35181,58571,8404,6797,35906,8813,5580,31141,63522,38027,26083,21443,44397,11852,24464,31143,33659,49874,29862,24520,55576,25353,18323,5856,52830,34705,8444,4790,36182,9801,8588,28582,57189,33163,26088,21443,44397,11852,24464,31143,33659,49875,26790,17871,51476,28436,23682,11000,41253,35760,11509,5764,34928,10059,5326,24295,51309,35209,10996,7563,48476,8791,716,32185,52862,36236,26111,21443,58121,9847,6353,31155,51780,35468,8426,15056,34901,9794,19586,17385,62291,43704,26542,6093,36106,29718,5264,32762,51263,36816,10165,17868,35594,30226,16788,11519,37435,35029,9905,5833,36623,29970,5013,9726,37691,55765,27812,8692,39517,14668,14791,29352,51048,49287,10447,5279,43613,12106,973,15610,35633,39841,14324,7579,48460,9805,5327,24039,51311,32903,2034,6796,33119,18769,5360,30138,52854,36778,8680,5778,40982,8776,5317,28317,50541,40593,14311,7579,36955,32261,16770,12263,63750,40327,16367,15259,34649,12097,24519,21907,53090,38535,30886,17118,58120,9847,6353,31155,51780,35468,8426,9168,39769,11584,20950,15604,51777,32907,14272,7839,58205,8776,5321,31131,49791,36760,10724,23451,35946,10838,5336,32129,53090,35726,26026,4787,34641,12643,7363,12460,40492,57046,26026,17354,49160,18735,5361,28328,50031,40102,13801,7322,34639,12643,7363,15532,35633,32939,12789,7583,35931,11531,1735,17377,62291,43704,26542,19150,36107,9751,17296,32251,33326,58571,8405,415,33115,12641,461,29613,50555,40100,10471,23963,34934,9800,19586,17385,62291,43704,26542,17870,55306,8470,4240,9467,53055,35792,10165,4812,35594,8212,4240,31227,53055,36304,29364,6094,35850,10006,22656,20419,51817,36240,494,7308,36168,13386,14284,32187,52833,48588,16367,21403,51461,1904,7371,13051,52834,50837,27063,24286,55564,25353,23954,11497,41253,35761,14311,7069,39804,13130,7878,29374,55626,33667,27619,7342,32843,10833,8141,8681,65068,34726,30699,7632,40541,29453,20878,11515,35616,49874,29094,23240,47666,8768,4816,22689,50302,35474,13033,13712,34890,9800,13196,32680,52327,33168,11251,12442,34135,12618,20881,15604,56911,40080,11235,10122,35920,9800,12940,28328,41320,35761,14311,7069,39804,13130,7878,29374,55626,33667,27619,4796,33371,12610,1229,30887,55640,32899,13813,415,34653,14918,19586,11497,39458,48616,9443,4236,44368,11351,5586,27558,60770,36752,8427,12752,39767,9793,8912,26272,64361,38539,10723,20190,55576,4143,4295,32699,61284,33168,8694,1169,44886,8791,5327,24551,49760,40338,8386,4237,34653,8769,1484,15546,35633,40086,8435,8436,34909,8279,13770,29627,53116,39309,1000,4748,35925,5387,715,32416,52832,54210,9126,8095,35915,4143,4295,32699,61284,33168,8694,1169,44886,8791,5327,18151,50501,35718,26110,21443,55562,4143,4295,32699,61284,33168,8694,1169,44886,8791,5327,19687,55661,32903,26098,21443,34427,14155,8135,23229,51838,35727,20364,7314,34907,25417,5361,28328,50031,40102,13801,7357,34634,12608,19586,21993,55394,36758,9960,23963,35926,27474,12029,18065,33608,57280,30183,17352,56155,28693,17350,12024,39021,52358,27823,8436,34909,8279,13770,29627,59516,40077,8424,23948,34427,11607,967,32155,49768,40343,30886,9950,32892,27976,5324,13502,34620,55490,20399,5805,39769,11078,998,27814,50255,32912,14307,9168,39769,11584,20950,15604,52831,40067,11749,442,39255,11329,8149,28303,50797,58503,5772,4763,35402,1869,7888,20409,55672,34189,26083,21443,34673,14166,8131,31146,50466,39303,6830,11169,44386,24845,4243,11001,51261,36049,8629,17356,56586,8727,22656,5856,52831,40067,11749,442,39255,14198,7888,31138,59426,33421,14313,20190,43544,12624,5328,26791,50008,33671,27619,4287,35931,14155,992,31648,57188,48616,9443,4236,44368,11351,8914,28349,49251,49287,11730,4247,34643,12352,20945,15604,34109,58576,8405,415,33115,12641,461,26778,50302,35721,5544,415,34653,25425,20895,31130,55661,34433,14274,913,34396,11602,996,29096,41321,33512,9961,8095,40984,14155,5831,32187,52856,48518,9443,4236,43856,15178,19586,21993,55394,36758,9960,23963,35926,27474,12029,18065,33608,57280,30692,16543,55823,29511,17350,12281,35131,51147,3212,1936,36445,8791,5334,20397,51817,36240,2030,2961,47638,14668,20935,15604,61273,33675,27572,5776,49487,28436,23682,11514,35616,49875,30118,31191,34673,9809,965,26792,53097,35761,14311,7069,34426,27997,7922,30138,49784,32909,30886,9950,32892,29000,8076,27564,39716,52942,30135,21458,50440,29445,31627,29312,52856,40069,12775,6043,35947,12612,6593,29579,34164,36768,12005,409,40023,10059,1014,29352,56191,40067,11235,2717,54296,29189,14504,26791,52329,36752,8434,8346,34909,8279,13258,25766,64290,36750,8421,7318,36180,12608,5366,26801,38444,45506,7641,14244,51984,8212,4240,31227,53055,36304,29364,5576,53258,8727,5264,32506,51775,35537,9396,4301,36622,29719,4240,30970,51774,57300,29872,17096,49178,2607,1484,31660,51838,35734,5858,4763,35402,333,2509,19687,51808,35713,10990,6034,39773,11366,7886,12219,38444,44482,10729,401,50955,12611,7373,23451,33614,56787,27062,17118,55563,25353,17811,13817,57862,39564,8931,4748,35916,4161,4295,32699,59748,38541,4520,2971,51532,25368,12029,18065,33608,52416,20399,7607,35916,12610,1475,30892,52831,40067,11749,7356,51008,9841,1498,29578,50272,56720,30886,12510,34135,12618,24465,28335,50787,43440,28100,18380,50440,28933,16790,15589,40766,51159,3212,1936,36445,8791,5334,20397,51817,36240,2030,2961,44822,11594,20950,15604,50505,33687,936,7569,51020,11362,6614,29096,57862,39564,8931,4748,35916,4161,4295,32699,59748,38541,4520,2971,47692,14668,20935,15604,39485,42984,12776,5275,34890,9809,8902,32172,51326,44170,15849,10192,37213,6993,7651,31648,50786,32903,26098,21443,34685,11856,9612,25772,62328,33443,8943,7824,34653,27985,5358,26799,57862,39564,8931,4748,35916,4161,4295,32699,59748,38541,8104,7607,35932,25437,20895,11771,57862,39564,8931,4748,35916,4161,4295,32699,59748,38541,5544,415,34653,25425,20895,31130,55661,34433,14274,913,34396,11602,996,29096,41321,33512,9961,8095,40984,14155,5831,32187,52856,48518,9443,4236,43600,9801,963,8681,57900,40332,9458,4240,51037,9803,22997,17302,61780,50854,29860,16796,55897,28690,16832,12205,39021,56704,30692,16846,51977,27148,14504,26791,52329,36752,8434,8346,34909,8279,13002,31141,55661,48588,16367,21403,51461,1904,7371,13051,52834,50837,27062,16862,50440,29445,20878,11515,41253,32939,8434,409,40281,10048,5361,28328,50031,33441,9443,23948,34408,10838,6358,29350,38444,48066,11458,16787,34582,13376,16522,15589,39201,49878,30118,18128,51476,29192,22674,21955,57186,35207,9460,5770,47708,8768,4816,24481,52832,40067,1960,4255,36435,11351,8151,18605,51838,40332,9462,5772,35414,25436,20895,5880,50501,35734,14305,1951,36189,9846,963,29866,51023,36743,27636,5802,40256,32261,11906,17558,61270,52426,29367,23260,41010,14155,5831,32187,52856,48518,9443,4236,43600,9801,963,23271,50531,52886,26043,7611,33869,1291,8141,12989,50251,34454,10471,7356,36180,2607,1484,31660,51838,35734,5858,4763,35402,77,5326,28328,65314,38535,5874,2455,51549,25368,16787,21955,57186,35207,9460,5770,47708,8768,4816,24481,52832,40067,4520,2971,43596,12106,973,15610,35633,33185,10986,16524,36630,11351,9167,24206,39460,57047,26026,18127,50440,29189,16788,5856,50501,35734,14305,1951,36189,9846,963,29866,51023,36743,27636,15012,36182,15168,19586,12009,41277,32939,8434,409,40281,10048,5361,28328,50031,33441,9443,23948,34920,9815,1484,8681,63532,36743,9972,14230,34378,10069,1741,23207,51838,35727,20364,7314,34907,25417,715,31130,55661,34433,13769,7579,54296,9477,7619,31162,50950,36237,10727,5598,34637,14150,7883,15527,50296,35205,8426,5805,39769,11078,4320,13499,41253,52930,26022,8078,36953,11382,8151,13485,62547,46266,28098,17372,56155,28950,17300,11946,35128,51147,25996,21470,32792,4182,4295,32699,58468,35730,26088,21443,34390,25425,715,31130,55661,34433,13769,7579,51506,25349,6274,15535,55397,35761,14311,7069,39287,11584,1410,31137,41314,52930,26022,21470,51480,9846,963,29866,55624,40589,10978,7561,39806,11844,24519,30111,49791,33408,26083,21443,39756,9808,20904,15593,35628,52930,12710,5769,34653,4109,4295,32699,61284,33168,8694,1169,44886,8791,5327,15589,63607,38027,26083,21443,44397,11852,24464,31143,33659,49875,26790,17354,51476,28437,17026,13819,34673,57026,30632,24523,44056,13899,24527,32140,49791,35212,12757,8071,51037,8807,6849,15589,50505,33687,168,159,34641,1858,971,32684,49784,32909,2728,1931,58129,25349,20866,15593,35628,32939,8434,409,40281,10048,5361,28328,50031,33184,32766,4797,40264,12624,14279,32678,55417,51146,25996,21470,35864,12361,31687,15593,35628,52930,26022,7607,35916,12610,1475,30892,52831,40067,11749,7356,51008,9841,1498,8681,62508,46781,476,20950,49178,25391,20866,15593,35628,33474,9961,8095,34840,10827,20943,15604,56440,35719,28136,5805,39769,11078,998,27814,50280,32917,14272,7839,50525,14341,6385,31155,38444,48066,11458,16787,34582,13376,16522,15589,40737,49874,30118,21458,49160,28504,16770,12007,35616,32935,10483,14032,39513,11596,8901,26045,52832,49100,9459,24474,44056,13899,24527,32140,49791,35212,11458,5772,40283,11340,24524,29312,41253,52930,26022,21470,51480,11588,7371,24551,50787,33426,12771,6043,43522,11594,5324,26794,52516,32919,12773,7319,49494,18700,20866,15593,35628,52930,26022,21470,36689,11525,1485,30185,63615,36743,9972,15510,35912,25419,6614,29356,35590,52930,26022,21470,51480,25349,20866,15593,63532,36743,9972,14230,34378,10069,1741,23207,51838,35727,5032,151,35665,9801,19586,31465,51053,35729,25996,21470,51480,25349,20866,15593,52780,35468,25996,21470,51480,25349,5250,30887,41253,52930,26022,7579,58204,11584,31686,20419,51817,36240,3310,7325,43862,14160,7894,12967,50241,40343,2019,1931,34380,29259,7649,32672,37223,33185,11240,4251,49484,11345,5829,31141,52831,40067,11749,4796,49226,2607,1484,31660,51838,35734,5858,4763,35402,77,5326,28328,58914,39821,8437,1724,40268,11594,12947,30117,49263,44504,11241,5776,40283,9485,8151,26794,50277,50828,20399,21470,51480,11628,5334,28334,57197,35463,8405,415,33115,11367,24538,31133,57204,54210,6822,11169,44386,24845,22656,15555,35628,39618,8937,8089,47709,8768,4816,24225,55661,51146,8332,6032,58129,12079,4813,28840,52524,32919,12773,7319,51542,13398,1483,29866,51800,50816,9448,5779,58129,25349,20866,31392,51244,40087,8436,1936,34924,3399,7363,15532,38449,32962,10471,21403,39767,10757,8913,30142,51320,34698,8936,4778,51546,11089,8135,28393,57193,40087,26088,7579,58204,25349,20866,28576,56415,39563,11749,7575,48479,8516,19586,26857,56958,58503,26022,21470,34120,14916,7921,29372,33640,45501,8158,23482,55578,28998,17297,12031,39279,52438,27823,21492,51480,18693,20866,15593,50272,36737,26090,398,40797,8817,16320,29096,35689,52959,12517,396,34653,5969,5059,32135,52833,52968,26022,8158,35415,12100,386,31163,60794,36752,8427,20190,40216,8516,996,29096,55401,40633,8436,10120,35673,8811,5327,5780,35628,52930,10986,4765,51540,9803,1498,28303,50797,52871,26043,4746,44890,8791,5327,18362,51810,35727,20443,21470,51480,13894,976,29356,65400,35971,9416,5779,54296,11525,7363,5804,35628,52930,25996,21470,36632,12618,1410,32135,52833,52942,12772,21392,34641,13061,6339,28603,57124,35971,12484,1930,34647,27222,5506,5798,35628,52930,26022,21470,34388,8774,20942,28576,56911,40080,11235,21386,51461,14093,4332,31140,38444,52959,9448,5779,58129,25349,20866,15593,35628,39318,8419,23440,40282,27979,1248,26813,50531,52942,20477,21470,51480,25349,20866,15593,35628,36768,12005,409,40023,10059,7905,29605,39038,54210,11430,12429,39757,9815,1484,32233,53090,44482,14323,5772,40278,11121,7367,12972,51277,35713,12776,7390,51530,11366,7886,12219,52514,33168,6123,12729,56080,28439,17282,12539,39212,51162,20394,21470,51480,25349,20866,15593,35628,36768,12005,409,40023,10059,1014,29352,56191,40067,11235,2717,54296,10757,13009,28348,52862,39564,9382,6032,55576,29195,20887,28326,39724,55500,27059,21492,51480,25349,20866,15593,35628,47810,15843,12426,34135,12618,20881,15604,55397,39841,14324,7579,51532,11588,20934,29578,50272,56720,9128,7308,47957,354,17290,10748,35616,56272,27059,16862,56333,25356,973,24553,51043,40077,27573,408,33879,1143,23008,11000,34620,57282,30128,21458,56841,27157,20904,15593,35628,52930,14502,21458,50952,30231,31627,15593,35628,52930,26022,1162,35933,27467,1472,12967,50501,34694,9445,7306,50506,14341,20904,15593,35628,52930,26022,21470,47640,14668,20935,15604,55397,39841,14324,7579,51532,11588,20934,22684,50789,49360,8424,23433,50440,28677,20878,12537,39468,51158,10918,21388,44397,11852,24464,31143,33659,49874,30118,21458,50440,29189,22678,5861,35628,52930,26022,21470,51480,25349,4320,30634,55659,39821,8680,426,34649,13142,963,29356,53871,54210,11430,12429,39757,9815,1484,32233,53090,57026,10918,21388,58121,25349,20866,15593,35628,49823,30118,16848,49165,25391,20866,31209,53090,58600,26022,21470,32876,12113,15815,32424,51049,47820,15843,21386,51461,14166,6352,31655,56866,40594,14307,7638,33881,27200,24450,15591,62547,46266,28098,17884,55390,29510,16579,11691,39790,57044,30135,17094,52059,18700,20904,15593,49708,52868,14326,1435,39806,11844,20935,29885,50537,52968,26022,21470,51480,14085,5333,29356,56100,35728,1008,4748,35925,25353,31705,15593,35628,52930,26022,21470,51480,12642,1229,18617,51838,40332,9462,5772,35414,25436,20895,12536,35590,52930,26022,21470,51480,25349,8578,28582,57189,33163,26088,21443,44397,11852,24464,31143,33659,49874,30374,24523,55576,25353,16791,5856,35628,52930,26022,21470,50501,29445,17292,15589,50505,33687,168,159,34641,4162,2262,31141,64034,36759,27106,14046,40022,27976,4327,30138,52322,34726,8436,1949,34385,27979,1261,13757,35590,52930,26022,21470,40216,12356,24521,32190,57189,57034,29864,23238,51506,25349,20866,15593,56108,35728,1008,4748,35925,5387,715,32416,52832,54210,9126,8095,35915,25391,20866,31209,53090,58600,26022,21470,36689,11525,2503,23229,51838,35727,12710,5782,58198,25349,20866,15593,35628,35724,12798,440,33881,27968,7922,30138,49784,32909,30886,9950,32892,29000,8076,27564,39716,52942,29867,24526,55576,25353,16791,5856,35628,52930,26022,21470,35926,14173,996,29096,34153,40101,12521,10126,34890,12363,4306,31163,51298,52891,26043,31183,51480,25349,20866,15593,52834,39578,14272,7839,51037,10867,6353,28843,35689,52959,14322,5771,51506,25349,20866,15593,57132,35733,11235,7638,37213,1361,4304,31140,35616,58521,26022,21470,51480,25349,20866,15593,55627,39821,4598,4748,39510,8789,5328,32679,35701,52959,27062,21492,51480,25349,20866,15593,35628,48834,14057,1943,34385,25419,20895,22684,50789,49360,8424,23433,50440,29189,23959,11497,35616,57047,20399,21470,51480,25349,20866,12468,39724,56524,27070,14046,40022,27976,4327,30138,52322,39601,10751,23963,34938,10310,20878,29324,50809,43980,14055,7575,44383,12620,4807,30141,50531,41420,12787,31191,51480,25349,20866,15593,51832,34193,12968,6815,49484,27925,18832,5856,35628,52930,11235,31130,51506,25349,6274,20410,49787,36246,11502,5264,34924,25415,20895,32175,55392,58503,11235,31130,34098,8266,7619,31465,50553,39553,10991,21392,39771,8768,5334,32157,59758,39575,10994,23440,34902,9800,20878,30125,56191,36750,3071,7839,49245,25391,20866,28905,51299,33411,4518,4511,40314,25419,20895,29312,57215,32899,8421,7632,40541,7181,10749,22675,35108,36051,9396,17613,35595,10005,4241,32506,51519,57040,29876,23260,58129,25349,20866,32157,59758,32918,5800,2455,51549,25368,13815,29088,34110,35724,28145,24527,50200,28445,16770,15589,37694,58571,26022,21470,34924,327,8150,24295,51309,35209,10996,7563,43612,12106,973,15610,35633,36298,14323,5772,40278,8817,16320,29096,35689,54239,11174,7839,49245,8709,5580,24553,55673,35728,12776,7082,33885,27968,4835,31146,57186,33218,26100,7357,34388,28759,6028,29627,63841,44197,30638,24524,56088,28439,17282,13809,35590,52930,4518,4511,40314,27979,4320,30634,55659,39821,8680,426,34649,13142,963,29356,53871,54210,28070,1693,39754,11584,9686,32424,51778,35727,30886,21443,34902,9800,20875,29352,35688,49362,28855,7390,51530,27925,17556,15555,35628,47810,10215,1980,51030,9841,1498,8681,62508,46781,476,20950,36622,9491,6036,31487,33326,49346,26024,6810,39243,8777,16347,29096,41321,52930,26022,4778,43866,11601,14220,29350,35704,52959,11203,7819,44822,11594,24534,29582,50040,33667,10948,6034,51506,25349,9602,32424,57166,49292,8402,1926,32875,9823,19586,11753,41276,52930,26022,4778,43866,11601,9612,25772,59512,33421,14313,21453,51461,8205,983,31163,57186,36790,3044,7839,51549,32280,8066,29096,33385,36802,8680,12510,34135,12618,24465,28335,50787,43440,28100,18124,50445,28933,17559,15589,40510,51159,10918,21388,34427,11337,17104,31463,50302,48271,1985,17110,55566,25353,18323,12537,39468,57045,20399,21470,51480,8817,13248,29373,65314,38535,7666,8127,36433,11851,8135,15549,35633,32935,10483,10192,37213,6993,7651,31648,50786,32903,27634,5810,40286,25391,20866,18665,51565,39584,27624,1727,34380,13927,1494,29350,50255,33166,26100,21443,34910,12361,31687,15593,35628,36790,2020,7562,45846,11628,5318,15537,35633,58583,26022,21470,34924,327,8150,19687,55661,32903,26098,21443,34924,327,8150,29578,57186,34691,8424,31116,51480,25349,5571,20141,56165,33426,28131,4778,43866,11601,31627,15555,35628,33474,9961,8095,48408,8516,1504,24487,55651,35724,26100,21443,34673,14166,8131,31146,50466,39303,6830,11169,44386,24845,4243,11001,51260,57040,8629,17100,34826,10006,22656,5856,35628,52930,9426,12700,34636,11366,8144,28332,59426,40077,8424,8588,36185,13900,20945,15604,61273,33675,11176,1179,55568,25353,22676,15555,35628,47810,10215,1980,43606,12618,5324,12987,51804,35728,12776,20190,48408,8516,1504,5799,35590,52930,10662,4241,34137,5893,5059,29312,49768,36737,10994,21388,51461,11628,1489,29352,52847,32972,13027,11478,45415,1919,21386,9721,53055,35792,30644,4812,49178,18700,20866,15593,51800,42880,8680,4247,40281,12618,8844,26272,35689,52959,9902,395,35914,14155,4342,21163,50797,52871,30907,7646,33881,27200,4226,30887,65068,34726,30699,7632,40541,29453,20878,12538,39724,52942,29111,21463,39767,5637,6374,11940,50466,39303,30126,21458,50440,29445,20878,10488,41253,52930,26022,4778,41050,10059,4811,26792,55651,48844,14057,1943,34385,25419,20895,22684,50789,49360,8424,23433,50440,30469,20878,13049,34617,50114,27825,21492,51480,5893,5059,29312,49768,36737,10994,23948,34938,10310,965,27046,53090,33185,10986,16524,54296,5,7629,28326,34111,40068,10473,13484,49530,30231,23959,12009,40505,52942,28852,23243,51506,25349,9602,32424,50501,34694,9445,7306,51018,11367,5584,28332,49759,35736,11478,5766,51540,25368,31634,15593,35628,36790,3300,6032,35409,14148,973,24295,51309,35209,10996,7563,48476,8791,716,32185,52862,36236,26111,21443,35344,12624,5328,26791,51800,41088,10471,21403,54277,11525,7363,13740,51756,35468,30118,7390,51530,18708,20866,15593,51800,42880,8680,4247,40281,12618,11148,29312,52840,52890,26043,31176,51480,25349,4342,21931,53090,36235,12775,401,47382,12612,8135,15549,35633,36790,2020,7562,58162,25349,20866,29605,51823,52878,9426,15004,36182,11366,8144,28332,38444,42946,14056,4746,35414,27968,5324,13502,62547,46266,28098,17116,55641,29459,17345,12281,39272,56531,30439,20890,49169,25391,20866,18665,51565,32939,1762,401,35926,27991,7905,29371,55657,36784,11490,139,54296,5637,6374,12964,52834,50837,27063,17374,58129,25349,20866,32157,57966,35468,10949,7564,39773,4875,963,29356,35704,52959,9426,15004,36182,8268,1475,28326,41222,52930,26022,7314,34907,25417,4321,27303,55405,54210,3238,144,34892,8267,24519,31143,33659,45501,8158,23482,55578,28998,17351,12280,39221,56711,30181,16582,56156,28693,17091,16047,33317,52968,26022,12510,34649,8787,24529,32135,52833,54210,11174,7839,51549,27915,11906,17558,61270,52426,9910,5836,55306,31254,5264,32762,37692,35537,30132,4813,36619,27143,20904,15593,59436,32899,9456,23949,32875,9823,19586,18921,49736,56463,11176,1179,55312,25353,17039,12537,39468,52942,29611,23246,51506,25349,12930,29352,51834,49297,10966,6797,32844,11594,19586,13545,56943,40080,11235,10122,35673,8811,5327,8681,35633,36748,8427,21463,34649,25409,13815,29088,34110,35724,28145,24526,55320,28432,16770,15589,39737,52939,14313,9950,32892,29000,8076,27564,39716,52942,29867,24526,55576,25353,16791,5856,35628,52930,9413,1424,39513,267,4803,31650,50302,32919,4578,4748,39510,8789,5328,32679,35701,52959,20407,21470,51480,8806,1996,28584,59682,40077,8418,8332,37713,4928,2507,28844,38444,57026,25996,21470,43544,11588,4308,12986,55627,39821,4598,4748,39510,8789,5328,32679,35701,52959,9902,395,35914,14155,4342,21163,50797,52871,30907,7646,33881,27200,4226,30887,39724,33218,26100,31183,51480,25349,4321,27303,55405,47308,14063,4503,35924,32261,22914,27050,55678,32903,4594,4511,34934,9800,19586,15604,51810,35727,20399,21470,51480,8806,1996,28584,61730,32939,8418,21382,51461,18705,20866,15593,51791,39052,14055,9168,39769,11584,20950,15604,50255,39564,11235,13706,34890,9800,31656,15593,35628,33166,9445,21394,34427,14155,6339,31143,35710,52959,11215,1933,34649,9798,8076,27564,62500,46781,476,20950,35337,8215,5521,11515,38974,56784,29620,17100,53514,31253,5521,31227,39230,36816,27812,31191,51480,25349,7905,26791,49773,35724,27636,4784,35925,32261,8066,29096,35689,49356,6822,11169,44386,24845,4755,32763,53055,57040,30388,16588,49178,25391,20866,24553,50531,36758,11247,411,47638,14668,20935,15604,61273,33675,27572,5776,49487,28436,16770,15589,34621,57026,20399,21470,51480,11366,1484,30120,52834,49296,9412,6301,39775,13898,5580,28317,50541,40593,14311,7579,36955,32261,16514,15555,35628,44482,11241,4746,34641,12608,13196,28326,52840,48528,16367,9115,37201,12096,19586,11497,35590,52930,1702,7569,34892,11596,967,20455,55663,33421,2026,415,33132,8268,8137,28588,35711,52959,20405,21470,51480,11366,1484,30120,52834,49296,9941,7308,34132,8807,14544,32164,52843,33185,10986,16524,54296,5,7629,28326,34111,40068,10473,13484,49530,29459,20878,10747,35616,54992,20399,21470,51480,11366,1484,30120,52834,49296,9413,1424,39513,10870,5336,8681,65068,34726,30699,7632,40541,29453,20878,12537,39724,52942,27830,21492,51480,5,8141,32189,50533,40071,1192,1931,33879,14148,4811,32138,56674,40323,11477,5764,54296,1541,1228,12964,56909,33174,9451,6794,47707,14668,24519,5776,35628,52930,10949,1936,32857,9803,24528,21907,53090,38535,30886,18398,51506,25349,12930,29350,51832,32907,14307,9168,39769,11584,20950,15604,51791,39052,14055,31220,51480,25349,7886,32170,35680,33185,12776,6815,35926,3927,715,15549,35633,32939,12789,7583,35931,11531,1735,17377,62291,43704,26542,4815,57096,28693,18320,32762,51519,56786,8372,17869,55562,8726,5009,13803,41253,52930,26022,7357,40278,10820,5324,20667,55397,49302,9430,6042,34641,25410,20895,22684,50789,32972,13027,17366,51476,27165,20904,15593,59436,32909,9458,7575,39773,10857,1489,20455,55651,41366,8692,411,54296,1541,1228,12964,50271,39568,14281,5786,51018,8809,7899,26812,55619,35718,20468,21470,51480,11366,1484,30120,52834,41616,14063,23946,34920,9815,1484,8681,59436,32909,9458,7575,39773,18735,20866,15593,51800,44160,11250,16080,40023,9814,1248,26813,50531,44499,11498,6301,43522,11594,5324,26794,52516,32919,12773,7319,49494,18700,20866,15593,35628,52930,13045,1943,33115,8817,22976,32167,52833,58571,26022,21470,34653,27201,31656,15593,35628,36758,2020,1931,34380,12363,8185,29096,63081,54210,16038,1724,40268,11594,19586,18665,51565,39584,27112,15070,36182,8268,1475,28326,38444,47810,10215,7607,32860,8774,7894,25019,35590,52930,12710,4511,39806,11844,711,29330,50797,45959,30886,12510,34649,8787,31697,15593,35628,35728,12530,7564,43544,11594,4310,29344,55657,35816,8680,31220,34388,8774,20942,27055,51298,34710,11241,4830,36188,9846,1473,29600,33634,36754,8436,1936,51476,10833,7638,18604,54121,51094,25996,21470,34072,8266,7619,20457,51305,54210,3238,144,34892,8267,24519,31143,33659,45501,8158,23482,55578,28700,17350,11948,39230,52355,27823,21492,51480,4101,4807,20455,53605,52871,26043,14251,33873,27927,5324,13502,34621,57026,26026,24526,56088,27159,20904,15593,63532,36231,1960,4255,36435,11351,8151,18605,51838,40332,9462,5772,35414,25436,20895,5880,35628,52930,8405,23965,41058,10059,2503,8681,40748,52968,26022,8414,35421,4875,963,29356,35704,52959,9462,5772,40278,18735,20866,15593,50272,36737,26090,5805,42331,8516,7623,8681,57900,40332,9458,4240,51037,9803,22997,17302,61780,50854,29860,16796,55897,28690,16832,12026,39273,56454,30695,20941,49169,25391,20866,20457,51305,36782,8420,23954,35948,14173,19586,26857,57189,35726,8402,1926,51506,25349,8834,32684,51776,35712,27626,7352,40278,32261,13442,27047,34145,33188,12776,13520,40279,8781,13263,28838,41320,52930,26022,5805,42331,8516,7623,18663,54121,48534,16367,21403,51461,29460,20904,15593,63532,36231,9418,5788,51028,9841,1498,29578,50272,56720,30886,12510,39757,9815,1484,29853,50793,49287,9927,5789,40278,12647,5835,26785,35590,52930,5798,4251,34932,9799,24526,30106,52854,54210,4262,6842,56149,11531,1735,11745,35616,49874,29862,21458,49160,25391,20866,20457,51305,36782,8420,23954,35948,14173,12538,30117,50539,35727,12776,20190,44056,13899,24527,31133,57204,44986,11498,7577,35925,14155,15756,31404,41336,52930,26022,5805,42331,8516,7623,24295,51309,35209,10996,7563,48476,8791,716,32185,52862,36236,26111,21443,58121,25349,20866,31130,59247,35971,10723,10704,34673,9793,20954,15604,41273,52930,26022,5805,42331,8516,7623,19687,55661,32903,26098,21443,35947,18758,20866,15593,51832,33408,27619,7575,35915,14167,1418,31137,52833,34734,12789,7579,39773,27990,4835,31146,57186,49809,5798,4251,34932,9799,22734,31171,53090,58600,10986,4765,51540,13891,4812,30141,50531,36802,8674,7338,36447,9801,394,28328,50537,49814,12710,1943,35924,9841,1498,15589,52840,36241,8402,1926,51476,9793,4292,28860,63608,36758,8434,21458,34907,12105,4288,30634,41253,52930,26022,7314,34907,25417,1489,26792,35689,52959,8418,4760,34125,4177,4310,31165,35590,52930,10662,4241,34137,5,963,15533,35633,32939,12789,7583,35931,11531,1735,17377,62291,43704,26542,19150,36107,9751,17296,32251,33326,58571,26022,21470,34939,10071,8844,26272,35689,52959,467,7831,50954,9803,22997,12536,39724,52942,27062,18398,49152,25391,20866,24553,55661,49286,9412,6301,39775,13898,5580,29578,50272,56720,30886,12510,39757,9815,1484,29853,50793,49287,9413,6028,51506,25349,12930,28328,34152,36768,12005,409,40023,10059,1014,29352,56191,40067,11235,2717,54296,29445,17804,15555,35628,44482,14311,23962,34426,10071,967,30106,52854,34738,8446,21394,51461,18709,20866,15593,51791,35472,8104,7607,35932,25437,20895,5885,35628,52930,9413,6028,47382,12612,8135,15549,35633,36754,8436,1936,51506,25349,1410,32424,52832,34764,14056,411,49484,11089,7367,20652,55397,35734,8424,140,43542,12612,710,15589,51791,35472,20399,21492,51480,12037,4813,28840,59436,40067,1762,401,35926,25431,20895,29312,57215,32899,8421,7632,40541,7181,10749,22675,35108,36819,29622,4302,55562,10006,16528,32251,53055,51136,20399,21470,51480,8806,5584,29578,50558,40071,1704,401,35926,4439,5571,27040,35711,52959,467,7831,34582,13376,16778,15589,33338,52968,26022,12510,39769,65,973,31143,34174,36786,8436,1936,54296,5,963,5805,35590,52930,10662,4241,34137,5,963,20397,55672,34189,26083,21443,34673,14166,8131,31146,50466,39303,6830,11169,44386,24845,4243,11001,51261,36049,8629,17356,56586,8727,22656,5856,35628,52930,9413,6028,40299,11351,5321,24551,51043,40077,30886,12510,39757,9815,1484,29853,50793,49287,12757,7308,35923,25391,20866,24553,55661,48518,14322,6289,51037,11121,4811,29346,55401,52881,26043,31183,51480,25349,4321,30907,57183,33168,8429,10192,34890,12363,4306,31163,51298,52891,26043,24014,56332,25391,20866,24553,55661,48518,14322,6289,51037,8821,5328,26791,38444,44482,14311,31130,51480,25349,4310,28843,34153,32907,8437,1932,40208,9805,5327,30085,57215,32903,14307,23949,40299,11351,5321,12474,59436,40067,5858,394,33367,27200,20904,15593,41260,52930,26022,927,34120,92,963,21677,56675,40071,1710,415,50524,5,963,20397,55672,34189,27875,31220,51480,25349,7886,32170,35680,34742,10738,21403,51461,11628,1489,29352,52847,32972,13027,11478,45415,1919,21386,32504,51774,55761,10165,16590,35850,10007,4240,12283,33326,58571,26022,21470,32876,12113,24519,31133,57204,54210,12710,1943,35924,9841,1498,15555,35628,47810,12783,5778,44822,11594,20950,15604,50505,33687,936,7569,51020,11362,6614,29096,50254,35470,25996,21470,48408,14156,5326,18663,54121,48534,16367,21403,51461,29204,20904,15593,65324,39563,8426,10192,37213,81,7629,28326,35647,52959,10949,7314,55882,9483,7888,20132,59723,56522,30130,21458,56586,28437,17282,10749,41253,52930,26022,6826,34124,27968,7922,30138,49784,32909,30886,9950,32892,29000,8076,27564,39716,52942,30647,21458,50440,31493,31627,15593,35628,34742,10738,23963,32875,9823,19586,18921,49736,56463,11176,1179,55312,25353,18063,12537,39724,52942,29111,31191,51480,25349,6390,28861,34153,35766,12798,12966,32852,11586,5327,26791,38444,43970,12520,23955,35948,14173,12538,30117,50539,35727,12776,16336,36701,18769,20866,15593,49752,33430,27619,4796,33371,12610,1229,30887,55640,32899,13813,415,34653,14918,19586,11753,35590,52930,4518,1943,35924,6411,8171,31149,35700,52959,20403,21470,51480,10865,7638,12972,51804,35728,12776,20190,43544,12612,31686,15555,35628,33474,9961,8095,44312,12352,20929,15604,50501,39569,11239,5789,34582,13376,11914,17558,61270,52426,10167,4812,56843,8470,17042,31227,53054,36816,30388,23260,58129,25349,20866,31117,51327,47820,15843,21386,51461,9793,4817,31133,57204,33218,26100,11425,45920,27489,21376,5856,35628,52930,8386,4237,44822,11594,20950,15604,50505,33687,936,7569,51020,11362,6614,29096,35590,52930,422,155,51035,9841,1498,30106,52854,54210,31910,21492,51480,1797,711,12970,52824,39578,10949,7314,55882,32261,12930,28838,55651,49361,14304,7825,44650,27495,17811,12537,39468,57046,26026,18127,49160,25391,20866,22761,55401,49281,10966,6797,32844,11594,19586,18921,49736,56463,11176,1179,55568,25353,17299,15589,34620,56514,27826,21492,51480,1797,711,12970,49759,35736,30886,9950,32892,29000,8076,27564,39460,52942,29355,24526,55576,25353,17811,5856,35628,52930,8386,4237,48406,15168,10710,28808,52325,33676,11235,21386,51461,11616,7383,18663,54121,46742,10695,5271,33878,11584,24534,31109,57194,52968,26022,14302,39517,27974,4320,30634,55659,39821,8680,426,34649,13142,963,29356,53871,54210,29862,21492,51480,1797,711,12970,57942,35468,15843,20190,56344,25391,20866,22761,55401,49281,9430,5772,40278,32261,12930,28328,41320,52968,26022,8158,35415,12100,8834,30142,51320,44170,11250,20190,40984,12363,4310,32679,34153,35724,28145,11425,45920,27489,16512,11947,39021,56789,30180,16538,55897,28743,17344,12025,35133,51147,25996,21470,47640,10834,4822,24225,50552,48588,16367,21403,51461,1904,7371,13051,52834,50837,27062,18398,50442,29445,20878,11515,41253,52930,26022,1197,40273,11078,1504,12967,50268,34705,11506,7569,54296,5637,6374,11940,50466,39303,29870,21458,56341,28433,16770,10727,35616,57295,27830,21492,51480,4101,6357,32701,59748,32918,1960,4255,36435,11351,8151,24493,51043,40077,26037,21443,40267,14148,20935,29352,35688,39841,14324,7579,48460,9805,5327,24039,51311,32903,26098,401,43544,12106,973,13050,55658,33677,724,23484,56075,25353,17297,15589,39736,58571,26022,21470,40555,14156,6593,26763,34146,35766,12798,20190,46616,7034,13816,16097,33326,52968,26022,8414,32847,8273,13258,29373,59938,39575,2025,1931,34380,75,7629,28326,38444,35010,10727,5773,51506,25349,8834,30142,51320,44170,11250,10704,34673,9793,20954,15604,41273,52930,26022,1197,40273,11078,1504,12967,51804,35728,12776,20190,43544,12612,31686,15593,35628,35459,6114,919,34120,27456,1777,26784,50031,39584,27880,31220,51480,25349,7886,32170,35680,39345,12783,7069,34427,11607,967,8681,57900,40332,9458,4240,51037,9803,22997,17302,61780,50854,29860,17311,55566,28998,17042,11949,39229,56707,26594,23255,51506,25349,8834,30142,51320,44426,14313,5776,51018,11366,8144,28332,51806,34694,14067,20190,48152,10849,24527,31143,33659,49875,30118,31191,51480,25349,1777,26784,50031,33185,11252,411,47382,12612,8135,15549,35633,39345,12783,7069,40314,18763,20904,15593,50988,36237,10727,14302,40279,32261,14466,28583,51832,36236,27619,5776,49487,7290,11258,13453,39726,56795,30690,16795,56074,24900,22667,15555,35628,43714,12777,8400,37713,25408,20895,22684,50789,49360,8424,23433,50440,29189,23958,11497,35616,56019,20399,21470,51480,11361,24534,29593,49791,34710,11241,20190,39448,8785,5334,32233,53090,48066,11458,16787,34582,13376,16522,15589,39457,49877,30118,18128,51476,29704,20875,28326,65068,34726,30699,7632,40541,29453,20878,12538,39724,56268,26026,17619,58129,25349,20866,29581,34168,36768,12005,409,40023,10059,7905,29605,39038,54210,1702,8081,39767,27926,964,29094,60510,50848,28852,24523,56088,30224,20878,10747,33337,52968,26022,14302,40279,267,973,31149,63614,38027,5603,2967,34141,32261,16770,15555,35628,43714,12777,10704,34673,9793,20954,15604,41274,52930,26022,7354,51020,8821,5328,26791,38444,48578,11505,4234,43856,11601,31656,15593,35628,33166,9445,21394,34428,81,973,31143,35710,52959,11215,1933,34649,9798,8076,27564,62500,46781,476,20950,34825,29973,4754,11515,53055,57296,9396,6093,49178,18700,20866,15593,50248,44438,14313,5776,51018,11366,8144,28332,51806,34694,14067,20190,48152,10849,24527,31143,33659,49875,30118,31191,51480,25349,7910,24509,55651,35724,27636,4782,35914,14155,19586,22761,57187,58600,26022,21470,34892,12103,24519,29344,52863,39568,12718,5782,35925,10857,1489,29356,55657,49297,10962,5273,35924,28502,2690,15555,35628,52930,26022,12766,34636,32261,8834,30142,51320,44170,11250,31186,51480,25349,20866,15593,52811,48534,9458,5770,54296,9477,8151,26794,50277,50828,26031,5772,40012,11607,642,32189,52856,35778,8680,21492,51480,15877,31627,15555,35628,33474,9961,8095,36632,11600,1473,29600,35682,35729,4594,5265,34143,4160,4310,31165,56612,33411,20399,21470,51480,25349,20866,26810,57197,52871,26043,4744,58196,25349,20866,15593,35628,34955,13990,4746,35916,14085,5322,5799,35628,52930,26022,21470,51480,25349,1750,31148,33634,39345,12783,7069,40314,28491,2690,32139,49263,40069,12521,6032,34427,11337,17104,8681,59436,40087,8436,1936,33132,11840,24519,32648,52847,39564,27131,17374,56086,27152,20904,15593,35628,52930,26022,21470,40216,9810,8135,22753,57187,52942,5629,145,40273,11340,20940,15604,61273,33675,27572,5776,49487,28436,23682,11256,35616,49362,27059,24286,49167,28504,16770,12007,34617,43970,12520,23955,34941,10838,5836,26778,51061,49287,9412,6301,58129,25349,20866,15593,35628,33415,8437,21492,51480,25349,20866,15593,35628,39618,8433,7579,47632,10834,4822,24225,50552,52942,2045,4255,36435,11351,8151,24493,51043,40077,26037,21443,34427,11337,17104,31463,50302,48271,1985,16598,50442,28677,23952,10473,33340,49823,30118,16848,49165,25391,20866,15593,35628,52930,26022,2014,35919,11584,13706,26790,35616,48793,14057,1943,34385,25419,20895,22684,50789,49360,8424,23433,50440,28677,20878,13049,34617,50114,27825,24451,55576,28939,23959,23017,56930,49295,9411,6797,36438,14198,7643,12972,51790,34177,20399,21470,51480,25349,20866,29356,41320,52930,26022,21470,51480,8774,7630,32171,49263,40394,9458,5770,58129,25349,20866,29356,41320,52968,26022,8414,32847,8273,13258,29373,58914,39821,8437,1724,40268,11594,12947,30117,49263,44504,11241,5776,40283,9485,8151,26794,50277,50828,20399,21470,51480,25349,20866,28857,53869,33201,11251,23450,46695,6525,23014,11499,39279,56529,30640,16797,51980,27148,20904,15593,35628,52930,13990,1947,34412,9282,5326,26778,57197,50823,10984,21386,40267,14148,22727,15555,35628,52930,26022,222,34384,5970,4301,26810,62500,46781,476,20950,35593,29463,18832,9467,38974,36816,9136,4815,36619,8471,5264,32506,51774,36048,27812,21458,32844,12113,9671,25772,35704,49356,6822,11169,44386,24845,17557,31487,33326,49346,26024,214,34892,9809,4226,30887,62508,46781,476,20950,55560,29205,22656,29673,35710,45501,8158,23482,55578,29461,16795,16112,33317,52942,12789,1951,49245,25391,20866,31209,53090,58571,25996,21470,40216,8516,5326,30183,55394,40071,28146,5772,32863,14166,967,30892,52831,40067,11749,1975,33885,28502,2690,28303,50797,52871,26043,4797,36170,25353,5366,26801,38444,39618,12783,5778,35948,14173,24450,15591,62547,46266,28098,17884,52062,25356,24460,13545,52840,36241,8402,1926,34328,25431,12029,18065,33608,52416,27823,23171,51506,25349,898,26796,55673,52876,20477,21470,51480,25349,20866,31130,35704,52959,8437,10122,36439,12098,8903,32189,52856,58574,26022,21470,51480,25349,5349,15549,35633,39812,9960,6794,34647,27149,898,26796,55673,52876,12789,1951,51549,11584,31686,15593,35628,58527,11235,31130,34098,8266,7619,31465,50553,39553,10991,21392,36185,4161,6350,31149,33662,36754,8436,1936,51476,10833,7638,18604,54121,49814,10406,7575,34926,28489,7298,25768,51802,49806,8614,5531,40025,14153,4340,12453,51244,33411,10218,4255,49235,25391,20866,28905,51299,33411,9894,395,34926,25417,20895,31149,51818,33431,5106,8095,51506,25349,7554,32678,51053,44482,14311,21402,51461,11628,1489,29352,52847,32972,13027,11478,45415,1919,21386,9721,53055,35792,30644,4812,49178,18700,20866,15593,51791,35472,5800,2455,51549,25368,13815,29088,34110,35724,28145,24527,55576,25353,23954,10729,33342,52968,26022,12510,39769,27969,4320,30634,55659,39821,8680,7357,34388,28759,19586,24553,55673,35728,12776,7082,33885,27968,4321,30907,35590,52930,1702,415,51036,8807,6849,28334,56931,35468,14290,7583,39243,12612,8135,26026,38444,57026,29096,21492,51480,5,963,12973,50254,35472,14307,6829,35906,10869,5338,15525,35633,58578,26022,21470,34939,10071,11148,29312,52840,52890,26043,31178,51480,25349,4321,30907,64290,40067,11235,21386,51461,8789,5328,26791,35590,52930,12710,4511,35924,10763,716,28332,33656,34454,10467,16283,39505,9809,5324,28603,59426,40067,14050,21458,34939,10071,31627,15555,35628,33474,9961,8095,43544,12612,12998,28326,52834,52880,26043,7607,40267,11588,5313,29415,56425,45514,7641,14244,51984,8724,18322,32761,39742,35537,29876,4812,36107,27143,31627,15593,35628,36769,8692,7357,34634,12608,12940,28326,52834,48272,8679,1687,51531,25368,13815,29088,50466,39303,30126,21458,49166,25391,20866,24553,55661,44422,14313,5776,51018,8821,5328,26791,38444,44482,14311,31130,51506,25349,7554,32678,51053,44482,14311,8346,39756,10314,20935,15604,50501,39569,11239,5789,34582,13376,11914,17558,61270,52426,9399,17870,35337,8470,5521,11515,40766,36816,27812,31191,51480,25349,4321,30907,57183,33168,8429,12496,34135,12618,19586,24553,55673,35728,12776,7082,33885,27968,1521,29627,52839,52968,26022,12510,39769,4161,982,30630,34153,34486,9967,7573,39517,25430,20895,5880,35628,52930,9413,6028,40299,11351,5321,18663,51838,40332,9462,5772,35414,25436,20895,13049,40504,52968,26022,12510,39769,4161,982,30630,34153,36786,8436,1936,54296,5,963,5805,35628,52930,9458,8092,51037,11596,5329,26811,57124,35722,8427,6834,40267,11584,967,12986,57183,33168,8429,24461,43544,12612,8902,28349,49251,51079,25996,21470,58136,25349,20866,27816,51068,44443,14311,15258,40791,12608,12938,28328,34664,44482,14311,8346,39756,10314,22727,5827,35628,52930,10986,4765,51540,10865,7638,15532,35633,32939,12789,7583,35931,11531,1735,17377,62291,43704,26542,4559,34826,29718,5009,12281,52798,35536,9396,16588,49178,18700,20866,15593,49752,33430,27619,5802,40256,32261,1410,26784,52832,35766,12798,21492,51480,5893,1483,31141,60706,32909,26098,21443,34685,11856,14220,29350,34168,33189,11762,7839,34426,10057,20904,15593,65324,39563,8426,10192,37213,4177,3019,15532,35633,57299,25996,21470,48408,14156,5326,18663,54121,44438,10729,401,51467,25368,7905,29605,39038,35020,10996,8595,43903,28941,16790,15589,40766,49874,30630,18122,58129,25349,20866,30109,51064,49287,10966,6797,32844,11594,19586,18921,49736,56463,11176,1179,55568,25353,17299,15589,34620,54978,20399,21470,51480,10865,7638,12972,49759,35736,30886,9950,32892,29000,8076,27564,39716,55500,26026,24526,55576,25353,17811,5856,35628,52930,11474,8074,51037,9841,1498,23953,49760,32901,8427,1936,54296,1541,1228,12964,52824,39578,1246,6802,34655,9800,1484,20711,52585,58518,26022,21470,32876,12113,24519,32139,49263,40069,12521,6032,39788,11588,465,28328,50537,38785,30886,17118,51506,25349,9602,26784,52832,46284,11215,5786,51520,25368,31639,15593,35628,34742,10738,23963,34920,9815,1484,8681,59436,40067,20450,21492,51480,12037,4813,28840,57900,40588,12787,7356,51520,25368,8171,26810,50541,35713,11176,1179,46608,7034,13816,16097,51517,36816,29365,4557,36104,29463,18065,13803,41253,52930,26022,7607,40008,337,2509,18663,54121,52886,26043,7306,40267,10839,5836,32737,55673,36788,27882,21492,51480,2565,460,26812,50254,49306,10944,1936,54296,1541,1228,12964,50250,39564,680,1937,34896,328,7629,5805,35628,52930,11215,1678,43852,15178,9612,25772,63608,38027,26083,21443,55305,25391,20866,21993,56162,39575,10948,23942,35948,14173,7905,29605,39038,54210,1702,395,35914,14155,6646,29100,34153,36259,8421,1936,39802,9292,1482,15555,35628,42946,13800,1931,34426,27997,7922,30138,49784,32909,30886,9950,32892,29000,8076,27564,39460,52942,29611,24523,55576,25353,22676,15555,35628,42946,13800,1931,34426,27997,6385,31155,38444,48066,11458,16787,34582,13376,16778,15589,39225,52942,27062,17118,49152,25391,20866,21993,56162,39575,10948,23942,34938,10310,965,27046,53090,33185,10986,16524,54296,5,7629,28326,34111,40068,10473,13484,49530,30231,20878,10747,35616,56785,20399,21470,51480,11628,1234,24253,54115,44236,9959,5269,34378,11600,9670,32187,55394,36754,8436,4240,51521,25368,24466,5883,35628,52930,11215,1678,43852,15178,11148,29312,52840,52890,26043,31179,51480,25349,8171,27065,59768,38541,5544,415,34653,25425,20895,32138,53118,52968,26022,2014,35673,9801,6284,28583,55657,50838,11762,7835,42333,12364,5334,31143,55422,45004,9957,7579,39500,25353,8171,27065,59768,38541,20399,21492,51480,12037,4813,28840,57900,40588,12787,7357,34634,12608,19586,21993,55394,36758,9960,23963,35926,27474,12029,18065,33608,57280,30183,17352,56155,28693,17350,12024,39021,52358,27823,21492,51480,2565,460,26812,50255,32912,14307,12496,39767,9803,9168,30888,56933,52881,26043,14251,33873,11531,1735,11489,35616,51158,25996,21470,40984,13131,1495,29578,50558,40071,5544,415,34653,25425,20895,29312,56956,44182,15849,31220,51480,25349,7886,32170,35680,33457,8687,411,34938,25431,20895,29312,57215,32899,8421,7632,40541,7181,10749,22675,35108,36051,9396,17613,35595,10005,4241,32506,51519,57040,29876,23260,58129,25349,20866,28826,53093,40071,9412,23948,32875,9823,19586,18921,49736,56463,11176,1179,55312,25353,17295,12541,39724,52942,27824,21492,51480,4101,6350,31149,59774,40067,5544,145,40273,11340,20940,15604,61273,33675,27572,5776,49487,28437,16514,12539,39724,52942,30645,31191,51480,25349,7665,30880,55657,36768,27636,4796,33371,12610,1229,30887,50255,33166,30452,20190,43544,12106,973,13050,55658,33677,724,23484,55563,25353,16785,15589,37695,58571,26022,21470,34155,10060,967,32139,34174,35766,12798,20190,46616,7034,13816,16097,33326,52968,26022,8414,32852,9793,13264,28328,59938,39575,2025,1931,34380,75,7629,28326,38444,35010,10727,5773,51506,25349,8834,30117,52840,44176,14311,10704,34673,9793,20954,15604,41273,52930,26022,8109,36177,12608,4320,12987,51804,35728,12776,20190,43544,12612,31686,15555,35628,33474,9961,8095,47640,10825,5318,24251,55661,33185,11252,411,54296,2565,716,32189,51298,49287,8424,23433,46695,6525,23014,11755,39789,57044,30693,16590,56156,28948,17091,16045,33317,52968,26022,8414,32852,9793,13264,28328,50255,32912,14307,12496,39767,9803,9168,30888,56933,52881,26043,14251,33873,11531,1735,11745,35616,51154,25996,21470,47640,10825,5318,24251,55661,33185,11252,411,47382,12612,8135,15549,35633,33457,8687,411,34938,18775,20904,15593,50988,36237,10727,13790,34129,329,963,8681,57900,40332,9458,4240,51037,9803,22997,17302,61780,50854,30116,16583,56156,28992,17296,16040,33317,52968,26022,8158,35415,12100,898,26792,50277,54210,10406,1951,51024,12102,7363,13497,51236,40087,9424,21394,51477,10824,10188,28840,35621,52941,10414,2975,34926,25417,20879,30116,64866,33411,27055,17374,51476,27156,20904,15593,60716,33419,2026,415,47638,14668,20935,15604,61273,33675,27572,5776,49487,8791,6358,12454,39724,52942,27063,17374,58129,25349,20866,30095,51040,36768,27636,4796,33371,12610,1229,30887,50255,33166,30452,20190,43544,12624,5328,26791,50008,33671,27619,4287,35931,14155,20904,15593,60716,33419,2026,415,43798,12618,5318,20411,53605,48775,15855,8091,54296,29445,20904,15593,60716,33419,2026,415,45846,11628,5318,15537,35633,58580,26022,21470,32894,12105,4320,12987,51804,35728,12776,20190,47640,10825,5318,24251,55661,52968,26022,2014,35673,9801,6284,28583,55657,50838,11762,7835,42333,12364,5334,31143,55422,45004,9957,7579,39500,25353,6372,28837,51790,51088,20364,21470,51480,11337,4289,15525,49738,33422,10949,7564,39773,32261,14466,28583,51832,36236,27619,5776,49487,7290,11258,13453,39470,56963,30128,16797,55816,28993,17299,12200,35176,51147,25996,21470,44824,12108,13006,28326,52834,49296,10949,7564,39773,8823,6342,28604,38444,48066,11458,23955,35926,27474,23955,11497,41253,52930,26022,6840,34132,11366,8144,28332,64290,40067,11235,21386,51461,10851,7630,32139,41342,52968,26022,8158,35415,12100,6018,29372,57199,33163,26088,5773,47692,10825,5318,19131,51053,39114,20399,21470,51480,25349,20866,27050,64894,33411,30886,7902,40281,27981,7617,29096,33660,49812,10406,7575,34926,28489,7298,25768,51802,51086,25996,21470,51480,25349,14466,27815,57209,33184,27646,5802,40256,32261,1410,28582,55672,32907,28129,1693,48970,12100,31627,15593,35628,52930,26022,7314,34907,25417,4818,15549,35633,36751,11762,4304,34900,13128,22922,27050,64894,33411,26790,7902,34641,8819,22734,13289,33580,36751,5118,8095,50200,11781,8139,32159,33376,52942,27062,17118,58129,25349,20866,15593,35628,34724,10730,4796,51018,10870,5336,8681,65068,34726,30699,7632,40541,13069,1473,15589,34620,57282,26026,23246,51506,25349,20866,15593,51244,33411,10218,4255,49491,13894,10192,28840,41253,52930,26022,7579,58204,25391,20866,21993,56162,39575,10948,23942,34430,13894,15825,28582,37240,33185,11240,4251,49484,13891,4812,30141,50531,51146,25996,21470,51480,25349,7554,32678,51053,32962,10483,20190,40216,11594,7383,31147,33662,32939,12534,12682,37207,5899,2503,13757,35590,52930,26022,21470,32792,25411,1228,15524,50040,32903,25996,21470,51480,25349,20866,15593,55340,39559,10709,6039,39773,8819,22990,27047,33377,52968,26022,21470,51480,25349,20866,28649,50276,47765,9449,1933,46608,7034,13816,16097,37437,35792,30388,4813,34826,9491,4755,32251,51519,51136,26026,6794,34124,5952,2503,15549,34082,45506,7641,14244,51984,9491,17301,31487,33326,49346,26024,7306,40267,10839,5836,32737,55673,36788,27882,21458,39756,9808,31627,15593,35628,52930,26022,8091,35915,25391,20866,15593,35628,52930,26022,15070,39254,14160,7904,12977,52824,39578,30886,2014,39511,12625,8139,13486,56943,47248,10727,31191,51480,25349,20866,15593,50537,58502,26022,21470,34653,27201,31656,15593,35628,33166,9445,21394,39505,12641,5827,30126,52322,54210,9126,8095,35915,25391,20866,28905,51299,33411,9126,7563,40283,11340,20940,27836,51816,35734,9424,1682,49501,11596,1234,13757,35590,52930,26022,21470,34072,8266,7619,27881,55395,52922,26043,7575,40008,27985,7922,30138,49784,32909,7592,24286,47640,10825,5318,24251,55661,45004,14052,8081,40269,4928,717,26784,50277,49292,20446,21470,51480,25349,20866,29605,51823,52878,9974,21386,51461,8776,6614,32743,51808,40591,13742,145,51552,25354,7665,30880,55657,36768,27636,4543,34379,13897,5334,30106,52854,46796,26026,24526,55320,18700,20866,15593,35628,52930,10986,4765,51540,8791,20949,15604,49761,47244,10727,22750,49432,8776,10202,28840,34348,33730,11247,4776,49236,26885,386,26794,35590,52930,26022,21470,32792,25411,4303,19121,51053,50114,10406,7575,34926,25417,20892,11515,57132,35722,20456,21470,51480,25349,20866,15593,35628,35729,5874,6802,35932,5463,7619,29153,57197,49290,10720,7313,49482,8791,22741,5856,35628,52930,26022,21470,34141,9814,20904,15593,35628,52930,26022,21470,39448,14144,7665,30880,55657,36788,28138,4755,33100,9483,7886,28326,55588,39299,28582,17118,55560,25356,20877,11512,33340,52968,26022,21470,51480,9733,5580,15555,35628,35778,8680,31220,51480,25349,7665,30880,55657,36768,27636,7607,40008,337,5831,29352,59446,32909,8424,1949,36624,11600,1473,29600,33634,32907,12534,23178,51506,25349,20866,15593,49708,52868,11247,1678,51020,12400,967,29312,56956,47766,13823,21403,54277,1541,1228,12964,55385,40071,11215,1678,48460,13148,24519,29572,55417,44167,12787,7306,55382,11269,20944,29344,56956,49302,14035,411,34673,13909,9686,27824,35689,54239,166,1680,51029,12400,967,29312,56956,47766,13823,23963,34412,8272,20938,29885,50537,52968,26022,21470,51480,25349,20866,30185,61311,36752,8929,7575,51551,25368,982,31164,35590,52930,26022,21470,51480,25349,1154,30905,57197,47239,10727,5771,32784,13131,1495,5856,35628,52930,26022,21470,34653,18753,20866,15593,50537,51078,20364,21470,51480,12400,967,29312,56956,48534,14307,6792,35931,2571,460,26812,50505,35718,32738,7357,34646,8256,22998,27055,51298,34710,11241,6870,39254,14160,31627,15593,35628,52930,26022,5527,32792,13131,1495,18919,52863,42896,13800,1931,36972,9813,19586,15604,50505,33687,4264,5773,41034,13131,1495,26013,52860,41932,12521,5773,40058,14161,8141,15608,55651,34754,13800,1931,48150,9814,14544,27815,57209,38838,8438,20190,51461,11616,7383,18919,52863,42896,13800,1931,36972,9813,9612,27046,50031,39618,8430,31120,51480,25349,20866,15593,35628,52930,14063,442,36441,10818,5836,8681,52524,33411,8437,21492,51480,25349,20866,31209,53090,52968,26022,5854,36182,18700,20904,15593,65068,35729,3316,912,40269,9846,2000,32672,34153,32939,12534,12426,34896,9291,5575,24563,50531,35724,12773,5590,34637,14150,7883,13479,50533,39826,27890,21492,51480,25349,20866,30185,35690,40331,14274,5279,32863,9291,4226,30887,33580,32907,12534,23946,39533,12608,8171,27065,65400,40603,26083,20163,44056,13899,24527,28572,55657,32939,12534,10122,39233,27968,7919,28604,58985,39053,10467,7579,51532,12618,6274,27815,57209,48076,8437,14988,39254,14160,2294,31161,38444,52959,11203,7819,48150,9814,14544,27815,57209,38838,8438,10192,40023,11078,20875,29885,50537,52968,26022,21470,51480,25349,20866,27113,53116,39555,5091,8095,35917,10765,460,26812,41253,52930,26022,21470,51480,11584,31686,15593,35628,32903,27874,31220,51480,25349,4310,28843,34153,32907,8437,1932,39696,9280,715,31165,52862,48518,9443,4236,41040,9809,719,15589,60791,36752,8427,20190,43544,12612,24006,18665,54121,52886,26043,6794,34124,5952,2503,25021,41253,52930,26022,5772,40012,11607,2690,15555,35628,52930,26022,8414,40285,32261,642,26796,51039,35467,14307,4776,50516,25391,20866,15593,35628,43458,12771,20190,36632,11600,1473,29600,33634,52939,8436,1674,34634,8197,983,32159,35680,32903,20450,21470,51480,18776,8135,5805,50950,36237,10727,5598,34637,14150,7883,15527,53101,43654,10996,6030,40535,27467,4306,31163,57186,52942,11506,8074,48477,15168,24022,29673,57212,33163,14056,21458,35932,8771,7639,19133,51053,52942,9445,8082,34906,10310,31627,15593,35628,33166,9445,21394,35915,9801,1473,30892,38444,35522,9187,1695,40276,8819,20942,28326,33580,40589,11506,7569,51531,11588,20934,27814,49784,32909,7925,11983,51473,12618,11906,17558,61270,52426,27812,21492,51480,12037,4813,28840,49708,43921,13822,7583,35932,25409,20895,32175,55392,58503,26022,21470,34388,8774,20942,27814,49784,32909,12484,1930,34647,25430,20895,25010,41222,52930,26022,7314,34907,25417,4321,30907,38444,42946,14056,4746,35414,27968,5324,13502,62547,46266,28098,17372,55809,28993,17351,12027,35181,51147,25996,21470,43544,12612,24518,30106,52854,54210,4262,6842,56149,11531,1735,11745,35616,49874,30118,21458,53516,18700,20866,15593,51791,35472,1960,4255,36435,11351,8151,24493,51043,40077,26037,21443,40059,12631,8135,18621,52836,35727,1704,415,58204,25349,20866,32138,53118,44236,9959,5269,34378,11600,9670,32187,55394,36754,8436,4240,51521,25368,24466,5885,35628,52930,9413,6028,43798,12618,5318,20411,53605,48775,15855,8091,54296,29445,20904,15593,59436,40067,27618,8125,39249,1878,711,31146,53090,32899,14066,20190,40216,13911,31687,15593,35628,36769,8692,10704,34673,9793,20954,15604,41272,52930,26022,4797,36170,4875,963,29356,35704,52959,9462,5772,40278,25391,20866,26857,51565,35726,11432,144,39773,27473,6614,29100,59241,40331,8434,5776,39498,11,963,28589,35616,36769,8692,31191,51506,25349,7554,32678,51053,44482,14311,12442,39767,9803,20944,15604,50501,39569,11239,5789,34582,13376,11914,17558,61270,52426,9399,17870,35336,29463,5521,11771,51774,35537,27812,31191,51480,25349,4321,30907,50255,32912,14307,12496,39767,9803,9168,30888,56933,52881,26043,14251,33873,11531,1735,11489,35616,51156,25996,21470,43544,12612,12998,28326,52834,49296,9430,5772,40278,32261,12930,28328,41320,52968,26022,8158,35415,12100,12930,28328,63592,40086,12009,21403,51461,11628,1489,29352,52847,32972,13027,11478,45415,1919,21386,32248,40252,36307,10165,6093,55562,30487,4240,13803,41253,52930,26022,4797,36170,14198,7888,31138,59426,33421,14313,20190,43544,12624,5328,26791,50008,33671,27619,1965,34378,9806,20904,15593,59436,40067,5858,394,33367,27968,6646,32672,50535,40327,26101,21443,58121,25349,20866,32138,53118,39601,10996,5781,48406,8791,716,32185,52862,36236,26111,21443,50952,30225,20904,15593,59436,40067,5858,394,33367,27968,4338,31163,57186,54210,1702,415,58204,25349,20866,32189,51054,49287,11247,5773,40266,14093,5322,31140,49728,39569,11235,411,51019,14198,7888,31138,34687,44482,14311,8346,39756,10314,22727,15555,35628,58562,26022,21470,39257,12117,13019,28328,58216,39053,14307,12502,39769,28481,12930,28328,63592,40086,12009,23195,58162,25349,20866,29605,51823,52878,11474,8074,51549,25368,8171,26810,50541,35713,11176,1179,46608,7034,13816,16097,51517,36816,29365,4557,55816,9751,5520,32251,38974,51136,20399,21470,51480,10865,7638,12972,52824,39578,30886,2014,40273,9801,5366,26801,35590,52930,4518,1943,35924,1291,8141,15549,35633,32935,10483,13776,34647,27985,7909,29885,50797,33184,8682,21492,51480,5893,1483,31141,65314,38535,5874,2455,51549,25368,16531,15555,35628,47810,12783,5778,48406,15168,13014,28838,55651,52945,26043,7357,34388,28759,6028,29627,63841,44197,30638,17354,51476,30487,23954,12009,40504,58571,26022,21470,32876,12113,24519,29593,49791,34710,11241,20190,48152,10849,17359,29415,56425,57034,26026,16847,51476,28437,16514,13823,35590,52930,4518,1943,35924,4107,3019,15532,35633,43703,10479,24012,35926,27474,24466,10749,35616,49874,30118,21458,57097,18700,20866,15593,49752,33430,27619,5802,40256,637,6350,29358,52833,39564,30886,14046,40022,27976,5366,26801,59988,34702,11233,5779,40278,3851,6087,5821,35628,52930,11474,8074,51037,8807,6849,28334,56931,35468,14290,7583,39243,12612,8135,26026,38444,57282,25996,21470,48408,14156,5326,18151,50501,35718,26110,21443,58125,25349,20866,30109,51064,49287,9430,5772,40278,32261,12930,28328,41320,52968,26022,8158,35415,12100,13698,29627,59772,32918,30886,15070,39510,8785,4812,12972,52834,50837,6873,10662,49532,29191,17344,12200,38971,56960,30434,16543,55898,28999,17298,16120,33317,52968,26022,14302,34378,341,8150,20455,53605,52871,26043,14251,33873,27927,5324,13502,34108,54998,26026,24526,55576,25353,18320,5856,35628,52930,14274,913,40314,27979,7922,30138,49784,32909,30886,9950,32892,29000,8076,27564,39716,56268,26026,24526,55576,25353,16531,5856,35628,52930,14274,913,40314,27979,4320,30634,55659,39821,8680,7357,34388,28759,19586,24553,51043,40077,27573,408,33879,1143,23008,11003,35616,55504,26026,18381,58129,25349,20866,28301,56163,39584,27624,4796,33371,12610,1229,30887,55640,32899,13813,415,34653,14918,19586,11497,39202,52968,26022,14302,34378,341,8150,18663,54121,52886,26043,214,34141,8256,5334,15533,38514,45506,7641,14244,51984,27143,4226,30887,33580,35729,8426,1949,36189,27909,20876,17302,61780,50854,29604,4760,36188,9500,21395,13792,35621,40077,6822,11169,44386,24845,4755,32251,38974,36816,9908,4557,55310,29203,16532,31487,53101,55174,29920,23260,51506,25349,13698,29627,59772,32918,936,7569,51532,25368,8167,29116,60706,32909,27634,7353,33100,11844,7904,30885,35590,52930,422,7308,43848,11601,9612,25772,63608,38027,26083,21443,55561,25391,20866,22761,50302,44178,11250,10192,37213,81,7629,28326,35647,52959,12485,396,34653,5969,5322,31140,59938,36225,11235,12682,32842,11074,31702,15593,35628,40102,13801,1980,51030,13924,7894,27019,57208,32909,10949,7314,51530,25368,4292,28581,41321,52930,26022,442,39255,14183,24524,21907,53090,38535,30886,18142,51506,25349,13698,29627,59772,32918,5544,415,34653,25425,20895,32138,53118,52968,26022,4830,36188,10871,466,31141,61220,33168,2038,7562,58129,25349,20866,32189,51054,49287,11247,5773,40266,14093,5322,31140,49728,39569,11235,411,51019,12641,461,29613,50555,49809,422,7308,43848,11601,31627,15555,35628,33474,9961,8095,44312,11351,13266,29373,50255,32912,14307,20190,40984,12363,4310,32679,34153,35724,28145,11425,45920,27489,16512,11432,39738,56449,30390,16794,56073,28740,21446,13792,35590,52930,422,7308,43848,11601,7905,29371,55657,44492,14313,5776,47946,10052,1227,15546,35633,43703,10479,7632,40541,29453,20878,13821,35590,52930,422,7308,43848,11601,7905,29371,55657,48844,14311,7579,51532,25368,998,27814,57166,58508,25996,21470,34072,8266,7619,20713,55397,43158,9460,5779,54296,2565,716,32189,51298,49287,8424,23433,46695,6525,23014,11499,38965,56454,30691,16844,52057,27148,20904,15593,59180,40331,1010,4748,35925,4107,3019,15532,35633,43703,10479,24012,35926,27474,23955,12777,40766,52942,27062,7902,40281,27981,4303,13489,50223,39570,10991,144,51476,27156,23426,12009,33338,52968,26022,16350,39505,1361,4304,31140,64290,40333,12783,7319,51542,25368,13815,29088,34110,35724,28145,24526,55320,28439,16770,15589,37688,58571,26022,21470,32884,14166,996,29096,34153,36768,12005,409,40023,10059,1014,29352,56191,40067,11235,2717,54296,29189,20904,15593,59180,40331,1010,4748,35925,6411,8171,31149,35700,52959,20403,21470,51480,10857,1489,28303,50797,49287,9430,5772,40278,32261,12930,28328,41320,52968,26022,8158,35415,12100,15746,28576,59256,38787,12521,21386,51461,11628,1489,29352,52847,32972,13027,11478,45415,1919,21386,32248,40252,56786,29620,4301,35595,28693,5264,11002,39742,36817,10165,23260,58129,25349,20866,30085,57215,36782,11007,1931,47382,10052,6342,31655,38444,48066,11458,23955,35926,27474,23954,10473,41253,52930,26022,6834,40267,8809,7899,26812,64290,40067,11235,21386,51461,10857,1489,28303,50797,58503,25996,21470,34072,8266,7619,31465,50553,39553,10991,21392,35914,13895,7627,21421,57212,33163,14056,7638,40541,13162,726,5856,35628,52930,26022,21470,39255,10833,8141,15546,35633,35724,2801,1934,51531,12618,2690,5812,35628,52930,26022,21470,34398,25431,24061,32489,50552,34754,26088,919,32857,12375,7818,26809,50277,44172,12787,7306,39510,25356,7878,15555,35628,52930,26022,21470,51480,8453,8150,22771,55401,40086,15593,23254,51506,25349,20866,15593,52780,35468,25996,21470,51480,25349,1410,32424,52832,36300,8426,415,34320,14165,7883,24231,57209,33174,14056,31191,51480,25349,20866,15593,35590,52930,26022,21470,42264,12364,14294,32187,52833,48588,16367,21403,51461,1904,7371,13051,52834,50837,27063,24286,56586,25353,23954,29161,57197,49290,9451,23430,34331,14165,7883,28583,35616,51155,28582,16862,49166,25391,20866,15593,35628,35010,14313,11486,51476,13130,20950,29344,49708,36754,14319,23437,39255,10833,8141,13754,53036,58509,26022,21470,51480,25349,20866,15593,50272,36737,26090,945,43852,11601,19586,21993,55394,36758,9960,23963,35926,27474,12029,18065,33608,57280,30692,16543,55823,29511,17094,12200,39022,56448,30646,20943,49169,25391,20866,15593,35628,52930,26022,15582,40264,14183,24524,30106,52854,54210,4262,6842,56149,11531,1735,11745,35616,49874,30118,21458,56074,18700,20866,15593,35628,52930,26022,21470,39287,337,8150,24295,51309,35209,10996,7563,43612,12106,973,15610,35633,33185,10986,16524,36630,11351,9167,24206,39204,49872,30630,24524,56088,27165,20904,15593,35628,52930,26022,21470,42520,14165,1504,12967,51790,34177,14305,1681,36182,12657,8131,27834,55661,32903,15589,20190,55576,28939,20904,15593,35628,52930,26022,21470,42520,14165,1504,12967,52824,39578,30886,7390,40264,25391,20866,15593,35628,52930,26022,15582,40264,14183,24524,29583,57186,54210,166,1680,51029,11363,1484,23527,57187,36746,2283,6043,40017,18760,20866,15593,35628,52930,26022,21470,39287,337,8150,18663,54121,48534,16367,21403,51461,29460,20904,15593,35628,52930,26022,21470,42520,14165,1504,12967,52824,39578,10949,7314,55882,32261,12930,28838,55651,49361,14304,7825,44650,27495,16784,12537,39212,57042,26026,17100,49160,25391,20866,15593,35628,52930,26022,15582,40264,14183,24524,27016,50296,39840,12786,7569,34427,11337,20944,15604,51818,40334,20451,21470,51480,25349,20866,15593,35628,40621,2034,7562,45846,11628,5318,15537,35633,58580,26022,21470,51480,25349,20866,15593,56131,44182,11250,9168,39769,11584,20950,15604,49728,39569,14272,7839,58205,25349,20866,15593,35628,52930,26022,6047,47964,13132,7634,13484,56131,44182,11250,31191,51506,25349,20866,15593,35628,52930,10662,4241,34137,3077,1490,29578,50558,40071,30886,15070,39510,8785,4812,12972,52834,50837,6873,10662,49532,29191,16835,11519,39279,56786,30690,16847,55897,24897,22667,15555,35628,52930,26022,21470,51480,3077,1490,29578,50558,40071,1704,401,35926,4439,5571,27040,35711,52959,467,7831,34582,13376,16778,15589,33336,52968,26022,21470,51480,25349,20866,21481,57212,33185,11252,411,47382,12612,8135,15549,35633,40621,2034,7562,58162,25349,20866,15593,35628,52930,26022,945,43852,11601,15500,27046,52863,39840,12786,7569,43529,10825,6849,24563,50531,35724,12773,5590,34637,14150,7883,13479,41253,52930,26022,21470,51480,25349,20866,15593,35628,35729,8426,1949,36189,32261,7810,26809,35590,52930,26022,21470,51480,25349,20866,15593,61228,33168,2038,7562,48406,15168,20950,15604,52863,35726,12773,6043,50968,25355,12029,18065,33608,55488,9440,6042,36609,24852,31627,15593,35628,52930,26022,21470,51480,25349,20866,28576,54089,36754,8680,6043,54296,9477,7619,31162,35590,52930,26022,21470,51480,25349,20866,15593,57132,35733,11235,12502,39769,28481,2690,30106,52854,54210,4262,6842,56149,11531,1735,11745,35616,49874,30118,21458,53516,15884,20878,13049,40510,58571,26022,21470,51480,25349,20866,15593,35628,52930,9445,8082,34906,10310,650,28844,51305,35734,27874,21492,51480,25349,20866,15593,35628,52930,26022,222,34384,5970,4301,26810,62500,46781,476,20950,55560,9494,5009,11003,39742,57296,9136,4303,34826,28695,4240,32763,51519,36816,10164,23260,51476,13130,24022,26857,56958,51079,25996,21470,51480,25349,20866,15593,52780,35468,20399,21470,51480,25349,20866,15593,35628,36758,10724,23963,34641,9814,1488,29665,57212,33163,2024,1931,34380,12363,20878,27782,59768,32918,20399,21470,51480,25349,20866,29356,41320,52930,26022,7579,58204,25391,20866,28393,51561,34711,8682,945,32844,11594,22993,27814,49784,32909,27893,31220,51480,25349,998,27814,57166,49292,10955,139,43869,14160,7894,11687,51023,36235,32749,7357,34646,8256,22998,27055,51298,34710,11241,23254,51506,25349,20866,15593,56108,36750,5887,1681,36182,7181,10749,22675,35108,36306,30388,17868,35338,30487,22656,5856,35628,52930,26022,21470,39505,15200,4306,30887,53097,54210,11174,1937,32792,1622,474,29352,52840,58502,26022,21470,51480,25349,6091,30185,61055,40602,11239,5786,51548,11089,8135,15555,35628,52930,26022,21470,51480,12037,4813,28840,57132,40067,8417,15242,54296,11781,1475,12961,49761,50828,30643,22750,49432,11270,1490,29600,55394,50370,30630,23240,51476,30487,22674,15555,35628,52930,26022,21470,51480,14085,5333,29356,59428,40067,27106,2270,32875,9823,19586,18921,49736,56463,11176,1179,55312,25353,23954,11497,35616,36758,8948,1947,49264,28504,16770,12007,33337,52968,26022,21470,51480,9733,718,5804,35628,52930,26022,21470,51480,25349,1750,31148,33634,36769,8692,21458,47683,14668,20935,15604,61273,33675,27572,5776,49487,28436,16770,15589,34620,56002,27838,24451,55576,28939,22679,15555,35628,52930,26022,5854,36182,25391,20866,31209,53090,58571,25996,21470,40216,8516,5326,30183,55394,40071,28146,5772,32863,14166,967,30892,52831,40067,11749,1975,33885,28502,2690,28303,50797,52871,26043,4797,36170,25353,5366,26801,38444,39618,12783,5778,35948,14173,22751,15555,35628,40130,12771,395,51542,18782,20866,15593,35628,52930,8405,21386,51461,13891,4812,30141,50531,39114,10727,31191,51480,25349,20866,15593,35628,52930,8437,5778,40283,10048,19586,27369,51053,52968,26022,21470,51480,25349,20866,22761,50302,44178,11250,10192,37213,25425,20895,31162,52832,39553,8675,24030,51478,7290,11258,13453,40238,36740,8674,5575,51977,18700,20866,15593,35628,52930,26022,21470,34907,12105,4288,30634,55332,33415,9955,5770,49244,25391,20866,15593,35628,35778,8680,31186,51480,25349,20866,15593,52830,40068,14051,21398,51461,13891,4812,30141,50531,32970,13027,945,39500,25353,5318,32175,51065,48534,10723,4251,49228,25391,20866,15593,35628,52930,26022,478,35677,10832,5582,27782,49784,32909,28149,5776,42575,14165,22737,15555,35628,52930,26022,21470,51480,10757,20932,31149,51818,33431,5874,8091,35421,25425,6614,29356,35590,52930,26022,21470,51480,25349,20866,15593,55340,33415,9955,5770,51548,25368,5318,32175,51065,48534,10723,4251,58188,25349,20866,15593,35628,52930,26022,21470,51480,12641,461,26763,34146,35766,12798,20190,39448,12096,4807,31165,35688,49356,6822,11169,44386,24845,6036,30888,37480,57220,27812,21492,51480,25349,20866,15593,35628,35778,8680,21492,51480,25349,20866,31209,53090,58574,26022,21470,51480,25349,5349,15549,35633,39812,9960,6794,34647,27149,898,26796,55673,52876,8437,5778,40283,10048,5250,30887,35590,52930,14502,5876,36182,18735,7886,32170,35680,39812,9960,6794,34647,8709,5574,31133,57204,32939,12534,23434,34888,9815,1484,15589,49784,33430,4579,2971,50508,13061,4302,31146,50276,35470,14307,5802,40256,25353,5318,32175,51065,47254,10727,21458,34907,12105,4288,30634,41253,52930,26022,7314,34907,25417,1217,28347,50537,47766,15843,21386,51461,9793,4292,28860,64888,33411,10918,21388,46695,6525,23014,16107,41253,52930,26022,7314,34907,25417,4321,30907,38444,42946,14056,4746,35414,27968,5324,13502,62547,46266,28098,17372,55809,28993,17351,12027,35181,51147,25996,21470,43544,12612,24518,30106,52854,54210,4262,6842,56149,11531,1735,11745,35616,49874,30118,21458,53516,18700,20866,15593,51791,35472,1960,4255,36435,11351,8151,24493,51043,40077,26037,21443,40059,12631,8135,18621,52836,35727,1704,415,58204,25349,20866,32138,53118,44236,9959,5269,34378,11600,9670,32187,55394,36754,8436,4240,51521,25368,24466,5885,35628,52930,9413,6028,43798,12618,5318,20411,53605,48775,15855,8091,54296,29445,20904,15593,59436,40067,27618,15012,36182,15168,19586,10473,35590,52930,1702,415,51036,8821,5328,26791,38444,40642,14311,7579,58188,25349,20866,32189,51054,49287,11247,5773,40266,14093,5322,31140,49728,39569,11235,411,51019,8806,5584,12474,59436,40067,27874,31220,51480,25349,7886,32170,35680,36769,8692,7357,34634,12608,19586,21993,55394,36758,9960,23963,35926,27474,12029,18065,33608,57280,30183,17352,56155,28693,17350,12024,39021,52358,27823,21492,51480,5,963,24493,55651,35724,27636,7357,34634,12608,4336,30125,55417,54210,4262,6842,51029,9803,22997,12537,40236,58571,26022,21470,34939,10071,7905,29371,55657,48844,14311,7579,51532,25368,4321,30907,41222,52930,26022,7314,34907,25417,4321,30907,57183,33168,8429,20190,40984,12363,4310,32679,34153,35724,28145,11425,45920,27489,16512,11432,39482,56705,30436,16794,56072,28945,21443,13792,35590,52930,1702,415,47708,12625,6861,12972,50255,33166,26100,21443,40059,12631,8135,18621,52836,35727,5800,394,33367,18752,20866,15593,51791,35472,12757,7308,35923,5899,6346,30634,52834,40337,30886,17118,51506,25349,12930,28328,63592,40086,12009,23963,39788,11588,465,28328,50537,38785,30886,17374,56598,18704,20866,15593,51791,35472,12757,7308,35923,4875,963,29356,35704,52959,9413,6028,51506,25349,1410,32424,52832,34764,14056,411,49484,11089,7367,20652,55397,35734,8424,140,47638,12625,6861,28588,35616,36769,8692,1965,34378,9806,31627,15593,35628,52968,26022,4830,39240,14921,4321,30907,50244,35732,28148,4797,36170,25353,4321,30907,57183,33168,8429,31191,51506,25349,7554,32678,51053,47810,12783,5778,54296,2565,716,32189,51298,49287,8424,23433,46695,6525,23014,11755,39278,56707,30385,17308,56075,28992,17350,11944,35135,51147,25996,21470,48408,14156,5326,18663,54121,52886,26043,6794,34124,5952,2503,5821,35628,52930,11474,8074,51037,11363,1484,8681,60972,39820,27627,7352,40278,1035,1485,32161,59745,33421,20450,21470,51480,10865,7638,12972,52824,39578,11477,5764,54296,29189,31635,15593,35628,34742,10738,23963,35948,14173,7905,29605,39038,54210,1702,8081,39767,27926,964,29094,60510,50848,29108,24526,56088,29457,20878,10491,33337,52968,26022,10206,40273,9801,8588,28582,57189,33163,26088,21443,44397,11852,24464,31143,33659,49874,29862,24524,55576,25353,18323,5856,35628,52930,11474,8074,51037,10870,5336,8681,65068,34726,30699,7632,40541,29453,17804,12540,39724,52942,27062,17118,49166,25391,20866,18665,57189,35726,4520,2971,45388,12132,5835,29095,50537,52886,26043,7611,33869,5899,2503,17597,51021,35211,10472,7579,51020,9833,1476,15555,35628,47810,12783,5778,43798,8260,5833,29627,50553,47750,9460,144,34888,9815,4812,15536,35633,58579,26022,21470,32876,12113,24519,21907,53090,38535,30886,18142,51506,25349,9602,26784,52832,48844,14311,7579,51532,25368,4321,30907,41222,52930,26022,7314,34907,25417,8171,27065,59768,38541,30886,15070,39510,8785,4812,12972,52834,50837,6873,10662,49532,29191,17344,12200,38971,56960,30690,16590,51983,27148,20904,15593,57900,40588,12787,7356,51008,10870,5336,8681,65068,34726,30699,7632,40541,29453,17804,12529,39724,52942,27062,16862,49166,25391,20866,21993,56162,39575,10948,23942,34408,10838,6358,29350,38444,48066,11458,16787,34582,13376,16778,10727,35616,49874,30118,21458,55305,18700,20866,15593,50501,39826,2034,2961,43798,8260,5833,29627,50553,44422,10729,401,51467,25368,7905,29605,39038,35020,10996,8595,43903,28941,23956,12009,34618,56770,27826,21492,51480,2565,460,26812,50254,49306,9412,6301,39775,13898,5580,28317,50541,40593,14311,7579,36955,32261,16770,12007,35590,52930,3238,912,40269,11367,24538,31133,57204,54210,9894,395,35914,14155,5366,26801,35590,52930,3238,912,40269,11367,24538,28825,51309,34439,10729,5786,48458,15168,20950,15604,51068,36227,11747,8081,35932,5975,2503,15549,55651,45506,7641,14244,51984,8468,18321,31482,51774,35028,29364,4812,36107,8727,16532,11775,39482,51136,25996,21470,40984,13131,1495,29579,34164,33458,9959,7067,34135,9793,13008,28838,55651,52945,26043,7357,34388,28759,6028,29627,63841,44197,29870,17356,51476,28948,23954,11753,39743,58571,26022,21470,34673,13909,13270,25766,60706,32909,26098,21443,34685,11856,14220,29350,34168,33189,11762,7839,35957,10817,7383,15555,35628,42946,13800,1931,34426,27997,5366,26801,49759,35736,30886,17118,58120,25349,20866,29312,56956,44182,15849,10192,37213,81,7629,28326,35647,52959,10949,7314,55882,9483,7888,20132,59723,56522,28850,21458,56586,28432,17282,11516,41253,52930,26022,7607,40008,337,2509,18151,50501,35718,26110,21443,58125,25349,20866,29312,56956,44182,15849,9168,39769,11584,20950,15604,51791,35472,20364,21470,51480,11337,4289,15525,50501,39826,1778,401,35926,25431,20895,29312,57215,32899,8421,7632,40541,7181,10749,22675,35108,36819,29622,4302,55562,10006,16528,32251,53055,51136,20399,21470,51480,11628,1234,24509,55651,35724,27636,7357,34634,12608,4336,30125,55417,54210,4262,6842,51029,9803,22997,12537,40748,58571,26022,21470,34673,13909,13014,28326,52834,49296,9430,5772,40278,32261,14466,27815,57209,33184,20478,21492,51480,2565,460,26812,50254,49306,10944,1693,42315,12362,19414,29578,50530,36231,28146,1688,35414,10833,8141,13793,35590,52930,26022,21470,35352,12624,5328,26791,52824,39578,30886,15070,39254,14160,7904,12977,52824,39578,25996,21470,51480,25349,4738,28840,51552,36227,28141,1693,39754,11584,9686,25772,33400,52968,26022,5854,36182,18700,20904,15593,57132,35971,8426,6864,39510,12608,22998,31163,49771,39569,14307,6043,35947,12612,6593,26752,50793,49809,16038,440,33881,25408,20895,32138,53118,52942,8402,1926,54296,14085,1483,31141,52824,39578,27899,21492,51480,12549,1479,28348,35682,58521,26022,21470,51480,25349,5361,15549,35633,39812,9960,6794,34647,13581,7619,5856,35628,52930,26022,21470,51480,25349,1217,28347,50537,47766,15843,21386,51461,8787,31694,15593,35628,52930,26022,21470,51480,11628,1234,24253,54115,47820,15843,21386,51461,13894,976,29356,65400,38535,20466,21470,51480,25349,20866,15593,35628,36737,10730,4764,33371,8205,983,31163,57186,35766,12798,31191,51480,25349,20866,15593,50537,49798,25996,21470,51480,25349,13954,26796,38444,35010,11251,1949,34385,27467,20875,31163,56952,32912,9894,395,35914,14155,5366,26801,52780,35468,25996,21470,37912,9775,5580,5827,50272,36737,26090,1688,35414,10833,8141,32233,53096,35753,10239,7575,49500,8789,5328,26791,35616,34710,10738,10139,37213,28497,5506,28588,65391,38535,27122,6110,36701,13892,1486,31106,34677,36290,10727,4498,35417,27214,20904,15593,50988,36237,10727,4318,39757,9815,1484,31106,35701,52959,8418,4760,34125,2129,2247,15555,35628,33474,9961,8095,32792,3926,715,31165,49762,35212,30886,5598,34137,9814,31656,15593,35628,33166,9445,21394,34939,10071,19586,21993,55394,36758,9960,23963,35926,27474,12029,18065,33608,57024,30399,16794,56157,28951,21443,13792,35590,52930,1702,415,51036,10870,5336,8681,65068,34726,30699,7632,40541,29197,20878,12537,39724,52942,32178,31191,51480,25349,4321,30907,59682,36227,8941,7308,34637,65,7629,28326,35647,52959,12485,396,34653,5969,5322,31140,59426,40067,20450,21470,51480,8806,5584,24295,51309,35209,10996,7563,48476,8791,716,32185,52862,36236,26111,21443,50952,18705,20866,15593,51791,35472,1960,401,35932,4183,3019,19628,54117,33415,30886,17374,51506,25349,12930,28328,34152,42936,8680,2971,54296,30469,20904,15593,59436,40067,27618,4782,35914,14155,19586,27881,55661,32903,20466,21470,51480,8785,7616,12972,50533,35729,12788,2006,35920,9800,6382,26810,50537,40071,27637,4797,36170,28502,12930,28328,33384,58600,26022,21470,34388,8774,20942,32138,53118,33185,11252,411,54296,2565,716,32189,51298,49287,8424,23433,46695,6525,23014,11755,39789,57044,30693,16590,56156,28948,17091,16045,33317,52968,26022,12510,39769,65,973,31143,34174,33185,11252,411,34922,10817,727,8681,65068,34726,27627,5776,49487,28437,18306,5856,35628,52930,9413,6028,34427,11607,967,19687,55661,32903,26098,21443,34939,10071,31656,15593,35628,33166,9445,21394,34939,10071,1521,29627,52839,54210,3238,144,34892,8267,24519,31143,33659,45501,8158,23482,55322,29508,16532,12202,39022,56454,30646,16842,52057,27148,20904,15593,59436,40067,5858,394,33367,27968,7905,29605,35710,52959,12485,396,34653,5969,5322,31140,63522,40086,12009,31131,51480,25349,4321,30907,57183,33168,8429,10192,32848,10310,5324,28602,38444,57282,25996,21470,43544,12612,8902,28349,49251,49287,14290,7583,39243,12612,8135,26026,38444,57026,29096,31179,51480,25349,4321,30907,57183,33168,8429,9168,39769,11584,20950,15604,51791,35472,25996,21470,40216,8516,5326,30183,55394,40071,28146,7050,33885,3904,715,31165,52834,40336,5800,394,33367,12352,20878,32138,53118,39601,10996,5781,58129,25349,20866,15555,35628,36802,13814,2706,34939,10071,7914,31167,33662,36769,8692,21458,34939,10071,1521,29627,52839,58571,25996,21470,34072,8266,7619,18665,57189,35726,30886,15070,39510,8785,4812,12972,52834,50837,6873,10662,49532,29191,17344,12200,38971,56960,30645,16795,56156,28996,21393,13792,35590,52930,4518,1943,35924,5899,2503,15549,35633,34710,10738,10139,37213,18769,20866,15593,49752,33430,27619,7352,40278,32261,13442,27047,34145,33188,12776,13520,40279,8781,13263,28838,41320,52930,26022,6826,34124,27968,5366,26801,49759,35736,30886,17118,58121,25349,20866,30109,51064,49287,8402,1926,34427,11337,17104,8681,59436,33421,14313,24013,39774,11850,14064,13451,40766,49874,30630,17354,51476,30487,22679,15555,35628,47810,12783,5778,47382,12362,1483,29600,35682,52959,467,7831,50954,9803,22997,12537,39468,49872,30118,21458,49152,25391,20866,18665,57189,35726,5800,2455,51549,25368,13815,29088,34110,35724,28145,24527,50200,30236,20878,12537,39468,51158,25996,21470,48408,14156,5326,18663,54121,46742,10695,5271,33878,11584,20950,15604,50505,33687,4520,2971,45388,12132,5835,29095,50537,49302,8394,1944,51506,25349,9602,26784,52832,44236,9959,5269,34378,11600,9670,32187,55394,36754,8436,4240,51521,25368,31635,15593,35628,34742,10738,23963,41058,10059,2503,8681,40492,52968,26022,10206,40273,9801,8588,28328,50537,52886,26043,4797,36170,18735,20866,15593,50272,36737,26090,5818,35403,32261,14466,28583,51832,36236,27619,5776,49487,7290,11258,13453,39470,56448,30439,16585,55642,28950,17351,11949,39277,52433,27823,21492,51480,1797,711,12970,52824,39578,30886,6110,39517,5958,2503,15549,55651,45506,7641,14244,51984,27143,20904,15593,61228,40327,27621,7352,40278,32261,13442,27047,34145,33188,12776,13520,40279,8781,31695,15593,35628,35750,9973,10192,37213,4177,3019,15532,35633,58587,26022,21470,35964,8278,9612,25772,59512,33421,14313,21453,51461,11366,7886,12219,52514,33168,6123,12729,55312,29457,20878,10488,34620,57282,30131,31191,51480,25349,5350,32698,64290,40333,12783,7319,51542,25368,13815,29088,34110,35724,28145,24526,55320,28439,16770,15589,40766,58571,26022,21470,35964,8278,8844,26272,35689,52959,467,7831,50954,9803,22997,12536,34348,56283,26026,24526,55320,27153,20904,15593,61228,40327,27621,5802,40256,637,6350,29358,52833,39564,30886,14046,40022,27976,5366,26801,59988,34702,11233,5779,40278,3851,6087,5821,35628,52930,8386,4237,43798,8260,5833,29627,50553,47750,9460,144,34888,9815,4812,15536,35633,58579,26022,21470,35964,8278,11148,29312,52840,52890,26043,31179,51480,25349,5350,32698,64290,40067,11235,21386,51461,8806,5584,5827,35628,52930,10986,4765,51540,10855,5580,26763,35682,52959,11215,1933,34649,9798,8076,27564,62500,46781,476,20950,35593,8727,18065,32506,53052,36817,10165,4557,55562,29207,22656,5856,35628,52930,11460,6032,40314,27979,6385,31155,38444,48066,11458,16787,34582,13376,16778,15589,40500,52942,27062,16862,49164,25391,20866,24297,50533,44166,11250,9168,39511,14156,7883,15527,35633,43703,10479,24012,35926,27474,23955,12777,39989,52942,27574,24523,50200,28948,31627,15593,35628,34720,8680,1980,51030,8807,6849,28334,56931,35468,10949,7314,55882,32261,12930,28838,55651,49361,14304,7825,44650,27495,18320,15589,40254,52942,29109,31191,51480,25349,6368,30887,57166,49292,9412,6301,39775,13898,5580,28317,50541,40593,14311,7579,36955,32261,16770,12007,35590,52930,1958,7575,43868,11601,9612,25772,35704,52959,6873,10662,49532,29191,21398,15584,34082,36290,14323,5772,40278,9838,24539,32135,52833,49346,26024,11425,45920,27489,16512,16123,41253,52930,26022,6844,36182,14183,24524,29583,57186,54210,166,1680,51029,11363,1484,23527,57187,36746,2027,8081,58204,25349,20866,30091,53090,39584,27624,5802,40256,10870,5336,8681,39468,58578,26022,21470,32890,10059,1504,12967,52824,39578,10949,7314,55882,32261,12930,28348,52862,39564,11730,7835,51037,8292,5313,26791,55630,35211,12782,21492,51480,261,8139,24237,50552,45004,12787,12689,40269,11345,13004,28838,55651,54210,9126,8095,35915,25391,20866,24297,50533,44166,11250,10704,34673,9793,20954,15604,41273,52930,26022,6844,36182,14183,24524,32153,52862,39564,30886,12510,39769,18753,20866,15593,53101,48262,13807,8078,49501,10855,5580,26763,33378,52968,26022,2014,35673,9801,6284,28583,55657,50838,11762,7835,42333,12364,5334,31143,55422,42444,15587,6812,36182,28502,13186,29344,59752,32918,20399,21492,51480,12037,4813,28840,59692,32907,1762,401,35926,25431,20895,29312,57215,32899,8421,7632,40541,7181,10749,22675,35108,36819,29622,4302,55562,10006,16528,32251,53055,51136,20399,21470,51480,10855,5580,29578,50558,40071,1704,401,35926,4439,5571,27040,35711,52959,467,7831,34582,13376,16778,15589,33337,52968,26022,12766,34641,65,973,31143,34174,36786,8436,1936,54296,261,8139,24237,50552,58600,26022,21470,34388,8774,20942,30091,53090,39601,10996,5781,54296,2565,716,32189,51298,49287,8424,23433,46695,6525,23014,11755,39789,57300,30437,16540,56156,28949,17302,16040,33317,52968,26022,12766,34641,4161,982,30630,34153,33185,10986,21388,51461,11366,7886,12219,52514,33168,6123,12729,56592,28432,17794,12540,40492,51159,25996,21470,43800,11596,8902,28349,49251,49287,11730,4247,34643,12352,20945,15604,41277,52930,26022,6844,36182,14198,7888,31138,64290,40067,11235,21386,51461,10855,5580,26763,41314,52968,26022,12766,34641,321,8150,20967,56931,35729,12484,1930,34647,20,6350,30634,59446,32909,8424,1949,36624,11600,1473,29600,33634,58571,26022,21470,51480,25349,6091,30185,59263,40331,8434,6800,36438,14085,5322,15527,52862,39830,11252,5854,36182,25391,20866,15593,35628,40642,9450,8327,40023,10059,11914,17558,61270,52426,9910,16588,57098,8215,17808,13803,41253,52930,26022,21470,51480,12364,6382,26810,50537,32907,26081,21443,39756,9808,20904,15593,35628,52930,1958,7575,43868,11601,9612,25772,35704,52959,6873,10662,49532,29191,18326,10927,40253,55507,29623,17048,51978,18700,20866,15593,35628,52930,11460,6032,40314,27979,5366,26801,50255,33166,30452,20190,43544,12106,973,13050,55658,33677,724,23484,56330,28432,17282,11513,35616,57050,20399,21470,51480,25349,20866,27581,52841,50828,11460,6032,40299,11351,5321,15589,59511,33421,14313,20190,43544,12106,973,13050,55658,33677,724,23484,56330,28432,17282,11513,35616,57050,14511,21458,50952,27159,31656,15593,35628,52930,26022,7314,34907,25417,7873,29351,35590,52930,26022,21470,35352,11594,20940,15604,55385,40071,11215,1678,47692,12608,6356,31146,57890,40588,12787,5820,34911,31051,7905,29351,51305,50838,12512,4240,32844,11594,6282,27815,57209,58571,26022,21470,51480,25349,20866,15593,52581,34754,13800,1931,48150,9814,14544,27815,57209,38838,8438,20190,51461,11616,7383,18919,52863,42896,13800,1931,36972,9813,14988,26028,50286,40067,26082,401,32792,13131,1495,18919,52863,42896,13800,1931,36972,9813,19586,15604,50505,33687,4264,5773,41034,13131,1495,26013,52860,41932,12521,5773,40058,14161,8141,15608,55651,34754,13800,1931,48150,9814,14544,27815,57209,38838,8438,20190,51461,11616,7383,18919,52863,42896,13800,1931,36972,9813,15500,27046,52863,39840,12786,7569,51466,11089,8135,15555,35628,52930,26022,21470,51480,25349,20866,28905,51299,33411,9894,7318,35915,25419,20895,30177,56162,39575,4264,5773,41034,13131,1495,26013,52860,54210,26043,7611,33869,5643,5329,21947,56162,39575,15570,5774,41494,14912,7872,28328,33384,36802,8680,6878,39254,14160,14988,26028,50255,35718,10918,21388,34641,13909,24534,28572,55657,32939,12534,10122,39233,18752,20866,15593,35628,52930,26022,21470,51480,25349,6091,32745,50276,35729,26088,20096,44056,13899,24527,31106,59509,35469,27619,7595,34643,13386,20940,29885,50537,52968,26022,21470,51480,25349,20866,15593,35628,52930,26022,4318,39757,9815,1484,31106,35701,52959,11749,145,34653,25391,20866,15593,35628,52930,26022,21470,51480,25349,20866,24297,50533,44166,11250,10192,37213,25425,20895,17302,61780,50854,29860,20938,51473,27915,4738,28348,52862,39564,8397,23943,34934,9800,24450,15591,62547,46266,28098,17116,51978,18700,20866,15593,35628,52930,26022,21470,51480,25349,20866,15593,49742,35468,12740,23952,35948,14173,7905,29605,39038,54210,1702,395,35914,14155,6646,29100,34153,36259,8421,1936,39802,9292,1482,15555,35628,52930,26022,21470,51480,25349,20866,15593,35628,39618,8433,7579,43792,11596,8902,28349,49251,49799,16038,7357,34388,25431,20895,29578,50272,56720,9128,7308,47957,354,17802,12540,40748,49879,28838,23243,50501,29445,17292,5856,35628,52930,26022,21470,51480,25349,20866,15593,35628,52930,14063,6834,40267,11584,8139,15534,35633,36740,14058,31131,51480,25349,20866,15593,35628,52930,26022,21470,51480,25349,7873,29351,61238,40331,10981,7568,35421,27473,31627,15593,35628,52930,26022,21470,51480,25349,20866,15593,35628,36737,10730,4764,33371,8205,983,31163,57186,35753,27903,21492,51480,25349,20866,15593,35628,52930,26022,21470,51480,12293,7882,18622,51811,39569,6830,11169,44386,24845,17810,32251,40255,35536,29620,17100,35594,9491,5266,32762,51263,55504,32180,17100,34826,8471,22656,15589,62547,46266,28098,17116,51980,25356,24460,32745,55673,35728,12776,5813,51009,8811,5327,13033,35618,45501,8158,23482,55322,24855,23947,26857,56958,51079,25996,21470,51480,25349,20866,15593,35628,52930,8358,6032,51506,25349,20866,15593,35628,52930,8358,6032,51506,25349,20866,15593,52780,35468,20399,21470,51480,11584,22726,5827,35628,52930,9458,8092,51037,11596,5329,26811,55588,35207,14063,5770,35914,4161,4295,32699,57956,35734,14059,21458,44867,8791,5327,8681,59436,40067,27106,10206,37213,25425,20895,30141,51064,47751,15843,3722,58129,25349,20866,31163,56952,32912,16038,21492,51480,25349,20866,20457,57193,54210,9126,7563,40283,11340,22988,31138,33397,52968,26022,21470,51480,25349,20866,32745,55673,35728,12776,5813,51521,25368,5321,5808,35628,52930,26022,21470,51480,25349,6368,30887,57166,49292,8402,1926,54296,7173,10749,22675,35108,56019,27812,24030,51478,13894,976,29356,57464,38791,2984,7839,51549,27915,11906,17558,61270,52426,30647,23260,51506,25349,20866,15593,35628,52930,9894,8095,35668,8260,22985,27050,55678,32903,3826,2715,58129,25349,20866,15593,35628,32903,27106,21492,51480,25349,20866,23529,57193,54210,9126,7563,40283,11340,22988,15584,52862,39830,11252,4318,39757,9815,1484,31106,35701,32903,20450,21470,51480,18776,8135,5805,50950,36237,10727,5598,34637,14150,7883,15527,53101,44166,12787,7306,49494,8789,5328,26791,35616,34710,10738,10139,37213,28497,5506,28588,65391,38535,27122,4318,34137,8521,4803,13730,35590,52930,10662,4241,34137,5,963,15533,35633,32939,12789,7583,35931,11531,1735,17377,62291,43704,26542,19150,36107,9751,17296,32251,33326,58571,26022,21470,34939,10071,8844,26272,35689,52959,467,7831,50954,9803,22997,12536,39724,52942,27062,18398,49152,25391,20866,24553,55661,49286,9412,6301,39775,13898,5580,29578,50272,56720,30886,12510,39757,9815,1484,29853,50793,49287,9413,6028,51506,25349,12930,28328,34152,36768,12005,409,40023,10059,1014,29352,56191,40067,11235,2717,54296,29445,17804,15555,35628,44482,14311,23962,34426,10071,967,30106,52854,34738,8446,21394,51461,18709,20866,15593,51791,35472,8104,7607,35932,25437,20895,5885,35628,52930,9413,6028,47382,12612,8135,15549,35633,36754,8436,1936,51506,25349,1410,32424,52832,34764,14056,411,49484,11089,7367,20652,55397,35734,8424,140,43542,12612,710,15589,51791,35472,20399,21492,51480,12037,4813,28840,59436,40067,1762,401,35926,25431,20895,29312,57215,32899,8421,7632,40541,7181,10749,22675,35108,36819,29622,4302,55562,10006,16528,32251,53055,51136,20399,21470,51480,8806,5584,29578,50558,40071,1704,401,35926,4439,5571,27040,35711,52959,467,7831,34582,13376,16778,15589,33338,52968,26022,12510,39769,65,973,31143,34174,36786,8436,1936,54296,5,963,5805,35590,52930,10662,4241,34137,5,963,20397,55672,34189,26083,21443,34673,14166,8131,31146,50466,39303,6830,11169,44386,24845,4243,11001,51261,36049,8629,17356,56586,8727,22656,5856,35628,52930,9413,6028,40299,11351,5321,24551,51043,40077,30886,12510,39757,9815,1484,29853,50793,49287,12757,7308,35923,25391,20866,24553,55661,48518,14322,6289,51037,11121,4811,29346,55401,52881,26043,31183,51480,25349,4321,30907,57183,33168,8429,10192,34890,12363,4306,31163,51298,52891,26043,24014,56332,25391,20866,24553,55661,48518,14322,6289,51037,8821,5328,26791,38444,44482,14311,31130,51480,25349,4310,28843,34153,32907,8437,1932,40208,9805,5327,30085,57215,32903,14307,23949,40299,11351,5321,12474,59436,40067,5858,394,33367,27200,20904,15593,41260,52930,26022,927,34120,92,963,21677,56675,40071,1710,415,50524,5,963,20397,55672,34189,27875,31220,51480,25349,7886,32170,35680,34742,10738,21403,51461,11628,1489,29352,52847,32972,13027,11478,45415,1919,21386,32504,51774,55761,10165,16590,35850,10007,4240,12283,33326,58571,26022,21470,32876,12113,24519,31133,57204,54210,12710,1943,35924,9841,1498,15555,35628,47810,12783,5778,44822,11594,20950,15604,50505,33687,936,7569,51020,11362,6614,29096,50254,35470,25996,21470,48408,14156,5326,18663,54121,48534,16367,21403,51461,29204,20904,15593,65324,39563,8426,10192,37213,81,7629,28326,35647,52959,10949,7314,55882,9483,7888,20132,59723,56522,30130,21458,56586,28437,17282,10749,41253,52930,26022,6826,34124,27968,7922,30138,49784,32909,30886,9950,32892,29000,8076,27564,39716,52942,30647,21458,50440,31493,31627,15593,35628,34742,10738,23963,32875,9823,19586,18921,49736,56463,11176,1179,55312,25353,18575,12540,39724,52942,29111,31191,51480,25349,6390,28861,34153,35766,12798,12966,32852,11586,5327,26791,38444,43970,12520,23955,35948,14173,12538,30117,50539,35727,12776,16336,36701,18769,20866,15593,49752,33430,27619,4796,33371,12610,1229,30887,55640,32899,13813,415,34653,14918,19586,11753,35590,52930,4518,1943,35924,6411,8171,31149,35700,52959,20403,21470,51480,10865,7638,12972,51804,35728,12776,20190,43544,12612,31686,15555,35628,33474,9961,8095,44312,12352,20929,15604,50501,39569,11239,5789,34582,13376,11914,17558,61270,52426,10167,4812,56843,8470,17042,31227,53054,36816,30388,23260,58129,25349,20866,31117,51327,47820,15843,21386,51461,9793,4817,31133,57204,33218,26100,11425,45920,27489,21376,5856,35628,52930,8386,4237,44822,11594,20950,15604,50505,33687,936,7569,51020,11362,6614,29096,35590,52930,422,155,51035,9841,1498,30106,52854,54210,31910,21492,51480,1797,711,12970,52824,39578,10949,7314,55882,32261,12930,28838,55651,49361,14304,7825,44650,27495,17811,12537,39468,57046,26026,18127,49160,25391,20866,22761,55401,49281,10966,6797,32844,11594,19586,18921,49736,56463,11176,1179,55568,25353,17299,15589,34620,56514,27826,21492,51480,1797,711,12970,49759,35736,30886,9950,32892,29000,8076,27564,39460,52942,31915,24523,55576,25353,17811,5856,35628,52930,8386,4237,48406,15168,10710,28808,52325,33676,11235,21386,51461,11616,7383,18663,54121,46742,10695,5271,33878,11584,24534,31109,57194,52968,26022,14302,39517,27974,4320,30634,55659,39821,8680,426,34649,13142,963,29356,53871,54210,29862,21492,51480,1797,711,12970,57942,35468,15843,20190,56344,25391,20866,22761,55401,49281,9430,5772,40278,32261,12930,28328,41320,52968,26022,8158,35415,12100,12418,26794,50277,44172,11250,20190,40984,12363,4310,32679,34153,35724,28145,11425,45920,27489,16512,11947,39021,56789,30180,16538,55897,28743,17344,12025,35133,51147,25996,21470,43032,14150,7883,24231,50552,48588,16367,21403,51461,1904,7371,13051,52834,50837,27062,17630,50442,29445,20878,11003,41253,52930,26022,4287,32844,11594,1504,12967,50268,34705,11506,7569,54296,5637,6374,11940,50466,39303,29870,21458,53525,28433,16770,10727,35616,57295,27829,21492,51480,517,1473,29600,59746,32918,1960,4255,36435,11351,8151,24493,51043,40077,26037,21443,40059,12631,8135,18621,52836,35727,1192,4253,34653,18769,20866,15593,51277,34710,11241,1980,51030,9841,1498,8681,62508,46781,476,20950,34824,29716,4242,32761,51773,36051,9398,23260,51506,25349,12418,26794,50277,44172,11250,13776,34647,25425,20895,29324,50809,43212,11241,23946,34431,11089,7363,29579,53088,52968,26022,13022,40283,11340,13260,29373,65314,38535,5874,2455,51549,25368,31643,15593,35628,36259,11506,7569,40314,27979,5366,26801,50255,33166,30452,20190,43544,12106,973,13050,55658,33677,724,23484,56330,28432,17282,10748,35616,56272,27827,21492,51480,517,1473,29600,59746,32918,1192,1931,43863,14160,7894,24487,51043,40077,30886,5598,34137,9814,20904,15593,59948,39553,10991,12688,34636,6411,8171,31149,35700,52959,20403,21470,51480,8292,6358,29350,57166,49292,9430,5772,40278,32261,12930,28328,41320,52930,26022,6047,47964,13132,7634,13484,51277,34710,11241,1980,49238,25391,20866,26857,51565,35726,11432,144,39773,27473,6614,29100,59241,40331,8434,5776,39498,267,1495,29629,55394,52942,9927,6794,34647,14183,22732,5827,35628,52930,10986,4765,51540,8292,13014,28326,52834,52880,26043,7607,40267,11588,5313,29415,56425,45514,7641,14244,51984,8724,18322,32761,39742,35537,29876,4812,36107,27143,31627,15593,35628,36259,1778,401,35926,27991,7905,29371,55657,36784,11490,139,54296,5637,6374,12964,52834,50837,27062,18142,58129,25349,20866,32648,59512,40077,8424,23948,34920,9815,1484,8681,59948,39553,10991,12688,34636,18735,20866,15593,51277,34710,11241,1980,51030,11368,727,24236,57209,33174,29928,8125,35409,31054,7905,29351,51305,50838,12512,4240,32844,11594,22666,15555,35628,52930,26022,990,34900,4188,1229,30887,62500,46781,476,20950,35336,28695,18320,32763,40766,51136,20399,21470,51480,25349,20866,32170,51040,36736,12005,23254,51506,25349,5250,30887,41253,52968,26022,2014,35673,9801,6284,28583,55657,50838,8436,6809,40267,12608,5575,31130,55661,34433,12751,7835,50507,14341,996,29096,35689,52959,9413,6028,51476,9841,1498,8681,57132,39563,8426,5802,40256,27909,20876,17302,61780,50854,29604,20888,51473,27915,22914,31149,51327,35766,12798,7390,51530,7290,11258,13453,35118,51147,27899,5876,36182,18735,8171,31165,55659,39555,8675,5805,39769,11078,7904,9905,52811,48790,10996,5774,40266,92,4298,31655,53097,34737,11233,8095,46608,7034,13816,16097,51517,36816,29365,4557,49178,30988,7905,29351,51305,50838,12512,4240,32844,11594,22666,15555,35628,33474,9961,8095,38936,9808,2256,8681,57900,39564,8931,4748,35916,4161,4295,32699,59748,38541,4520,2971,54092,11337,5333,13499,41253,52930,26022,7320,51530,28538,6274,31165,35681,32907,11430,4750,39761,27478,5328,30126,57215,40071,8675,5805,39769,11078,1515,29100,33407,35522,20457,21470,51480,25349,20866,31392,55852,35735,15604,20190,51461,7290,11258,13453,35118,52939,14313,6878,35916,27976,5366,26801,50998,39309,14307,23254,36610,11596,22982,27064,55657,51099,12710,5782,58198,25349,20866,15593,35628,52930,26022,1943,33885,1291,4304,31140,64802,40331,10223,5778,54296,14085,1232,5804,35628,52930,26022,21470,34141,9814,20904,15593,35628,52930,26022,21470,32792,9809,24527,28303,50797,49287,11472,6797,34138,25408,20895,32175,55392,58503,26022,21470,51480,25349,8135,5805,35628,52930,11235,31130,34653,27201,31656,5865,50272,36737,26090,4778,43866,10832,5582,8681,51244,35728,12775,10139,35673,13927,1494,29350,62500,46781,476,20950,36104,8726,18320,12283,51518,51136,26026,11425,45920,27489,16768,11693,39789,57044,30133,20892,49169,12079,4813,28840,65324,35971,9923,7569,33879,25436,20895,28330,51817,35734,9426,12700,40269,11345,22988,17302,61780,50854,30116,16799,56155,28949,17299,12025,38974,52436,27055,11486,45415,1919,21386,32249,51260,57042,29878,17358,56072,29972,22656,5856,50272,36737,26090,4778,48218,9301,4304,31149,35711,52959,14309,4763,35916,8817,13248,26812,50296,50828,6873,10662,49532,29191,17091,11951,38964,56454,30691,16796,55897,24902,23947,17385,62291,43704,26542,4815,36617,31509,5523,31225,51516,36818,9911,23260,58129,11337,4289,15525,51800,48512,12771,6794,36438,25430,20895,28330,51817,35734,9426,12700,40269,11345,22988,17302,61780,50854,29860,16797,55897,28743,17344,12031,39229,56794,26597,24535,46616,7034,13816,16097,51261,36818,10167,4559,57096,29205,18834,32760,33326,58571,10986,4765,51540,8817,12992,29350,49770,52869,26043,413,34909,9809,4342,24235,57209,33174,28136,11425,45920,27489,16768,11946,39228,56531,30655,16840,51968,28428,11906,17558,61270,52426,9910,17358,55304,31253,18322,9465,33326,58571,10636,4241,34137,5637,13035,29350,55672,33421,26101,21443,37955,18735,31618,30888,63592,36231,11506,7569,48400,8516,1248,28832,34664,45506,7641,14244,51984,9749,4243,32504,39740,35027,29622,16590,55560,8468,17557,31487,53052,36819,29622,16590,35592,27143,31627,21916,50255,39564,10996,146,43030,14160,13261,30140,53088,33206,8929,5778,54296,8709,5574,29597,52331,35726,4526,4511,40058,12108,24006,17385,62291,43704,26542,5838,34827,8470,16784,31487,53052,36817,29620,16588,35594,27143,20878,17302,61780,50854,30116,16797,56072,28692,17344,12031,38973,56451,30390,16543,56155,28694,18324,11951,39279,56530,30391,16541,55898,28737,17347,12202,39022,55425,30432,16797,56153,28950,17347,12202,39278,56451,29668,16792,55900,28996,17300,12026,39278,56532,30647,20934,50449,1029,7363,24492,50531,34692,27617,1727,34380,13927,7627,12461,52524,32919,12773,7319,49494,27219,20904,15593,60460,33667,1763,7569,32862,27970,1251,29629,56910,33419,26082,21443,58190,25349,20866,31392,56620,39618,8430,31120,51480,25349,20866,15593,51832,34193,13992,4750,34639,9485,8151,26794,50277,50828,20399,21470,51480,25349,20866,15593,35628,33166,9445,21394,34910,12108,20945,15604,41276,52930,26022,21470,51480,25349,20866,29886,51045,52871,9409,5779,34427,9547,5835,24039,57209,44173,11507,6034,34840,10059,4226,30117,52858,51146,8614,31121,51480,25349,20866,15593,35628,52930,26022,21470,34388,8774,20942,30630,35616,40335,26081,21443,40026,12108,16070,32679,33641,36773,8427,7357,36694,9292,13196,30140,53088,32907,27873,21492,51480,25349,20866,15593,35628,52930,26022,6878,51550,10314,1410,31137,41314,52930,26022,21470,51480,25349,20866,15593,35628,52930,26022,4760,34129,25430,20895,5881,35628,52930,26022,21470,51480,25349,20866,15593,35628,52930,11765,1169,34412,12356,22998,17302,61780,50854,30116,16538,56153,28947,17041,11179,40249,52356,26031,24016,44568,11844,12999,29350,49770,49285,12484,8087,32860,9291,20878,28580,34667,39618,12532,23195,51506,25349,20866,15593,35628,52930,26022,21470,51480,25349,1410,28584,34151,36757,12783,13526,33881,64,8141,30127,34155,39840,10735,14234,34141,14916,31627,15593,35628,52930,26022,21470,51480,25349,20866,28844,52863,52968,26022,21470,51480,25349,20866,15593,35628,52930,26022,5598,32857,12361,23170,15604,41277,52930,26022,21470,51480,25349,20866,15593,35628,52930,26022,5527,36632,10820,718,8937,35633,52945,11762,7579,35608,9815,6851,31209,53090,52968,26022,21470,51480,25349,20866,15593,35628,52930,26022,2014,39513,27982,4309,26784,39460,56268,20399,21470,51480,25349,20866,15593,35628,52930,26022,7579,58204,25349,20866,15593,35628,52930,26022,7579,58204,25349,20866,15593,35628,52930,26022,4793,35925,11366,6092,31648,59938,39575,2025,6795,36180,32261,6018,28840,52863,52968,26022,21470,51480,25349,20866,30185,35690,42935,10949,1936,34378,12361,12428,26812,59747,34711,8682,7338,36447,9801,1410,31137,35682,42935,10949,1936,34378,12361,12428,26812,59747,34711,8682,7338,36447,9801,8844,26796,52516,33411,8437,21463,34653,18753,20866,15593,35628,52930,11235,23194,51506,25349,5250,30887,52742,35468,20399,9972,43633,11594,982,28838,34175,39840,10735,6810,36438,12641,461,29613,50555,54210,9382,6042,39804,13130,7878,29374,65316,35971,12484,8087,50524,7173,10749,22675,35108,36307,9396,16588,34826,8215,5009,31487,53052,36817,29620,16588,35594,29975,16528,9467,33326,52942,6852,12968,48244,4192,20878,17291,59994,48046,5827,17061,50533,9477,8151,26794,50277,50828,27888,21492,51480,1029,7363,24492,50531,34692,27617,1724,34129,10817,5836,8681,59692,41917,5575,1445,51557,12618,1922,31171,53090,58571,4236,12471,34647,12625,7629,12986,56910,33419,482,8091,36953,12150,5579,28332,38444,36802,8674,8109,36177,12608,9610,32424,56910,33419,27106,11486,45415,1919,21386,32505,51774,56784,8372,17869,36622,10005,4240,32506,37695,36816,9396,17100,36622,10005,4241,11003,38974,36048,9909,5576,56846,8214,18324,13803,35616,49875,29862,24526,44568,11844,12999,29350,49770,49285,12484,8087,44380,12096,2243,15589,56938,36236,11506,7569,40720,18700,20866,15593,51787,35727,10949,5520,36433,267,6359,30885,52808,36750,26111,21443,58190,11584,22726,5827,41260,35459,5858,4251,32844,11594,9610,32424,51273,32909,10473,24455,46616,7034,13816,16097,51260,57042,30390,16590,34824,8213,5011,31487,52796,36819,10167,17358,56072,9749,5011,11001,39740,57298,27812,31191,41069,11366,1484,29627,55392,45004,12787,14993,35414,11850,9671,31654,51051,52871,26043,6047,48476,9290,7621,13484,51800,43904,10981,7312,36949,25353,12029,18065,33608,57024,30435,16543,56154,29973,16836,11949,39228,56786,30437,17820,55646,28947,17299,11946,39228,56528,26599,24535,46616,7034,13816,16097,51516,55504,8629,4812,35338,8470,17040,11002,52538,55504,29876,19149,55562,30487,4240,32762,52538,36304,30132,16588,55818,8727,4752,32506,40254,57040,29876,5576,53262,9491,5264,32250,51519,57040,30644,5836,35595,29975,4752,31487,53054,57040,30132,4301,35595,9491,5521,32251,39230,57040,10165,4812,35339,27143,20878,32142,52833,33185,9192,5271,43030,14160,13005,28838,52832,39553,26026,1688,35414,10833,8141,27361,41253,52930,26022,4793,35925,11366,6092,31648,59938,39575,1769,8081,35924,14150,19586,27369,35590,52930,11430,21400,51534,11089,8135,15555,35628,52930,26022,2014,39513,27982,465,27560,33634,39812,9960,6794,34647,27149,20904,15593,35628,52930,26022,21470,40472,10829,5326,23529,50797,44423,11241,6808,51039,13924,7894,29578,51040,36231,26098,7583,51548,12100,1995,13484,35621,33158,25996,21470,51480,25349,20866,15593,35628,52930,10662,4241,34137,11525,19586,32745,51043,35726,12773,8127,49492,18700,20866,15593,35628,52930,26022,21470,51480,25349,6091,29417,38188,57026,12710,5782,58198,25349,20866,15593,35628,52930,26022,21470,51480,25349,20866,29882,56419,33206,14055,23434,46695,6525,23014,11499,39226,56531,30693,16846,56074,30020,16836,11949,39228,56786,30437,16796,56153,24903,23947,17385,62291,43704,26542,4302,55562,28695,17040,32251,51262,36049,9396,4556,36622,9751,16528,32507,52538,35536,30132,17356,35339,8470,4240,32507,52538,51136,27558,21456,51542,27915,11906,17558,61270,52426,9136,19148,35850,8215,18320,12283,40254,36049,29620,4812,35339,27143,20878,28349,52857,58571,26022,21470,51480,25349,20866,15593,35628,52930,11235,31130,51480,25349,20866,15593,35628,52930,26022,21470,34892,10326,1676,30120,33656,36773,8427,7357,36694,9292,12940,28838,52832,39553,8386,4754,49217,25391,20866,15593,35628,52930,26022,5854,36182,25391,20866,15593,35628,52930,26022,13534,33881,64,8141,30127,34155,39843,10994,7357,34132,8256,20950,15604,51818,40334,20451,21470,51480,25349,20866,15593,35628,34955,4262,12471,34647,12625,7629,12986,56909,33174,11215,7325,35925,11377,5829,31141,57132,35722,26088,15019,34427,14155,7888,28581,59938,39575,3305,4240,33879,5952,5837,28846,34153,35761,28146,4760,39508,27200,5250,30887,35590,52930,26022,21470,35864,10059,31627,15593,35628,32903,20450,7579,49244,18735,14583,29578,57186,33168,14058,12496,34135,9801,1473,31117,51808,48539,11498,5786,51530,25368,5571,20397,49760,35718,28148,4778,44122,11334,7884,26020,35616,45501,8158,23482,55578,28998,17298,12026,39231,56451,30437,17820,55646,28998,17301,11944,39279,55510,30176,16840,55817,28999,17091,12205,39221,56455,29621,17816,55823,30022,21396,12512,39468,52942,30135,21458,34943,9800,7905,31399,52325,44492,10729,5778,40283,9825,4302,12464,52524,32919,12773,7319,49494,27219,20904,15593,60460,33667,1763,7569,32862,27970,7905,28837,51305,43670,10723,2719,54296,13573,5288,30887,41253,52968,9356,6042,35947,14150,7883,13479,51800,48000,8950,4748,35932,28502,11906,17558,61270,52426,8630,4815,57096,28693,5010,11001,39484,54994,9136,16590,57096,29205,4242,31487,52796,36819,10167,17358,56072,9749,5011,11001,39740,57298,27812,31191,41069,11366,1484,29627,55392,48076,8950,4748,35932,8806,1489,31141,50264,35205,8426,20190,34840,10049,7926,31662,52832,47818,10215,939,39775,10052,711,15589,62547,46266,28098,17372,55901,28740,17344,11001,39530,56707,30688,16582,56156,28992,17344,10920,39786,56449,30435,16541,56154,28950,18371,10927,39739,56455,30645,17869,51982,28428,11906,17558,61270,52426,9399,5581,53514,10006,5264,32507,51774,36305,9136,4300,35850,9494,18320,32506,52798,56784,9136,4300,35850,8214,5009,12283,51774,36305,9136,5836,55306,8471,6036,9723,39742,35537,10165,6093,34826,8214,4753,32251,51263,51136,26026,4793,35925,11366,6092,31648,65058,35218,9460,5786,34939,14166,5326,15589,56938,36236,11506,7569,40720,18700,20866,15593,51787,35727,10949,5520,36433,5643,5842,32187,52840,36769,12789,5778,54296,13573,5288,30887,41253,48104,1743,7569,39756,12106,24529,27804,55659,35459,995,415,47701,13380,6351,28837,50264,35205,8426,20190,34840,10049,7926,31662,52832,47818,10215,939,39775,10052,711,15589,62547,46266,28098,17372,55901,28740,17344,11001,39530,56707,30688,16582,56156,28992,17344,10920,39786,56539,30435,16794,57098,30019,18331,11695,39279,56711,30654,16844,56078,28950,21393,12512,62508,46781,476,20950,34825,9494,18832,30970,52798,36048,9396,4301,36622,9751,17040,12283,52538,36304,8629,17356,36619,9491,5264,11771,51518,35028,30388,4813,56074,10007,4240,30970,52538,35537,9396,4301,55562,8726,5521,32763,51774,35028,31924,5836,35338,29975,17040,11003,51519,55504,9396,4301,49178,25353,4325,31140,50255,34956,8943,9936,36424,8791,5318,32143,50814,36785,10481,8087,50516,9477,8151,26794,50277,50828,27888,21492,51480,1029,7363,24492,50531,34692,27617,939,39775,10052,14279,28328,63585,39299,11499,8082,54296,13573,5288,30887,41253,48104,1743,7569,39756,12106,24529,27804,55659,35459,5091,8087,34900,9794,7926,29374,50264,35205,8426,20190,34840,10049,7926,31662,52832,47818,10215,939,39775,10052,711,15589,62547,46266,28098,17372,55901,28740,17344,11001,39530,56707,30688,16582,56156,28992,17344,10920,39530,56539,30640,16845,56075,28992,17306,10920,40298,55515,29920,16796,55816,28957,21395,12512,62508,46781,476,20950,34825,9494,18832,30970,52798,36048,9396,4301,36622,31254,18320,12283,38974,35792,32180,4812,35339,28691,6036,32506,39742,54993,29876,4301,36622,9751,16528,32507,52538,36817,8629,6092,35850,29207,6036,32763,51774,57296,10165,4812,36107,8214,22656,15589,51787,35727,10949,5520,36433,5643,5842,32187,52840,34740,10730,5279,48477,13386,24012,31465,50553,39553,10991,23440,49230,25391,20866,23529,50797,44423,11241,6808,51039,13168,965,30888,64873,33419,9450,5785,34412,11602,19586,27369,52742,35468,20399,9972,43633,11594,982,28838,34175,40631,14305,6047,43869,12612,4304,30634,63615,36758,10724,155,34412,9282,5326,8681,51756,35462,10962,5273,35924,5901,5059,27804,55659,35459,14051,21458,46695,6525,23014,11499,39017,56707,30692,17870,55390,28740,17348,12273,39272,56455,30692,17823,55646,28993,17095,12205,39272,56455,30693,16586,57179,30019,18331,11695,39023,56448,30691,16794,56075,28740,21441,12512,62508,46781,476,20950,34825,9494,18832,30970,52798,36048,9396,4301,36622,29975,16528,9723,52798,57296,10165,6093,57099,9491,5520,31227,53055,35537,8372,4300,56586,8214,6036,31227,39486,36048,9136,4300,35850,31254,5264,12283,53055,55505,9136,4301,35595,9751,5520,12283,51774,36305,27812,21458,34943,9800,7905,31399,52325,48076,8950,4748,35932,8807,976,32680,55399,39601,10215,5778,50507,9477,8151,26794,50277,50828,27888,21492,51480,1029,7363,24492,50531,34692,27617,939,39775,10052,13255,28328,51838,34177,5877,4746,34138,12352,19586,27369,52742,35468,20399,9972,43633,11594,982,28838,34175,40631,14305,6047,44125,8267,7363,29113,50537,41366,12787,7310,40267,11377,5829,31141,38444,36802,8674,7338,36447,9801,9610,32424,56153,40069,8679,155,51476,7290,11258,13453,39726,56711,30439,16796,57096,29251,17091,11951,38964,56454,30691,16796,57177,29507,17347,12024,39279,56455,30388,16792,56074,28996,17043,10923,40298,55515,30176,16590,55897,28743,17348,12281,39023,52352,27055,11486,45415,1919,21386,32248,52543,54992,8629,5836,35594,8727,4753,31487,37438,57040,8629,19405,35850,10006,5008,31487,51262,35792,30644,5581,35339,28691,6036,11515,51775,36049,9141,17356,35339,8470,4753,31487,52798,57296,10164,5576,53514,8726,5264,30970,51518,35028,9141,17356,35339,8470,4753,13803,35616,36773,8427,7357,36694,9292,9356,31673,51838,35718,11203,4765,39253,9800,1484,27014,56184,40333,27122,5598,34637,14150,7883,13479,33402,52968,26022,13534,33881,64,8141,30127,34155,40631,14305,6047,44125,8267,7363,29113,50537,41366,12787,7310,40267,32261,1922,31171,53090,58571,9356,6042,35947,14150,7883,13479,51800,48000,8950,4748,35932,28502,11906,17558,61270,52426,9399,5583,53512,10004,5266,32505,51772,35028,10167,17870,56072,29973,16530,9465,33326,58571,3283,7357,40278,11351,718,18919,52348,36752,8418,5818,34900,4188,6350,31149,35710,52959,8679,8346,32852,9793,22992,32157,65134,35218,9460,5786,50507,7173,10749,22675,35108,36819,9141,19404,36107,9751,5008,32251,52538,36050,9396,16588,35850,29974,6036,11263,51261,36816,9908,17356,55306,8471,4753,11007,33326,52942,27574,17358,50441,29189,16780,15589,51787,35727,10949,5520,36433,5643,5842,32187,52840,35750,9450,24455,36632,11600,1473,29600,33634,51092,25996,21470,44568,11844,12999,29350,49770,49285,13779,409,36185,1856,7623,26024,38444,39106,8332,6032,58129,8751,5574,27019,57208,32909,4526,4511,39277,12610,5571,28588,35616,45501,8158,23482,55322,28740,17348,12273,39272,56455,30692,17823,55646,28992,17297,11002,39786,56531,30390,20934,50449,7173,10749,22675,35108,35027,9396,6093,53258,29463,5521,12027,51263,35028,8629,5836,36619,29975,5008,31487,39230,36817,30388,4557,57098,28947,6033,31227,51263,36305,9136,4813,36619,31511,5521,31227,51518,36816,9136,4301,53515,8727,4240,31482,33326,52942,12512,4240,32844,11594,22666,15555,35628,39874,8950,4748,35932,12132,16334,27558,33316,52968,26022,222,34384,5970,4301,26810,62500,46781,476,20950,34825,9494,18832,30970,52798,36048,9396,4301,49178,25353,12029,18065,33608,57280,30439,16792,55808,28993,17351,11947,40301,56708,30693,16543,55901,28996,17347,12024,39279,55427,30688,16840,56073,28691,17344,12031,39017,56448,30695,17820,51977,28428,1410,27067,33385,35816,8680,31191,51506,8751,5574,31130,57199,33163,28136,4778,47706,14144,6358,31655,34687,45506,7641,14244,51984,8468,18066,32249,39228,36818,9136,4302,34825,8212,5011,11513,39228,55506,28855,4814,36105,27143,31627,21916,50255,39564,10996,146,48406,9805,5327,28301,56163,33158,11249,20190,34840,10049,998,27814,50280,32917,4526,4511,35947,14161,8139,28590,35616,45501,8158,23482,55322,29508,18324,11439,39279,56530,30645,16590,57180,29251,17344,12030,39277,56528,26599,24535,37400,7290,11258,13453,39470,56454,30695,17820,55646,28999,17095,11949,35128,49867,6822,11169,44386,24845,5266,12027,51774,36049,29364,17869,35339,8470,22656,15589,62547,46266,28098,17372,55899,28947,17350,12200,39016,56708,30695,16847,57100,29507,17089,12031,39273,52435,27055,11486,45415,1919,21386,32504,39742,55761,29620,4300,36622,8725,17296,32251,53055,35792,30388,4556,49178,28504,12930,28348,52862,39564,11730,7835,42845,11844,24007,31465,50553,39553,10991,23440,34926,13897,22727,15555,35628,36802,13814,2706,33132,11840,22983,32159,56928,51079,8332,6032,58129,8751,5574,31130,57199,33163,28136,4778,47706,14144,6358,31655,34687,45506,7641,14244,51984,9749,4243,32505,40252,57042,9136,19144,36622,29205,16786,32504,40252,55250,29622,4302,35848,8468,18322,11513,39484,36307,27812,31191,41069,11366,1484,29627,55392,48588,12521,6032,34412,9282,5326,8681,51756,35462,10962,5273,35924,5901,5059,31130,57208,32907,14049,21458,46695,6525,23014,11755,39279,56786,30695,16847,57178,29507,17347,12016,39221,56451,30437,16540,57179,30019,16533,11434,39477,55509,26544,24535,46616,7034,13816,16097,52541,56784,8372,17869,36622,9751,4241,32507,40254,57040,9136,17356,55306,9491,4752,12283,40254,36304,29108,4301,36622,9751,16528,32507,52538,35792,30388,4812,36107,8470,4753,13803,35616,41377,968,13495,47638,13898,5580,29324,51565,35726,27106,5598,34637,14150,7883,13479,51802,39822,27875,21492,51480,5,16365,21903,34123,33201,11251,13978,34902,12103,5575,8681,64812,33411,8435,5876,36182,18700,4264,30893,52831,39553,10991,23440,34924,4167,1479,30141,52322,49809,6822,11169,44386,24845,4755,32504,53053,36818,8374,16846,34824,10004,6036,12025,39740,36050,9398,5576,53262,9491,6035,30968,40252,55251,8374,4302,57097,27143,31627,21916,50255,39564,10996,146,47638,12625,4295,31140,65406,35213,10721,21403,51461,10052,9670,31654,51051,50823,9426,8348,40285,10833,5836,12474,62508,46781,476,20950,35337,8470,5521,32251,52798,56528,9396,6093,36622,28949,16784,32507,51774,35028,29360,17614,57098,8471,4240,31487,39484,35792,30644,4812,57102,27143,20878,17302,61780,50854,30116,16841,56078,28999,17091,10922,39018,56707,30693,16543,56156,28948,17351,12027,40301,56452,30640,17871,55902,28999,17301,10920,39530,56963,29616,16536,56155,28947,17344,11944,39272,56711,26594,24535,43544,3434,14564,12942,57183,35728,10471,411,34421,9793,20878,27055,51298,34710,11241,9686,34137,9808,31627,15593,35628,41377,968,13495,47638,12625,4295,31140,59006,35469,26083,21443,34926,13897,31687,15593,35628,34955,5030,8095,35917,14085,5322,5799,35628,52930,26022,21470,32875,9793,6374,27834,51808,41115,10471,23963,35948,14173,19586,17385,62291,43704,26542,5583,36107,29463,5009,32251,51262,36049,9396,4556,36622,8724,4753,32251,53055,51136,25996,21470,51480,25349,8834,30880,65129,35729,11252,7839,51037,9841,1498,8681,62508,46781,476,20950,36616,9751,16528,11515,39486,55505,30644,17356,34827,8214,22656,15555,35628,35778,14058,31131,51480,25349,20866,15593,49759,35718,11458,909,34900,3420,7363,12972,52824,39578,30886,16350,35415,12100,7666,26024,55657,43724,14063,8078,36953,8811,5327,15555,35628,52930,26022,8414,36177,5696,5329,29371,50797,49287,8402,1926,54296,7173,10749,22675,35108,35026,27812,24030,51478,11369,4289,19621,51808,35739,27636,4784,35925,25391,20866,31209,53090,35816,8680,31191,34866,10049,5361,26794,50277,50828,9426,8348,40285,10833,5836,12474,62508,46781,476,20950,35592,29973,4755,31480,38972,35794,29623,5576,53262,9491,4755,32761,52796,56786,29622,17102,53512,27143,31627,21916,50255,39564,10996,146,48150,4204,4289,31141,51039,35467,14307,20190,34840,10049,7665,30880,55657,47818,10215,5805,40268,11596,709,15589,62547,46266,28098,17116,55641,29971,16580,11946,39279,56455,30645,20895,50449,29701,23954,11753,39743,52942,30135,24526,36632,11600,1473,29600,33634,36788,12522,23195,51506,25349,12930,21126,57930,49317,3283,4269,34137,25408,20895,32159,56928,52871,26025,17359,58120,25349,20866,32132,50533,42935,9941,8095,51037,8310,7619,15532,35633,41377,968,13495,48150,4204,4289,31141,52742,35468,20399,9972,43633,11594,982,28838,34175,36789,8434,7820,39769,5966,5837,28846,35689,52959,8679,10138,36439,12098,22983,32157,63598,39559,11506,5264,50507,7173,10749,22675,35108,36307,9908,6093,34826,8727,16528,31487,37693,35792,10165,4812,36107,28951,5264,30970,40766,51136,26026,11425,45920,27489,16768,11947,38970,56705,30688,16845,55901,28691,18369,11951,39230,56532,30647,17864,55902,28742,17344,12204,39022,56707,29669,16536,56064,28947,17344,12017,39021,55424,30688,16840,57097,28739,17344,12281,40298,56452,30693,16590,56156,28948,17091,16045,34597,44482,3017,15032,51071,8818,5334,29115,55661,43913,9448,8092,36189,25353,1220,32679,49784,32909,5038,8095,35917,18700,20866,15593,58447,43180,719,9424,40281,12608,4303,30651,50505,35971,8426,21402,51461,8819,1230,5804,35628,52930,9425,5770,33866,12612,24521,30111,49791,33408,26083,21443,34926,13897,31687,29356,33384,58600,8679,8346,35421,10833,8141,18657,51565,35761,12786,7575,39519,25353,12029,18065,33608,57024,30130,17055,55566,29505,16788,11512,40302,56964,30181,17358,55561,29468,16788,11761,39533,56966,29923,17308,55566,29461,21395,13792,65030,44459,11241,394,34135,27990,5353,32432,50533,48518,12771,20190,34840,10049,5353,32432,50533,50822,9426,8348,40285,10833,5836,12474,62508,46781,476,20950,35593,29463,18832,9467,38974,36816,9136,4815,57096,9491,17810,32251,40255,35536,29620,17100,35594,27143,20878,17302,61780,50854,29860,16536,56156,28740,17089,10922,39274,56534,30439,17864,55902,28999,18322,11951,39227,56532,30692,17823,56158,28693,18374,12207,39279,56533,30390,17862,56158,28947,17043,11947,39021,56454,30655,16795,56155,24900,23947,24553,58691,42916,27585,7338,36447,9801,5353,12464,52524,32919,12773,7319,49494,9803,15061,26028,41253,52930,26022,15549,44918,1132,9612,31654,51051,42375,15587,20190,34584,13376,5353,5808,50537,51078,20364,6047,47708,8256,6358,29350,65316,35971,8405,1930,34641,12354,20878,17302,61780,50854,29860,17351,55310,29254,16835,11436,40255,57220,30176,17051,55388,29511,16788,11434,39743,57219,26597,23255,34866,10049,7926,31662,52832,47818,10215,5805,40268,11596,709,15589,62547,46266,28098,17372,56156,28992,17345,12029,38964,56454,30390,16799,56073,30023,16580,11951,39017,56710,30692,16840,56155,28950,17091,16042,34597,45506,7641,14244,51984,8725,16528,31227,53054,56784,9396,5576,35850,28951,5520,11003,51774,57296,10165,5576,53514,28695,16784,9466,40254,57296,32180,5576,53258,28695,16784,31227,51519,55504,29876,19404,36622,9494,5264,30970,51519,55504,9908,16588,34826,8214,22656,15589,58447,43180,719,9168,39769,10833,7617,28588,50505,35971,8426,24474,36632,11600,1473,29600,33634,36788,12522,23195,51506,25349,12930,21126,57930,49317,9430,1932,35409,9801,13521,32167,51054,35463,30886,9694,34137,9808,20904,15593,49708,52868,10984,21386,34926,13897,20935,29352,35688,36786,12788,4247,35924,11366,1484,30120,52834,52880,11762,7579,51506,25349,20866,15593,64300,40067,11506,8093,43613,11594,4310,29344,55657,44504,8426,415,34169,73,6346,30885,52862,50828,20399,21470,51480,11584,31686,29356,33384,58600,8679,8346,35421,10833,8141,18657,51565,35761,12786,7575,39519,25353,12029,18065,33608,57280,30181,17053,55644,29203,16580,10923,39786,57040,30179,17359,55645,29469,16835,11515,39789,57299,26596,23255,34866,10049,1248,26813,50531,47818,10215,5805,40268,11596,709,15589,62547,46266,28098,17116,56153,28948,17297,12025,39273,55424,29920,16797,55899,28993,17044,12207,35182,49867,6822,11169,44386,24845,4754,12283,51774,35792,29876,16588,57099,9491,5009,32251,53055,56528,29620,17100,35850,8470,4240,32762,52538,36049,29364,4812,36622,29975,16528,32506,51774,35537,31924,5836,35338,8727,6036,31227,39486,36048,9136,16588,55562,29463,6033,32762,33326,52942,12512,4240,32844,11594,22666,15555,35628,48066,10728,4753,43100,12105,22666,31171,53090,58571,25996,4852,36188,9846,1473,29600,33634,36790,1764,7569,32862,28482,11906,17558,61270,52426,9910,17358,55304,31253,18322,9465,52538,35027,8631,17358,53256,29973,17042,32249,52538,36306,8631,4814,35848,8468,16786,30968,33326,58571,10986,4765,51540,11334,6092,31648,50250,35470,14307,20190,46616,7034,13816,16097,39997,56275,30135,6094,35593,30485,16787,32761,39742,57296,31924,17868,53514,8214,22656,28867,51299,33411,13990,8091,35421,9809,12998,29350,49770,41093,10471,21403,51461,7290,11258,13453,39214,56448,30695,16839,55901,28996,17041,16043,41253,33512,9961,8095,36632,11600,1473,29600,35682,32903,12533,5772,34430,10057,967,13793,35590,52930,11430,21400,34901,9806,7876,30885,55657,36802,8680,6878,36683,12106,5318,15547,50541,52870,10984,21386,39505,11331,5582,28332,51236,32909,11488,13721,34135,9793,22736,26857,52836,58508,26022,21470,51480,25349,4303,31138,50282,35470,14307,4310,34647,10819,14277,28838,52840,51088,25996,21470,35864,10059,5288,30887,41222,33166,9445,21394,40030,8267,6358,29350,52268,39559,9429,5768,43612,11594,6340,20654,55397,50838,20399,21470,51480,11584,1233,31163,50250,35470,14307,23254,51506,25349,7554,32678,51053,33474,14063,21386,51461,7262,10749,22675,35108,36048,9396,19148,35850,8726,17040,32506,33326,58527,26022,21470,36689,12037,715,31421,51045,40327,9382,6032,32792,9558,7629,31149,35710,32899,26082,151,34398,10057,967,32737,50531,34692,993,8081,35932,27223,1410,31137,41314,52930,26022,21470,51480,11331,20944,12438,52524,33419,26083,7575,32792,8789,971,13498,49760,39569,11488,5778,49483,11334,6092,31648,50250,35470,14307,23255,36120,18762,20866,15593,35628,52930,26022,21470,34388,8774,20942,32167,52833,54210,9126,8087,54109,8776,4822,13473,62547,46266,28098,17884,55311,29201,18323,11769,39487,55504,29618,17864,57177,28948,17047,11946,39228,55507,26596,23255,51506,25349,20866,15593,35628,52930,11430,21400,34902,9800,4226,30887,50476,33667,26083,20096,46616,7034,13816,16097,51518,36816,31924,5836,34827,28695,5009,13803,57132,35722,20456,21470,51480,25349,20866,15593,35628,52930,26022,4746,34138,27968,8139,31162,57214,33482,14063,24458,34584,11844,22727,15555,35628,52930,26022,21470,51480,9733,5580,15555,35628,52930,26022,5854,36182,25391,20866,31209,53090,52968,26022,478,40285,12624,20940,30117,57215,35816,8680,31220,41069,11366,1484,29627,55392,44492,11241,6808,42847,11844,14535,27815,57209,54210,9382,6042,35948,14173,8171,27065,33656,36790,1764,7569,32862,28482,11906,17558,61270,52426,9910,17356,55306,31255,18320,9467,52538,55250,29620,16588,34826,9491,16530,31227,39230,36816,27812,21458,46695,6525,23014,11499,39277,56787,30692,16543,57180,28739,17092,11949,39021,56449,30439,17820,56158,28948,17351,12027,40301,55507,29623,20943,50449,7173,10749,22675,35108,36048,9396,19148,35850,8726,17040,32506,33326,52942,12512,4240,32844,11594,1418,25772,33400,52968,26022,6878,51550,9809,1498,32233,53090,39618,15843,21386,54342,7173,10749,22675,35108,51136,12710,5782,58198,25349,20866,15593,35628,35729,8426,1949,36189,11366,6092,31648,51778,35727,30886,2014,37213,31057,709,32444,62500,46781,476,20950,56585,29204,4244,9466,39741,36820,30640,16847,49178,25353,12029,18065,33608,52416,27823,21492,51480,9733,5580,31171,53090,58571,10636,4241,34137,9477,8151,26794,50277,52876,9461,5768,34427,9547,5835,13793,35590,52930,8358,144,39757,1344,7629,31149,33662,58571,26022,21470,34388,8774,20942,31402,58731,33667,26083,21443,39440,12096,4807,31165,59496,32909,11488,15769,33881,25408,19676,17385,62291,43704,26542,23260,34840,10059,642,28844,51305,35734,1762,7569,32862,3394,7363,13740,50220,52880,6873,10662,49532,28935,17344,11944,39221,56711,30695,16589,52058,18700,20866,15593,50272,36737,26090,1688,34132,8821,6614,8681,51244,32909,11488,13721,34135,9793,20944,13031,62508,46781,476,20950,55566,27143,24450,15591,52591,41093,10471,21403,50966,7173,10749,22675,35108,57300,28852,4301,55562,29207,22656,15555,35628,58562,26022,21470,34388,8774,20942,32173,51832,54210,16038,21492,51480,25349,20866,18665,52836,35727,30886,12510,39757,9815,1484,29853,50793,41095,10471,24475,51506,25349,20866,15593,59948,39575,3305,4240,33879,25408,20895,32142,52833,33185,9192,5271,43030,14160,13005,28838,52832,39553,20394,21470,51480,25349,20866,29578,51040,36231,498,8091,36953,32261,13954,29096,59497,32909,11488,23961,34427,12105,4807,22717,51049,38787,20394,21470,51480,25349,20866,27016,50296,39840,10735,21402,51461,8802,5327,29578,52578,35211,1192,1931,43863,10832,5582,5861,35628,52930,26022,21470,40058,12108,13766,28844,53869,54210,678,7839,43613,11594,6340,12974,56910,33419,482,8091,36953,18697,20866,15593,35628,52930,13779,409,36185,64,707,28861,35689,52959,9409,5779,34427,9547,5835,18919,52348,36752,8418,4797,40267,9801,31630,15593,35628,52930,26022,939,39775,10052,14279,28328,63585,39299,11499,8082,54296,1029,7363,24492,50531,34692,27617,939,39775,10052,14279,28328,63585,39299,11499,8082,58132,25349,20866,15593,35628,40631,14305,6047,48989,12108,4302,31150,50264,32917,30886,13534,33881,64,8141,30127,34155,40631,14305,6047,48989,12108,4302,31150,50264,32917,20394,21470,51480,25349,20866,27804,55659,35459,2019,415,34890,10310,8913,32189,51054,40327,30886,13534,33881,64,8141,30127,34155,40631,14305,6047,43869,12612,4304,30634,63615,36758,10724,155,58132,25349,20866,15593,35628,40631,14305,6047,44125,8267,7363,29113,50537,41366,12787,7310,40267,32261,13954,29096,59497,32909,11488,23961,39277,12610,5571,22956,51298,33667,10486,7579,42572,14160,7890,26810,41248,52930,26022,21470,51480,13168,965,30888,61289,33415,15591,20190,44568,11844,12999,29350,49770,49285,13779,409,36185,1856,7623,26024,41248,52930,26022,21470,51480,8818,5334,29115,55661,52873,26043,15549,44918,1132,9868,26792,55657,36751,12020,7611,35673,9801,24006,15555,35628,52930,26022,8414,39756,8768,5327,20923,53091,52871,26043,15549,44918,1132,8844,28349,51817,35727,2292,6033,50525,25391,20866,15593,35628,48066,5839,4765,35924,32261,7298,26792,34148,33412,10985,23436,42619,1387,14059,18919,63557,36737,8426,23006,55320,29461,23947,15555,35628,52930,26022,10206,36439,12098,15047,26028,38444,44482,3017,15032,51071,11377,5829,31141,52807,49307,9416,5779,51506,25349,3202,15555,35628,33474,9961,8095,39448,8272,5313,28602,35616,32903,10981,5786,51548,25368,4818,28840,33632,39812,9960,6794,34647,27149,20904,15593,35628,52930,14246,1947,39757,25419,1514,27837,52831,39056,9967,18843,47730,3434,8167,29610,52840,35530,12775,23199,51506,25349,5250,30887,41253,52930,26022,5527,39448,8272,5313,28602,51756,35468,12966,6796,35916,10819,5326,26857,52836,58508,26022,21470,51480,25349,981,26784,52585,33419,28131,1688,34132,8821,6614,15589,50537,33153,8418,23194,51506,25349,20866,15593,56108,36750,5887,1681,36182,7181,10749,22675,35108,36307,9397,4300,35338,8727,4753,32762,33326,58571,26022,21470,51480,25349,6091,18921,59461,32909,14322,8081,51019,11366,6092,31648,52831,35726,12773,442,39255,11329,8149,26857,52836,58508,26022,21470,51480,25349,20866,15593,57945,33185,12776,7308,39508,11,8141,30127,63595,33415,9955,14218,34378,10069,1741,12967,52830,40068,14051,23446,35935,4177,1987,30892,50255,34956,8943,6834,40267,27149,20878,31402,58731,33667,27875,21492,51480,25349,20866,31209,53090,52968,26022,21470,51480,12293,7882,18622,51811,39569,6830,11169,44386,24845,4754,11515,39486,55248,29620,19404,36622,8212,5264,9722,51774,36048,27812,21458,46695,6525,23014,11755,39018,56454,30439,16797,55897,30023,16580,16125,35621,49356,9894,5272,34934,9800,24450,15591,62547,46266,28098,17116,57098,28739,17345,12204,39221,56451,29668,16536,56154,29973,17348,11947,38970,56449,29618,20943,50449,14085,1232,13740,35590,52930,8358,6032,35890,10059,31656,29605,51823,52878,12512,4240,32844,11594,7554,32166,59496,32909,11488,23449,58129,25349,20866,29356,56959,35728,10944,6034,39773,27149,20904,15593,50988,36237,10727,4318,36446,8811,5327,8681,33580,35729,8426,1949,36189,11366,6092,31648,51778,35727,15270,21443,46695,6525,23014,16107,35621,32899,26082,5773,35924,14150,5575,29578,52578,35211,9416,5779,51473,12618,11906,17558,61270,52426,10164,4812,53258,9751,4241,12283,51519,51136,25996,21470,34072,8266,7619,31465,51065,48782,12775,21398,51461,11334,6092,31648,50250,35470,14307,24030,51478,7290,11258,13453,40238,52434,26031,24016,35352,9283,4332,31140,34092,52940,6873,10662,49532,29959,17299,12284,39279,56530,26551,31191,51506,25349,6274,15535,50274,52886,14254,4763,36700,12108,20935,29352,35688,40331,11488,5778,34840,10059,6274,31418,51045,50823,12512,8082,34920,11089,22667,26857,52836,58508,26022,21470,51480,25349,6609,27558,50264,40323,28146,11425,45920,27489,16768,12026,39228,56455,29668,17304,56065,28992,17300,12026,39277,52352,27055,11486,45415,1919,21386,9721,40254,56784,9396,5576,56585,27143,24450,15591,52591,41093,10471,21403,50966,7173,10749,22675,35108,57300,28852,4301,55562,29207,17299,31487,39486,57040,10165,5576,53258,29463,4241,11771,51518,57300,27812,21458,34910,12361,22727,15555,35628,52930,26022,478,40285,12624,31692,15593,35628,32903,20450,21470,51480,11337,4289,15525,56959,36225,14051,24461,35352,11594,5334,26791,38444,40642,9445,8082,36624,11600,1473,29600,33634,58571,26022,21470,51480,25349,5328,27069,50558,40130,9443,5530,34129,27456,1220,28837,51804,34454,20399,21470,51480,11584,22726,15555,35628,34754,26080,7312,51532,13910,4801,28588,35711,40077,11174,1937,35352,11594,5334,26791,57132,35722,26088,5772,40012,11607,5250,30887,35590,52930,20390,21470,51480,11337,4289,15525,52840,33153,8418,1709,35419,12352,24017,30953,57197,52867,26043,4238,34137,27465,1220,32679,49784,32909,27822,21492,51480,25349,20866,28393,57193,40087,26088,1974,39244,9846,2000,32672,37225,48552,3017,5818,34395,9793,4746,29350,52856,39564,20399,21470,51480,11584,22726,15555,35628,34754,26080,5786,34395,9793,1265,32682,55401,52881,11239,21402,36940,9813,5514,26792,33389,54210,26043,11425,45920,27489,17024,11947,39273,56454,30645,20895,51473,11089,8135,15555,35628,52930,26022,6878,51550,8769,4310,18663,52836,35727,9382,6032,48408,1645,13551,18330,51816,36758,4520,5782,35925,25464,8131,15533,57945,33185,12776,7308,39508,5899,5322,31140,55624,40589,10978,7561,40216,9805,31692,15593,35628,52930,26022,21470,51480,13124,7634,18608,52836,35727,8622,1951,51033,11121,7367,13740,35590,52930,26022,21470,51480,25349,9346,24448,50531,40086,10729,23949,33132,11840,13767,29627,53116,39309,27624,5805,49484,8769,4310,18663,52836,35727,20399,21470,51480,25349,20866,29356,41320,52930,26022,21470,51480,9548,5506,26792,34157,39843,10994,7607,34395,9800,3970,15604,49762,52878,11239,21402,41069,11366,1484,29627,55392,45004,12787,14993,35414,11850,9671,31654,51051,52871,11762,7579,48152,108,8141,28349,51043,49297,12487,7306,34673,11334,5327,29597,52331,35726,5800,1947,36112,14148,24515,27016,50296,32939,10981,5779,51473,11584,31686,15593,35628,52930,26022,5527,36120,14148,24515,29578,51040,36231,498,8091,36953,8709,5580,18921,59461,32909,14322,8081,51019,11366,7630,32684,61304,33415,15591,8109,36177,12608,1410,31137,35682,42935,10949,1936,34378,12361,12940,28838,52832,39553,8386,4754,47681,10825,5318,12987,52831,50838,9442,4746,43542,12106,5326,26794,52808,36750,27903,5854,36182,25391,20866,15593,35628,34754,26080,4762,34892,523,1495,24230,49785,35470,15270,21443,32854,25417,8131,15533,57945,33185,12776,7308,39508,523,1495,24230,49785,35470,10962,5273,35924,14085,5322,15527,57945,33185,12776,7308,39508,523,1495,24230,49785,35470,10962,5273,35924,4107,1479,30945,57197,49283,12487,7306,40058,12108,22726,31209,53090,52968,26022,21470,51480,10757,20932,32173,51832,44236,11507,6034,35964,8777,20955,29352,35688,42935,10949,1936,34378,12361,13196,30140,53088,35750,9450,8327,32852,9793,20944,29885,50537,48066,1743,7569,39756,12106,24529,27019,51045,43654,10723,2719,34155,10060,967,20455,57193,35530,12775,23967,40058,12108,13766,28844,53869,52939,11235,31130,51480,25349,20866,15593,52581,35522,12775,23967,39277,12610,5571,24492,55405,33430,26083,20096,34584,12108,4226,30887,65068,44459,11241,394,34135,27990,503,28334,53101,44423,14055,8074,48477,9290,7621,15532,50040,32903,4262,12471,34647,12625,7629,12986,56153,40069,8679,12443,39513,12113,9671,31654,51051,49287,8405,23434,34908,8785,9356,31673,51838,35718,9413,1933,35924,25356,8135,5805,35628,52930,26022,21470,36689,9989,1475,12968,56153,40069,8679,13723,39769,4168,1731,30116,51040,37058,26043,6800,51540,11588,20934,21916,50255,39564,10996,146,48150,9301,4304,31149,51786,33680,9429,7817,34129,5961,5837,28846,35689,34454,11235,9950,43633,11594,982,28838,34175,40631,14305,6047,44893,12612,8911,27560,49761,33422,10962,5273,35924,4107,1479,30945,57197,49283,13779,409,36185,1344,963,20388,56429,34703,10730,21463,34653,18753,20866,15593,35628,52930,9199,6110,40281,27972,503,28334,53101,47239,10735,4754,35935,11377,8149,25321,35633,34700,26090,7583,51548,2672,7905,26791,50302,40334,4264,5262,34890,9793,6388,28837,52333,47751,13033,10128,36439,12098,20935,29885,50537,48066,1743,7569,39756,12106,24529,27804,55659,35459,5091,8087,34900,9794,7926,29374,50264,35205,8426,8400,40285,9997,1475,12968,56153,40069,8679,9627,34129,8777,5317,29597,50555,52939,11235,31130,51480,25349,20866,15593,52581,35522,12775,23967,39277,12610,5571,24236,55661,36752,12005,8333,34892,12103,711,25321,35633,34700,26090,7583,51548,2672,7905,26791,50302,40334,4264,5262,34890,9793,4320,28347,51309,40329,12757,4511,35924,5974,5837,28846,35689,34454,11235,9950,43633,11594,982,28838,34175,40631,14305,6047,43869,12612,4304,30634,63615,36758,10724,155,34412,9282,5326,20455,57193,35530,12775,23967,39277,12610,5571,24236,55661,36752,12005,8333,34892,12103,711,15584,50537,58502,26022,21470,51480,25349,6091,30953,57197,49283,13779,409,36185,1600,4812,29096,50812,32903,2802,1931,34376,14166,3970,15604,49762,52878,11239,21402,41069,11366,1484,29627,55392,48076,8950,4748,35932,11616,4289,27812,52833,39564,12489,906,39511,5969,5837,28846,35689,34454,11235,9950,43633,11594,982,28838,34175,40631,14305,6047,44125,8267,7363,29113,50537,41366,12787,7310,40267,11377,5829,31141,63522,39559,8622,1951,51033,13168,965,30888,61033,36236,10471,7822,34653,3153,1495,29625,57215,52939,11235,31130,51480,25349,20866,15593,52581,35522,12775,23967,39277,12610,5571,22700,51049,38787,9382,6032,48152,108,8141,28349,51043,49297,13779,409,36185,1856,7623,26024,51039,35467,14307,2014,35920,25419,14583,29578,57186,33168,14058,9936,36424,8791,5318,31117,51808,48539,11498,5786,51018,9846,22998,32173,51832,48076,8950,4748,35932,9825,4302,13744,52780,35468,25996,21470,51480,25349,6274,15535,51816,36758,4776,1951,39773,8776,6864,25321,35633,34700,26090,7583,51548,2672,7905,26791,50302,40334,4776,1951,39773,8776,6864,29597,52331,35726,12710,5782,51542,2672,7905,26791,50302,40334,4776,1951,39773,8776,6864,29597,52331,35726,5800,1947,36112,14148,24515,32158,52856,33680,14311,23189,35864,10059,20904,15593,35628,52930,11430,21400,34908,8785,8844,28349,51817,35727,2292,6033,51549,32347,8066,28832,51756,35468,4262,12471,34647,12625,7629,12986,57183,35728,10471,411,34412,9282,5326,26857,52836,52876,3283,7357,40278,11351,718,20455,55672,36743,8427,10124,36439,12098,24519,31130,33656,36742,9458,8400,39756,8768,5327,20923,53091,51079,8358,6032,51506,25349,20866,15593,49708,52868,9442,4746,48150,4204,4289,31141,54572,52959,11496,21394,34649,25409,14583,29578,57186,33168,14058,9936,47729,8774,5326,28826,53093,40071,12710,5782,51542,2672,7905,26791,50302,40334,4264,8375,34907,9801,7665,30880,55657,48588,12771,6102,40281,27972,14583,32666,51053,51079,8358,6032,51506,25349,20866,15593,49708,52868,9442,4746,48406,9290,7621,22444,53865,36802,8680,14046,40022,27976,5353,24496,53091,46471,9442,4746,48406,9290,7621,22444,53865,52927,11239,21402,41069,11366,1484,29627,55392,42444,15587,6812,36182,9846,20950,29885,50537,52968,26022,21470,51480,25349,20866,18921,59461,32909,14322,8081,51019,9838,5083,29344,63592,39559,5800,1947,44048,13899,24527,31106,59509,35469,7907,4762,34892,5899,5837,28846,57449,38791,27867,21492,51480,25349,20866,31209,53090,52968,26022,21470,51480,13061,4302,20400,56931,35468,6830,11169,44386,24845,4755,32250,51262,36304,9396,4301,35339,27143,31627,15593,35628,52930,26022,7053,40535,11377,707,13501,62547,46266,28098,17372,56155,28949,17299,12016,39226,55514,30176,16845,56072,28992,17344,11944,35182,49867,6822,11169,44386,24845,6035,30970,51774,36305,9396,4557,36622,30484,22656,13033,35618,34945,3041,7839,51549,27915,11906,17558,61270,52426,30647,5576,55818,29463,5264,32507,51774,36048,29872,23260,51476,12625,5335,5856,35628,52930,11235,31130,34653,18753,7592,32678,51053,35010,11251,1949,34385,25419,5318,31141,52856,33185,9192,5271,49168,25391,20866,31209,55394,40087,995,8081,35932,27479,31627,15593,35628,33166,9445,21394,36699,3394,7363,15532,35633,40394,10723,4251,35916,65,8141,30127,58731,33667,26083,20096,46616,7034,13816,16097,33326,36802,8680,222,34141,8256,5334,24493,50531,34692,3041,7839,49245,11269,20944,17302,61780,50854,30628,16796,56153,28956,17095,11944,38975,52352,20399,21470,51480,11337,4289,15525,56938,33422,9430,7050,54296,8197,8141,30127,60779,33421,8418,21388,50966,7173,10749,22675,35108,57044,27812,24030,51478,9542,16325,29096,35689,49356,6822,11169,44386,24845,16532,10747,51263,57040,29876,23260,51506,25349,6274,15535,55397,34692,8426,4830,36182,10757,6097,28832,33641,39812,10730,4782,33100,25356,8131,15533,52840,34958,10735,21403,33100,11584,20904,15593,35628,52930,8614,8091,32862,9801,6026,28860,64352,39555,27886,21492,51480,25349,20866,28649,51049,36231,8434,12442,34647,10819,16325,29096,35689,52959,6873,10662,49532,28935,17344,11944,39221,56711,30695,16589,52058,18700,20866,15593,35628,52930,9199,9950,43633,11594,982,28838,34175,33185,9192,5271,34934,9800,8171,27065,35704,34454,11235,21492,51480,25349,20866,15593,35628,48066,1743,7569,39756,12106,24529,29578,52578,35211,9416,5779,34673,13909,24534,31130,33656,45501,8158,23482,56090,28999,17347,12016,39017,56451,30389,20892,49169,25391,20866,15593,35628,35778,8680,21492,51480,25349,20866,30185,35690,42935,10949,1936,34378,12361,12940,29350,49770,48517,10723,4251,44364,11351,5586,27558,35682,34454,11235,21492,51480,25349,20866,15593,35628,48066,1743,7569,39756,12106,24529,29578,52578,35211,8405,5778,40283,12641,461,29613,50555,48332,9187,5772,33099,9229,1479,32154,52858,44422,11241,6808,42335,12364,22998,12512,62508,46781,476,20950,35594,8727,18576,31227,51775,56784,10165,23260,58129,25349,20866,15593,35628,32903,20450,21470,51480,25349,20866,28857,53869,33201,11251,23450,46695,6525,23014,11755,39023,56451,30693,16797,55897,28742,21441,13792,35590,52930,26022,21470,39448,11341,9685,32166,57215,45514,7641,14244,51984,8213,16784,11771,37438,55504,32180,5576,35592,8727,17040,32251,51519,36816,10164,23260,51476,7290,11258,13453,39470,52438,26031,24016,35352,9283,4332,31140,34092,52940,6873,10662,49532,29191,18320,11951,39227,56711,29669,16792,56156,28996,17347,11000,39274,56448,30695,16845,55897,28999,17347,10923,35133,49867,12710,1676,49245,25391,20866,31209,55392,58503,26022,21470,51480,25349,6609,27558,50264,40323,28146,11425,45920,27489,16768,11947,39277,56529,30439,16796,57177,29507,17091,12205,39272,56786,26594,24535,46616,7034,13816,16097,51260,57040,29876,19148,57098,31511,6036,9723,40254,56784,9396,5576,35594,29463,4240,32762,52538,57296,30132,4557,36622,8727,18065,11003,51263,36049,29872,23260,51476,8771,718,13740,35590,52930,8358,6032,35890,10059,31656,30888,63592,36231,11506,7569,48400,8516,7905,31399,52325,52942,6873,10662,49532,29191,16580,11437,39533,56961,29927,17820,55390,29510,16835,11514,39789,57217,30180,17102,52060,27148,9384,24448,50531,40086,10729,23949,34427,9547,5835,31130,52832,39553,14274,913,34396,11602,19586,32233,53096,40102,13801,7322,34639,5901,5059,29578,52578,35211,26026,11425,45920,27489,16512,11946,39277,56529,30695,16541,57178,29251,17092,11949,39228,56539,30640,16845,52057,28428,5762,26796,51807,35732,1762,7569,32862,3906,715,13501,34597,45506,7641,14244,51984,8471,4240,9723,52798,36817,30388,4557,49178,25353,1220,32679,49784,32909,9902,7318,35915,27211,20904,15593,55340,33415,9955,5770,43612,11594,6340,21166,50797,52871,26043,7069,39511,11584,20904,15593,49708,52868,3283,7357,40278,11351,718,24551,50531,34692,3041,7839,41053,13131,1495,26857,52836,58508,26022,21470,51480,25349,14583,29578,57186,33168,14058,12496,34647,10819,16325,29096,57961,40588,12787,8400,40285,8205,7882,31162,33378,52968,26022,5854,36182,9775,5580,5856,51718,35462,12484,1930,34647,5901,5059,29578,52578,35211,26026,11425,45920,27489,16512,11946,39017,56539,29671,17816,57096,29507,17089,11949,39277,56711,30692,17823,55646,28998,17298,12024,39221,56532,26558,24535,46616,7034,13816,16097,51261,35792,31925,4812,35339,9491,4752,32250,53055,35537,9396,17100,35595,9491,4753,32251,51519,36049,29620,17100,53514,8214,6036,11003,39486,36049,30132,5576,55306,9751,17296,32251,51518,35028,9141,6093,55562,31255,18320,12283,51774,51136,26026,4749,35918,11366,6092,31648,41253,35459,2018,1931,34380,27467,4342,24491,50531,34692,27105,11486,45415,1919,21386,12281,39742,35792,10164,5576,35337,8727,17040,32251,51262,36049,9396,4556,36622,8213,16784,11771,37438,55504,32180,23260,51476,7290,11258,13453,39726,56711,30432,16792,56075,28947,17091,10922,39018,56449,30439,16540,56154,28947,17299,12273,40303,56452,30399,16794,56072,29975,17092,11946,39277,56529,30695,16541,56154,28996,18368,12207,39018,56454,30439,16797,55897,24903,23947,28905,51811,44422,11241,6808,49247,8751,5574,27019,57208,32909,4526,4511,34427,9547,5835,15589,62547,46266,28098,17372,56154,28996,17297,12200,39278,55427,29920,16797,56153,28950,17347,12202,39278,56451,29668,17304,56155,28949,17299,12016,39226,52442,27055,11486,45415,1919,21386,30968,51774,56528,30132,19149,34826,8214,6036,32762,51774,56784,9396,4300,35595,8727,5008,31487,52543,35537,9396,4301,34826,8470,6036,9723,53055,57040,30644,5576,35594,29975,4753,10491,33326,52942,8418,5778,35916,11366,6092,31648,41253,52968,10636,4241,34137,12037,707,19389,50533,33158,5873,2455,51549,25368,13815,29088,34110,35724,28145,24526,56344,29459,20878,12537,40748,57040,20399,8180,35415,12100,6018,29372,57199,33163,26088,6803,32854,10824,5336,21916,33316,52968,26022,6878,51550,11339,20950,28576,57945,40621,11235,2014,35920,25419,5328,27069,50558,35778,8680,21492,51480,13061,4302,20400,56931,35468,6830,11169,44386,24845,4754,12283,40254,36304,29108,23260,58129,25349,20866,28576,57945,40621,11235,20190,36632,12100,5329,15555,35628,33474,14055,9354,34641,11329,8917,26272,35689,52959,9419,7575,39806,11844,24519,30106,52854,52968,26022,2014,35919,11584,15498,30120,60770,36752,8427,21458,47683,14668,20935,15604,61273,33675,27572,5776,49487,28437,16770,15589,34620,57026,14511,21458,50952,28433,13442,27047,34145,36775,11509,5264,40299,12124,24519,32139,49263,52942,11203,7819,44054,12356,8139,22702,55653,36231,11506,7569,40982,27211,20904,15593,57132,35733,11235,12758,35417,1870,7371,15589,59767,36227,8941,7308,34637,5953,4304,28583,51836,35728,9960,21383,51461,15892,20878,13049,33336,52968,26022,2014,39513,27982,4309,26784,39716,56012,20399,21470,51480,8808,8139,28303,50797,49287,11472,6797,34138,25408,20895,32175,55392,58503,26022,21470,51506,25349,14210,29605,57197,32907,2017,7562,48918,12364,5067,31141,38444,39618,12532,31131,51480,25349,7652,32166,49784,35212,12740,23952,32875,9823,19586,18921,49736,56463,11176,1179,55568,25353,23954,11497,35616,51154,25996,21470,40216,9810,8135,23265,50272,39555,11247,12697,34636,25353,8921,26272,35689,52959,467,7831,50954,9803,22997,12537,40492,49874,30118,21458,55565,15884,20878,13049,34616,43970,12520,23955,34941,10838,5836,26778,51061,49287,9412,6301,51476,11616,7383,23015,55405,32907,481,407,35421,10833,8141,21479,57209,58571,11235,31130,34098,8266,7619,31465,50553,39553,10991,21392,35914,14166,973,18860,33605,58571,26022,21470,36689,10757,9425,21376,52860,52876,11762,7579,39704,14144,983,15527,50537,58502,26022,21470,34120,14916,7921,29372,33640,45501,8158,23482,55578,28998,17297,12031,39279,52438,27823,21492,51480,10757,9425,21376,52860,52876,26043,394,35917,25391,20866,26857,52859,32903,942,7314,40281,11596,13253,29373,35616,48537,16367,21403,51461,1904,7371,13051,52834,50837,27062,17374,51476,28437,16770,25056,35616,49362,27061,14046,40022,27976,4327,30138,52322,39601,10751,23963,34938,10310,20878,29324,50809,43980,14055,7575,44383,12620,4807,30141,50531,42956,27880,21492,51480,14085,707,12962,51835,39563,30126,16592,58129,25349,20866,28815,51811,34710,8936,1980,51030,10867,6353,28843,35689,52959,9440,146,58205,25349,20866,15555,35628,41922,11495,13712,34890,9800,10124,28576,51557,35726,30886,2014,40010,18752,20866,15593,56440,35719,28136,4796,33371,10849,24015,26601,51790,34177,14305,1681,36182,12657,8131,27834,55661,32903,15589,20190,55576,30475,3223,15589,34108,51158,25996,21470,40216,9810,8135,20961,49773,43148,9460,5779,51476,4190,3019,15532,35633,36750,12789,6825,36182,13386,6385,31155,34673,57026,28840,21458,34685,11856,13452,28584,50533,48517,15602,5778,43798,8260,24009,23017,56930,49295,9411,6797,36438,10849,5328,26794,50277,49292,12489,23178,35890,10059,31656,29605,51823,52878,12512,4240,32844,11594,1410,31654,51051,48007,28111,31191,51480,25349,6091,30185,65151,41387,8438,21392,33100,11584,20904,15593,35628,52930,10406,7575,33873,14668,9415,13440,41253,52930,26022,8091,35915,25391,20866,15593,35628,40130,14051,7306,35914,2672,22666,15555,35628,35778,8680,5876,36182,18735,6383,30119,49761,35736,12484,1930,34647,3595,1229,31162,56910,39574,11241,12495,32852,10310,12952,29350,52834,39553,10414,7575,33873,14668,9415,13696,60678,33166,12775,7575,43871,11601,15500,27046,52863,39840,12786,7569,43529,10825,6849,24563,50531,35724,12773,470,39517,11345,5328,21916,41253,33441,14057,12699,40269,11345,24524,29572,55417,44167,12787,7306,55382,12134,4811,9890,50255,32908,9955,23434,34669,11337,5571,28808,33376,58600,14035,411,34673,13909,8918,28332,49786,35713,3240,912,40269,9831,4293,9895,50255,32908,9955,23434,40030,8267,6358,29350,49700,40588,12787,21458,34911,9800,1010,32678,55401,35729,27874,21492,51480,10757,20932,32174,52833,40114,9961,155,35915,25409,973,30185,63615,40065,13807,14218,39517,12625,2253,30892,57132,35722,26088,5772,40012,11607,5250,30887,35590,52930,11430,21400,34641,13909,24534,31106,59509,35469,26083,20163,43544,3434,14564,12942,50264,35205,8426,5813,51521,11089,8135,15555,35628,52930,26022,2014,36439,12098,9415,13440,41253,52930,26022,7579,58204,11584,22726,5827,56185,36742,8434,441,36185,9804,1484,13498,41253,33512,9961,8095,36376,8791,6342,29356,60024,35212,8426,20190,55576,4399,8151,31130,56702,36235,27619,5804,36182,12608,1521,27820,52860,54406,10949,7568,35421,27473,1220,32679,49784,32909,8622,23178,51506,25349,6274,15535,50274,52886,14063,4269,32842,14165,5350,26810,50302,35739,26082,7050,34653,25391,20866,15593,35628,35266,9460,6810,34653,593,5836,31141,38444,50882,14305,6047,35921,14155,8163,28846,35689,52937,12770,23006,55320,29457,20875,15596,40255,58578,26022,21470,51480,25349,6091,20969,49773,43404,9460,6810,34653,25425,8131,15533,51777,32907,14273,6047,35921,14155,8588,28328,50537,52886,11762,7579,51506,25349,20866,15593,35628,52930,2214,6815,44630,8791,6342,29356,34168,33200,9458,6794,34647,32261,5762,32187,49768,32903,1266,5264,35924,25391,20866,15593,35628,35778,8680,21492,51480,25349,20866,30185,35690,33444,9449,13450,34890,10817,8135,15549,50541,52870,10688,4753,44620,8791,6342,29356,34168,36786,8436,1936,40216,9805,31692,15593,35628,52930,26022,21470,51480,12131,4301,23485,51838,34694,11235,23946,34410,8785,6358,29350,38444,35266,9460,6810,34653,593,5836,31141,35590,52930,26022,21470,35864,10059,20904,15593,35628,52930,11430,21400,40825,14148,963,28302,53101,35723,12776,4830,36182,517,4308,32189,60542,36752,11490,7579,51020,8821,5328,26791,57132,35722,20456,21470,51480,25349,20866,15593,35628,39075,12775,415,39807,10052,5323,26791,63778,39565,12775,7319,51542,25368,965,30888,52837,39564,11207,8089,58205,25349,20866,15593,35628,32903,20450,21470,51480,11584,31686,29356,33384,58600,20390,1162,35933,27467,4320,30634,49736,49807,16038,4796,33371,12610,1229,30887,55640,32899,13813,415,34653,14918,19586,11497,40738,37847,26026,24014,49165,14127,5333,29356,58916,34691,1000,4748,35925,25353,8921,26272,35689,52959,9450,1933,32879,10059,1741,30106,52854,49823,30118,17872,50445,1541,1228,12964,51785,34705,8936,1965,34113,27968,2535,29625,52834,39564,9455,24466,44056,13899,24527,32140,49791,35212,11458,5772,40283,11340,24524,27014,33400,40680,9450,8327,40023,10059,11914,17558,61270,52426,9911,4813,35338,8215,4240,32762,51263,51136,20399,7053,40535,11377,707,13501,62547,46266,28098,17116,55311,29968,16836,12286,39277,52358,27055,11486,45415,1919,21386,32248,52543,36048,8372,4557,34826,8471,6036,32760,51519,35537,9396,5836,56074,28695,18320,11771,51774,36048,9136,4303,34827,29975,5009,32251,52538,57042,29876,16588,57098,29207,4240,11775,33326,52942,14322,5771,17}
local __O={}
local __T=104161
for __I=1,#__B do
 local __V=__B[__I]
 local __L=__V%256
 local __H=(__V-__L)/256
 __O[#__O+1]=string.char(__A(__L,__K[((2*__I-2)%#__K)+1]))
 if 2*__I<=__T then
  __O[#__O+1]=string.char(__A(__H,__K[((2*__I-1)%#__K)+1]))
 end
end
loadstring(table.concat(__O))()
