--[[
    ╔════════════════════════════════════════════════════════════════════════╗
    ║                 XZ HUB OBFUSCATOR v3.0 [VM SHIELD]                     ║
    ║   Level 3: VM Shield Virtual Machine Architecture                      ║
    ║   Features: Rolling-Key Chunks | Encrypted PC | Anti-Dump Traps        ║
    ║   VM UUID: XZ-VM-DC0969CA-7d40af | Built: 2026-09-14T02:08:11.362Z      ║
    ╚════════════════════════════════════════════════════════════════════════╝
--]]
do
    -- [STAGE 0: Anti-Decompiler & Environment Tamper Watchdog]
    local _ENV_TRAP = false
    if getgenv and hookfunction then
        local _testHook = function() return true end
        if type(_testHook) ~= "function" then _ENV_TRAP = true end
    end

    -- [STAGE 1: Opaque Predicates & Control Flow Flattening Dispatcher]
    local _VM_STACK = table.create and table.create(128) or {}
    local _VM_REG = { 0x1F, 0x4B, 0x8C, 0xD2 }
    for _idx = 1, #_VM_REG do
        _VM_STACK[_idx] = bit32 and bit32.bxor(_VM_REG[_idx], 0xAA) or (_VM_REG[_idx] % 128)
    end

    -- [STAGE 2: Virtualized Bytecode Execution Stream]
    -- XZ HUB | protected build
local __A=bit32 and bit32.bxor or function(a,b)
 local r,p=0,1
 for _=1,8 do
  local x=a%2
  local y=b%2
  if x~=y then r=r+p end
  a=a-x
  b=b-y
  p=p+p
 end
 return r
end
local __K={106,184,194,30,105,169,152,2,60,26,182,56,107,11,72,118}
local __B={55046,32673,35077,24007,16484,1533,13146,31866,55046,32673,35077,30718,31058,20930,25860,10600,57397,23192,55873,2225,30236,23513,26378,6504,50007,5311,50505,25079,30301,21910,10326,31803,54346,32173,50440,27576,11009,6332,25372,6689,38927,8875,35076,28156,14902,21654,26628,6697,55626,28159,56093,27889,13403,16852,28191,1376,53574,5355,35145,28148,31583,6362,13833,571,53528,31148,52039,30433,12889,5317,8194,24441,39008,32738,51284,14005,14852,24287,27211,20342,52298,31658,35079,16377,14173,389,28235,4646,39008,31970,52052,14005,14852,24287,26955,20342,52298,31658,35079,16378,14174,389,28235,4646,39008,29410,51718,28409,27676,22923,14913,23934,45576,16098,50693,25595,14928,1501,21556,11280,45601,16098,50693,25595,14928,1476,347,22120,55046,32673,35077,16360,4109,6294,25613,22074,34101,13043,35153,28156,14902,6294,25607,5931,38918,9146,35871,2218,14876,21654,26628,6697,49482,30207,39756,8850,14876,24287,29515,19254,38931,30390,50956,28856,26625,18589,28235,4646,39008,16098,37919,29872,25105,6047,345,22120,54090,14079,33794,11233,10259,6332,11083,19256,37658,5298,35145,27901,4184,6294,20484,6507,35137,9119,56602,27626,32082,23448,27139,24122,37144,16072,49225,27557,10263,6332,25870,31788,51786,27303,56092,8950,31560,21716,9486,6443,56068,27299,50753,2225,29785,13010,331,6436,55561,16046,56893,26621,18770,19155,25117,4907,34122,31202,50184,14589,32635,27586,30990,7998,56585,16874,61750,18114,14356,2771,14856,17708,35598,9894,39948,12796,11871,2261,27919,17196,35598,14304,41792,28148,31583,6362,30782,1069,54819,27570,64029,28925,29514,24021,13899,4456,54539,9383,52270,20972,26713,20928,28168,10592,57397,23192,35649,12797,12127,3026,16136,4142,32782,10401,39434,12539,12121,3026,16136,17963,56846,11174,39437,11194,4117,22490,27144,22052,52536,19884,56076,27630,32607,1430,27723,6953,33295,31621,64029,28925,29514,24021,21571,11799,64560,15594,40204,12795,8792,3539,14351,16939,34825,30886,39949,12796,13086,12959,25607,5931,38918,27281,56584,20971,26713,20928,28168,19304,57162,29603,37644,26591,18760,19155,25117,4907,59202,18077,60723,8368,12121,2773,15375,17451,36105,14304,41792,28148,31583,6362,25127,7727,53534,31148,37961,26040,30557,723,28204,9532,51727,30644,52234,23984,16995,31980,10563,5934,56846,12198,52237,12539,31832,210,14863,24426,45635,29102,51210,8948,30316,16855,30990,22075,38999,32677,52228,17826,28249,24037,32025,5409,36879,16797,62257,10972,32542,23680,28426,5503,56332,32241,51805,8365,13077,21692,26628,6697,62538,32173,50440,28360,25437,19155,13899,9832,55558,31675,55835,20150,31059,21719,26427,3881,51727,5320,50703,8938,13923,23958,27917,5421,38942,28843,49225,25576,26709,4293,25127,7727,53534,31148,61011,30461,29311,21727,30991,6189,37186,16107,50701,8850,14876,20886,11021,4141,56588,27297,57427,17387,17684,24809,20273,21600,35852,32678,39434,14075,10586,2258,15119,17708,36110,11425,32843,8881,26707,23958,27917,5421,33310,28043,33064,24007,16484,4338,27977,4730,56153,32244,52571,25853,32261,24198,28507,4654,56409,31395,53083,26283,32268,23686,28504,5501,39512,14315,56649,26608,4178,6294,11083,22120,38986,30887,52239,30459,24070,19411,31007,3879,37186,16072,35145,26552,32338,23996,28421,31810,45642,31653,52765,27901,12874,5791,20787,14103,59194,31371,37961,10936,32603,24514,25870,24126,38467,17562,59446,24008,32373,22422,11033,24440,37706,12258,50531,25079,30301,19350,26382,16174,38926,16127,52238,26092,29785,4288,9538,11280,63797,16786,52512,2194,30032,22997,11015,814,56068,30646,50950,26040,28249,23013,28173,783,36867,5355,35145,8888,30032,22997,11015,4911,61470,30647,56367,25078,10012,19094,31754,4911,36894,31653,53021,27901,12874,5279,21579,11799,64560,15594,38925,12796,10335,24018,14344,4140,37192,16107,56070,10936,25416,24006,27908,4448,52239,31653,57095,8881,9985,26518,21300,12818,39490,11942,39434,15100,12120,2773,27919,20268,32782,14304,51273,26358,32028,19667,28172,38,37186,31212,56588,30704,13141,6332,11083,8040,38924,26550,52249,25847,32020,19667,32291,12321,54815,14241,37961,8869,17763,25326,9007,4714,56154,31473,52561,25005,32270,23760,28498,21616,38979,30390,50956,2232,14876,6294,11083,22120,56600,27574,50971,26040,28249,19966,19714,6205,36873,16107,35171,8888,32540,23768,11105,22120,54346,32173,50440,29112,31049,24021,30744,22116,55049,31664,56366,8945,14849,23494,26378,24100,52492,32172,49181,27895,13076,19094,32526,1085,38916,32677,52228,17826,28249,24037,32025,5409,36879,16797,62257,10972,31774,23683,26706,4732,56921,32243,52570,8446,13077,23958,28421,31841,38986,16098,52992,29112,31049,24021,30744,5992,56324,32226,56070,17917,29513,19606,28163,22054,56600,27574,50971,25016,26707,32723,25118,4968,56324,16072,35145,28856,28249,19139,11013,6404,55561,20142,51205,26593,8270,23009,32514,6414,64280,30634,52485,23984,16995,31980,10563,16429,55566,10662,53002,12796,11871,2512,14344,4140,37192,5355,50956,2300,30262,23513,26378,12648,53535,32658,52251,30454,10012,24470,32526,5915,56588,27525,33024,2225,30032,22997,11015,6695,65294,30647,37961,17848,29513,23014,28185,550,65104,28843,61197,28913,28239,20725,26370,24108,59189,17562,33069,26554,32601,24021,27986,4991,56668,30971,52491,25007,30985,23684,26712,21628,37187,30664,35087,28407,23896,20931,32587,4896,38916,29357,60941,27629,24070,19411,31007,3879,37186,31714,52487,2194,4124,19427,30990,6145,52506,19894,56076,27630,32607,30104,32260,4923,56099,28845,50988,24825,32592,6354,11094,1084,56607,29384,51718,28409,30492,19929,28184,6411,54788,9186,64585,26603,21326,18648,32542,4891,52760,32171,37644,26591,19016,22468,28187,570,64275,32682,52743,26365,29551,22225,26378,10592,57397,23192,35649,24830,9048,3029,15880,17708,56844,11174,36877,15100,10586,210,15375,16940,55566,11686,39693,11194,8213,22517,25861,5421,36894,27556,51719,27628,29779,4510,11105,22120,53578,16036,50695,8940,26985,19155,25890,824,60190,27815,49183,26619,22290,19929,28184,5377,54789,28807,51976,26612,14936,20674,25870,22082,38986,16098,35145,22456,32591,29124,31493,573,56633,26800,51712,11517,30065,19395,16910,6443,64772,32684,50443,26365,10012,19606,32281,31789,38986,16098,50956,2300,29785,4562,353,6436,55561,16046,57661,20445,18809,1430,28747,22082,38986,17890,63030,22720,12920,23956,28511,4731,33112,30964,52571,25007,32264,466,12893,4141,56408,31473,52569,25007,32271,23511,12889,21550,58691,9186,53833,8850,14876,6294,11083,14184,56073,28839,35101,8869,30079,22490,14361,4198,55064,19631,60206,12464,10766,6298,15960,22116,36190,13035,35171,8888,14876,6294,19019,5419,54799,23734,49179,27391,14920,6283,25640,6436,35608,30956,50715,20725,22651,2718,15966,22116,36189,16110,40017,11953,14902,6294,11083,22120,64074,32163,52738,28138,29769,6354,11094,6411,55046,11696,53063,28138,18513,31473,14915,23162,35146,13040,38985,11182,4112,6294,11083,22120,38986,30609,52237,25594,14926,6283,25640,6436,35608,30956,50715,20725,22651,2462,10079,18280,37982,12258,32849,2228,14876,6294,11083,22120,55081,27308,50956,8940,14849,22517,25607,17722,56900,29104,64260,16607,11028,5254,14923,23160,35146,14326,41797,8888,14876,6294,11083,5899,56344,9186,59977,28407,26707,5765,30989,6951,65336,13952,37208,8884,8717,6298,16217,23137,39008,16098,35145,8888,18716,19138,24580,22061,38999,29057,50693,12778,31762,22468,22790,13327,35906,13047,40265,11949,12060,4494,327,22120,38986,16098,35145,25562,32088,6355,11094,6411,55046,11696,53063,28138,18513,31473,14403,23160,35146,13044,39753,11176,14902,6294,30283,31844,38986,16098,63026,23239,24166,6814,15885,4139,35854,11686,40202,13563,10591,210,28431,16497,36108,30881,40461,15100,13086,6379,11094,31795,38986,16098,35145,8888,31101,24021,32517,19304,64330,29357,56070,11435,26714,21977,19513,24074,37978,11490,39256,8884,12046,4483,327,22120,38986,16098,35145,25049,32607,19672,31017,4385,52226,9186,59977,28407,26707,5765,30989,6951,65336,13952,39248,8884,10510,5251,14667,17277,37955,16072,35145,8888,14876,31382,26634,4387,55064,28855,35085,8869,30079,22490,14361,4198,55064,19631,60206,13232,13836,2454,10079,18280,37202,5358,35145,8888,14876,6294,25144,4908,55560,16048,35156,28123,30032,3012,27973,6458,59911,23685,38977,11946,11036,5248,14667,24442,45638,16098,35145,8888,14876,22517,32517,6189,38942,16127,50730,28148,10574,24216,25625,9253,64045,9962,35141,12457,14864,3719,10050,22082,38986,16098,35145,16824,26717,6354,11094,6411,55046,11696,53063,28138,18513,31473,14915,23164,35402,13042,39753,11168,4112,6294,11083,22120,38986,27281,50715,26611,10012,31638,26372,1063,38489,27812,50182,17866,12926,2181,11079,18045,38982,9972,34112,8850,14876,6294,11083,13416,56331,31653,37961,16824,30291,19161,9560,1070,54533,22928,33067,12457,14864,3461,11079,17276,45635,16098,35145,12005,14902,6294,20555,10519,57906,13958,53067,26272,32271,23695,12883,4222,56413,31392,51802,26282,31065,23504,26718,21626,58691,9186,53833,8850,14876,6294,11083,14184,56073,28839,35101,8869,30079,22490,14361,4198,55064,19631,60206,13232,10763,6298,15198,22116,35928,14322,41797,8888,14876,6294,11083,5385,56585,27308,56107,26097,28244,1430,18507,6695,51717,12529,56079,28663,23918,4340,14937,23160,33098,13047,39753,14253,13845,6332,11083,22120,38986,23778,51720,26099,30030,22211,11023,22133,55081,29102,39451,25782,30030,27355,18732,18272,37982,12258,34137,13240,13060,12954,11083,22120,38986,16098,49210,26620,31582,6340,11094,6411,55046,11696,53063,28138,18513,31473,14915,23166,35146,13040,39753,11178,4112,6294,11083,22120,38986,29057,56583,27901,14920,6283,25640,6436,35608,30956,50715,20725,22651,2462,10075,20072,38982,10995,34112,8850,14876,6294,11083,13672,51723,16038,35156,28123,30032,3012,27973,6458,59911,23685,39745,11946,11036,5248,14667,24432,45638,16098,35145,8888,14876,19685,25625,4899,34122,24034,50438,28919,13327,19152,26116,12570,36904,11255,35141,14251,14864,128,10050,22082,38986,16098,35145,16568,32349,24017,13899,13672,54277,27821,34650,28926,30547,32740,9001,17275,38982,9971,35141,15020,4117,6294,11083,23093,39008,16098,62025,24007,16484,4338,28233,4730,56147,31399,52495,15277,31754,23685,28425,5499,56414,31477,52488,8362,18197,1430,28747,22082,38986,16098,35145,17336,31071,22227,11039,22133,55081,29102,39451,25782,30030,27355,18732,16992,37978,11490,39259,8884,11021,4486,327,22120,38986,16098,35145,25049,32607,19672,31017,4385,52226,9186,59977,28407,26707,5765,30989,6951,65336,13952,39249,8884,12046,5251,14923,17276,37955,16072,35145,8888,14876,31382,26634,4387,55064,28855,35085,8869,30079,22490,14361,4198,55064,19631,60206,13232,13836,2454,10077,18280,37208,5358,35145,8888,14876,6294,25144,4908,55560,16048,35156,28123,30032,3012,27973,6458,59911,23685,38977,11946,11036,5262,14923,24444,45638,16098,35145,8888,14876,22517,32517,6189,38942,16127,50730,28148,10574,24216,25625,9253,64045,9962,35141,13993,14864,2183,10050,22082,38986,16098,35145,16824,26717,6354,11094,6411,55046,11696,53063,28138,18513,31473,14915,23166,35402,13046,38985,11168,4112,6294,11083,22120,38986,27281,50715,26611,10012,31638,26372,1063,38489,27812,50182,17866,12926,3461,11079,20093,38982,11510,34112,8850,14876,6294,11083,13416,56331,31653,37961,16824,30291,19161,9560,1070,54533,22928,33067,13481,14864,2178,11079,17018,45635,16098,35145,2277,4161,21692,26628,6697,64330,27831,52251,30454,29288,21971,17678,6953,38927,16127,63030,22720,12920,23956,28511,4731,33112,30964,52571,25007,32264,466,12893,4141,56408,31473,52569,25007,32271,23511,12889,21550,45635,29102,51210,8948,28543,19140,25870,8764,56578,31663,37961,22200,24436,32251,20536,779,51736,28839,64797,26608,32593,23032,28166,31765,54368,32173,50440,16824,21619,29168,11052,22133,45585,16098,35145,28107,29769,32210,27141,6698,56335,9186,56649,30698,13913,6332,11083,9832,51723,30646,50442,29181,29817,23255,28167,22060,38999,27830,52252,2228,14876,6294,27196,4924,54552,27811,60418,25590,30302,23763,13899,616,52504,12967,35171,8888,18716,19138,27150,4901,62744,31405,35084,8869,31578,19418,9998,22082,38986,19426,64032,25595,32592,1430,14923,31844,38986,16098,50749,26111,32592,24061,11026,22133,54831,29623,57927,31741,30079,24018,22853,4385,52226,30353,52992,12012,14902,6294,22603,807,56324,16049,35156,2275,14876,6294,11083,22120,54313,32171,35074,8869,17763,25326,9007,5482,56414,32246,52492,25007,30985,23683,26712,4730,56332,9968,36874,15265,8709,134,13070,20014,32857,9972,37208,15102,8793,133,10590,23137,39008,16098,35145,8888,18716,23491,28168,1339,34122,16866,61750,18114,14356,3285,16143,4907,36622,11169,39946,12796,10335,24274,14607,5488,33107,10235,39249,26528,31748,2958,15699,18288,56914,11770,40273,13216,13086,12954,11083,22120,38986,16098,56108,28138,14926,6283,21556,11280,36910,32224,52573,25004,32345,23425,26718,4733,56153,31472,52495,15018,9055,399,13138,20014,32860,9970,37135,15016,8714,208,13151,20088,39439,5355,35145,8888,4161,13003,26465,5415,54283,20194,56072,31722,32623,19650,25858,1327,34122,26082,60489,25590,30302,23763,13899,616,52504,16039,41748,28148,31583,6362,27163,1082,64275,27565,56583,16312,10780,21692,26628,6697,54346,28067,64797,28912,31577,27842,26114,22061,38999,5362,50693,25595,14928,19671,27167,7467,51757,32163,64524,30454,30293,1430,15179,6722,56069,29347,51273,30444,31069,32733,27161,4907,54316,29101,35099,8869,4108,22490,27144,22052,55559,27564,50440,28378,31059,28893,26382,22060,38999,32676,55813,2301,30032,22997,11015,5924,52249,29312,51718,28876,14917,6283,347,6436,55561,16046,51205,30443,29801,21716,26628,1052,38931,16127,41817,28148,31583,6362,18217,13575,59169,24464,60967,8925,14849,2951,353,6436,55561,16046,55808,25035,29518,19654,28207,571,55064,31675,35085,8869,31578,19418,270,6436,55561,16046,55808,19405,27251,22227,13899,616,52504,5287,50693,25595,14928,23493,25113,568,52281,27811,64797,28657,14937,6283,25119,7467,37186,5320,50693,25595,14928,19920,26629,7996,54789,30690,59418,27636,32586,4510,11105,22120,51786,27303,56092,8950,32603,24514,25870,24126,38467,17562,59446,24008,32373,1430,11094,4923,56838,31371,51273,26358,29724,19673,25163,9531,51721,28331,60701,29181,26696,16857,28430,4930,56324,5320,50693,25595,14928,19920,26629,7996,54789,28386,51205,20961,28499,23768,30787,807,56324,31625,32784,8850,14876,20886,11021,6438,38942,20865,61223,17873,18706,19929,28421,6157,55819,31662,35085,28919,29724,19673,18507,14343,61740,12421,50746,27885,26968,19437,32260,4646,56609,17339,56649,26608,14930,24004,32287,6202,56650,31404,35171,8888,30236,23513,26378,1384,52485,31404,37961,19384,26962,22978,26629,22573,56580,14005,63030,22720,12920,23956,28510,5489,56409,31482,35675,11185,14902,6294,30795,807,56324,19948,56326,26358,32373,1430,18507,14343,61740,12421,50746,27885,26968,19437,32260,4646,56609,17339,35171,8888,26908,19929,28421,8294,54277,29623,35084,8869,13324,12928,11083,22120,55065,28855,34573,25544,32590,19672,13899,4456,54539,9383,52270,20972,26713,20928,28168,10592,57397,23192,35649,14333,9048,3029,13071,17452,36111,11686,40202,13051,31832,3538,14351,24426,45635,16098,35145,28139,29769,722,26427,3881,37186,16072,35145,29112,28499,23768,20037,4646,56335,24056,50950,26614,28255,24222,25886,555,55043,13996,35136,28139,29769,722,28207,571,55064,14011,35136,27901,13144,23996,28421,31810,45642,29102,51210,8948,28506,23512,25119,6183,57162,27303,55340,27629,27212,23763,25663,6695,37186,16072,35145,28344,31059,21719,26699,5920,38936,16127,50725,25595,19024,23002,28178,22586,53289,27811,51720,26604,4174,6294,11083,4922,52510,28848,51785,25584,14926,22231,11023,7723,51723,22776,50944,17660,26709,19653,25384,6689,63246,23972,51205,29163,17684,24809,20273,21600,35343,10150,36877,25596,13086,12959,25870,31788,54368,32173,50440,25784,29769,19669,25602,22054,56589,23734,50693,27131,32622,22491,28191,24123,45635,16098,35145,28148,31583,6362,25631,6695,34122,31202,56588,29661,29513,18630,28430,6428,54277,14314,35171,8888,29468,6352,25605,22076,55070,29357,56649,26608,14930,24004,32287,6202,54858,29355,52297,26358,14902,6294,26443,5415,54283,31970,50693,8955,14849,22466,26372,12402,54787,22694,56064,30443,29311,21727,8975,10519,57906,13958,52555,26284,32349,23695,10590,24417,39008,16098,50505,25079,30301,19862,26885,6436,38921,16127,50717,28407,23558,22239,19727,1057,52249,30337,50432,11004,17763,25326,9007,5482,56409,31482,52573,26361,32261,6787,8770,22082,38986,30690,35087,28410,31059,22934,28421,872,55812,29102,35082,27897,14936,21716,26628,16242,63769,16874,61750,18114,14356,3283,14351,5164,33038,11425,39437,12798,10847,3026,13071,17451,37192,16107,50952,8956,29769,21716,26628,16242,63769,16874,61750,18114,14356,3283,14351,5164,33038,11425,39437,12798,10847,3026,13071,17451,37192,16107,49437,27901,14902,6294,11083,22120,51786,27303,56092,8950,14919,21716,26628,19304,55882,29102,34058,30648,30802,22490,11016,22133,54815,29344,51718,32696,14902,6294,28235,4646,39008,16098,56137,30461,26697,6360,25093,31780,54799,5286,50531,25079,30301,24214,25886,555,55043,16044,49167,26602,30334,23513,8771,22082,38986,29410,51718,28409,29724,20441,13899,6504,38425,29345,51718,10995,4117,6294,11083,4129,54858,27053,33865,28344,26973,31426,25607,8747,49432,8930,39241,12982,14852,20674,25870,1128,52239,27831,35079,27901,4184,6294,11083,5924,52249,29312,51718,28876,14917,6283,25605,31807,38986,16098,50693,25595,14928,6340,11094,4911,64030,29102,49674,26570,30033,24002,8984,31841,38986,16098,52992,28856,28188,24030,11013,5432,54283,13998,56335,25078,29512,22233,8771,1128,55876,29102,37642,27614,32590,24037,32025,1069,37186,31714,52487,8881,29785,13010,25870,31788,54368,32173,50440,25784,29769,19669,25602,22054,53516,31664,51004,28410,31059,4510,11105,22120,54346,32173,50440,27832,27987,1430,25675,22587,54281,32173,33026,2225,14876,6294,27906,6248,52997,13282,50505,29177,20296,23256,25607,8747,49432,8930,39241,14006,28188,24030,11013,4922,52510,28848,52297,26358,14902,6294,26443,1321,60702,31916,50693,22267,25422,1430,25931,295,39008,16098,50505,25079,30301,19094,13899,4456,52239,29312,51718,20723,30553,19673,30734,24416,39008,16098,49225,8958,14926,20674,25870,1640,55561,29358,53057,27885,28255,22495,8965,22113,38424,28855,50443,25079,23558,19167,22542,1069,56604,14000,35136,27901,13144,23958,28421,4930,56324,5320,50693,25595,14928,27895,19007,15627,63797,22412,63012,17366,24433,6373,11094,22067,54297,28067,35073,8869,26696,24003,11079,804,57092,16039,35156,28908,32585,6298,28188,22061,38999,27830,52252,32696,4150,22490,27144,22052,52492,32172,49181,27895,29468,30661,25884,283,54787,30629,52743,11184,14902,6294,26443,5415,54283,32226,51201,8938,14849,22522,27144,9764,55558,31675,34587,27355,26717,23511,28191,31802,38986,16098,50693,25595,14928,22466,26372,19304,57162,27303,55340,27629,27212,23763,25663,6695,37186,16072,35145,28344,31059,21719,25419,6973,34122,32226,51201,8938,29789,6354,25352,1065,65104,28843,61197,28913,28239,20725,26370,14636,64268,32686,55834,23984,16995,31980,10563,4910,35593,31910,40461,15100,9048,24274,14607,24426,45635,16098,35145,28148,31583,6362,25866,6945,52235,27821,37961,27320,30537,22934,28421,7784,54559,22776,50944,17660,26709,19653,25384,6689,63246,23972,51205,29163,17684,24809,20273,21600,36620,9894,53005,24828,11608,2773,12815,16939,37192,5355,35145,8888,31829,22166,32516,24168,55070,29357,51273,26358,31516,20952,27142,6460,37144,27362,52225,8950,32590,19906,25881,4200,54283,31665,52297,26358,14902,6294,26443,5415,54283,30690,55821,16312,24860,13003,11083,22120,55052,16048,34102,25528,29468,6360,31490,7977,51992,27370,50694,14580,32635,31682,25091,4644,56600,13996,32832,26296,4179,6294,11083,22120,38986,30891,51273,19362,23375,26526,21300,12818,39490,10660,37133,25852,30808,4050,14600,4140,33038,9894,32843,8881,29789,6354,24362,14108,62249,24477,57383,24021,23410,32251,20536,571,53528,31148,50503,30199,26713,22942,17733,6953,37135,16031,49437,27901,14902,6294,11083,22120,38986,16098,49225,29180,31591,31128,25093,5925,53534,28845,52512,8901,14849,19138,28190,22082,38986,16098,35145,26552,32338,6332,11083,4968,56324,16072,35145,28344,31059,21719,25675,23075,52298,32688,49674,8939,14849,23494,26378,24100,52492,32172,49181,27895,13076,19094,32526,1085,38916,28835,50176,30457,26707,32652,32526,6680,49419,28843,59406,27638,31569,20930,25860,1052,56075,28073,32833,26552,32338,12959,11083,22120,56835,28898,56582,28088,14935,19161,25931,551,52298,32688,49674,8939,29256,22227,31051,557,51743,16044,51215,29172,14937,22227,271,22120,38986,29092,35099,11975,28188,6340,25858,8040,55578,27819,33050,28908,31069,19421,11074,6444,39008,16098,35145,8888,30236,23513,26378,5992,38916,16127,56093,17334,29522,23003,25119,6183,39008,16098,35145,8888,29468,6352,25866,5992,56324,30690,55821,25539,13394,22263,26114,553,55043,22444,62477,30392,32596,6360,28185,828,54808,27362,56347,8957,29785,13010,11083,22120,54799,5286,35145,8888,32590,19906,25881,4200,54283,31665,52323,26358,4150,22490,27144,22052,52492,32172,49181,27895,29468,31173,32520,5949,54278,23739,50693,27131,29781,4305,322,22120,38986,29102,51210,8948,29279,19159,13899,14952,56069,29347,50489,31737,26713,31640,27139,5946,52233,27815,35171,8888,30236,23513,26378,616,55045,16046,35156,26623,24392,19911,31490,4920,60430,29101,33029,2225,14876,6294,25607,5931,38918,29344,51718,17395,29522,6363,11094,6460,54277,32738,52487,30392,30035,730,25133,4646,53548,28080,59933,27632,32336,26526,21300,12818,39490,10918,51213,15356,12120,23762,8777,31841,38986,16098,50693,25595,14928,19934,11014,22133,53257,27811,51273,26358,31004,23006,12569,7950,56324,30596,55835,16876,29524,23770,27940,6667,51979,14001,63030,22720,12920,24212,26638,4731,56328,31477,52561,26273,32346,6788,8770,22082,38986,29410,51718,28409,31516,20952,27142,6460,38936,16127,56321,8949,29789,6354,32259,19493,53548,31404,49199,29162,22856,20958,28423,4103,54313,28067,33050,24007,16484,4338,27977,4735,56402,31396,52491,25007,32270,23439,10591,24417,39008,16098,49225,8958,30034,6338,26947,6436,54025,28803,50176,25528,32338,22934,25093,5925,55070,14256,56649,26608,14930,24004,32287,6202,56906,29347,52250,26552,32338,6332,11083,6760,56069,29347,50761,12019,28188,22980,24584,22075,38999,32178,50440,10996,28506,23512,25119,6183,37186,27874,56588,28909,14930,22231,26114,553,51717,23032,56588,28360,25437,22239,18956,7974,55559,30646,50950,28876,31069,19421,8771,4968,56324,5355,35145,8888,31829,22166,32516,6504,38913,27821,51017,30455,28188,22980,24584,22075,53278,28839,56137,30461,26697,6360,27149,1316,38927,28839,41741,8888,14876,22480,11033,23063,52298,16048,50944,27576,31564,19167,8984,1084,56075,28073,35136,28156,14902,6294,11083,22120,54346,32173,50440,25528,14930,6283,31007,14182,53508,32687,49181,27895,14902,6294,11083,22120,53578,16036,50952,25528,32338,22934,9477,6153,54531,27299,50688,19446,14936,1419,26955,6436,54025,28803,50176,17334,29522,23003,25119,6183,56355,27362,52225,8950,32590,19906,25881,616,52504,16039,50956,2300,14876,6294,25870,31788,38986,16098,52251,30700,29774,24214,26378,4923,56672,31404,41827,28148,31583,6362,24362,14108,62249,21917,61484,8907,14849,6349,20016,806,38407,31625,59920,26359,13401,26099,13899,616,52504,12967,62025,27869,30537,29592,29198,6411,56590,20460,35124,8869,26696,24003,11079,13075,52484,12463,52258,16865,32339,5843,22061,19304,52298,27568,35084,2277,30032,22997,11015,553,55582,30113,50976,30696,22856,22233,11013,22133,52031,27815,50976,30696,18760,19155,25117,4907,61764,28332,56604,26586,31579,728,25640,6182,56079,14006,56335,25078,29512,22233,25155,1574,52255,5355,35145,8888,31829,22166,32516,8040,63769,30638,52255,11184,28188,24030,11013,4922,52510,28848,52297,26358,14902,6294,25163,22062,54787,27570,34589,29133,26713,22271,32283,8764,51219,16039,37972,18360,28498,5851,30782,1069,54819,27570,64797,29409,13401,22523,30750,13357,52255,29110,39687,28088,14926,22239,32283,22588,56609,23995,52486,8957,9985,32150,32261,22565,56609,23995,52486,11517,28542,19650,25860,17412,52298,31658,41735,8888,14876,6294,11083,5925,52484,29347,50475,25079,21079,21715,11023,22133,51742,31671,35171,8888,14876,6294,31051,557,51743,5292,35145,8888,29785,13010,11083,22120,56835,30690,55559,30445,20242,24005,16921,1574,52255,26518,52249,16312,14849,22259,26142,9062,56601,22448,55559,30445,25448,24006,17989,807,56601,27520,56605,27895,4109,6294,11083,22120,38986,27821,33097,27889,28492,5826,30782,1069,54819,27570,64797,29409,14937,1419,20043,806,38407,28055,56076,27857,28492,27842,31506,22573,56609,31931,51206,26346,31516,23768,19019,8732,64299,16777,60450,20929,29543,18648,32542,15718,49423,29057,52237,11205,28188,24030,261,22120,38986,16098,35145,30457,31560,21461,31020,5417,60687,27308,50432,16312,29980,5829,26376,5415,36865,16107,35138,11432,4101,6294,11083,22120,38986,27299,51229,27131,26747,23511,19726,6436,51717,9186,50761,11499,30303,23513,8960,22113,38977,12530,40026,8850,14876,6294,11083,6760,51979,19126,56065,25597,20040,21983,11022,22133,45658,16098,35145,8888,14876,24287,25163,14139,52233,32695,50437,16609,30032,21461,25858,24111,38979,30390,50956,8850,14876,6294,11083,22120,38986,30946,56064,22525,30802,22490,8968,31841,38986,16098,35145,8888,29785,13010,11083,22120,54799,5286,50956,11260,4150,22490,27144,22052,55559,27564,50440,28378,31059,32221,28421,6411,54788,9186,64585,26603,21326,18648,32542,4891,52760,32171,34572,27857,28492,32194,28421,4653,64336,28845,52231,30459,31764,22211,32520,6433,36868,28843,56345,11244,14902,6294,25163,22062,55044,16054,55808,28377,27733,4307,11074,7740,54799,27874,56588,28909,14930,22227,271,22120,38986,30891,49225,29430,28233,28056,28184,16186,51204,27319,53309,26600,10012,6283,25902,6973,60740,31665,57371,29430,28233,16866,28187,15206,52485,31665,56363,30444,29779,6276,30980,8040,51204,27319,57927,31741,30079,24018,13899,22133,54831,29623,57927,31741,30079,24018,18757,573,55070,21164,35163,27372,29785,6332,11083,22120,38986,29666,50952,25581,22608,22490,24584,4864,56326,9186,53065,28409,32591,6332,11083,4968,56324,31688,52487,2225,30262,23513,26378,4200,54815,27297,50688,8950,26965,22259,26126,14385,55567,14000,56065,11240,14902,6294,27979,1063,59210,16110,50457,27576,14930,18655,25098,1338,59458,32686,52240,29162,23814,19667,26427,3881,51727,14001,32832,26296,4179,6294,11083,22120,38986,30891,55625,8948,10050,29846,26628,6697,54330,26531,56076,30392,32596,13016,11083,22120,38986,16098,35145,8888,30032,22997,11015,5421,34122,28386,34565,27355,26717,23511,28191,31802,38986,16098,35145,8888,14876,6294,25607,5931,38918,30375,55835,16312,32540,6357,25866,22060,56079,22776,50944,17660,26709,19653,25384,6689,36878,16797,62257,10972,31774,23507,28504,4650,56413,31482,52560,26366,32526,23682,28498,5489,56664,31476,51806,25004,14350,4511,11105,22120,38986,16098,35145,8888,30236,23513,26378,4968,52482,16047,35156,25085,31516,23768,28235,19499,53548,31404,49199,29162,22856,20958,28423,4103,54313,28067,33050,24007,16484,4338,27977,5421,56409,31392,52574,26272,32261,23760,10585,24417,39008,16098,35145,8888,14876,6294,25163,22062,53263,28080,51273,26358,32540,19934,11014,6185,38926,30375,50204,19126,31577,19674,11011,22134,39002,30390,50956,8850,14876,6294,11083,22120,38986,16098,35145,28344,31059,21719,28235,6460,54277,9186,52297,14587,29562,23768,25133,1338,64286,30634,52485,25815,30335,19415,8984,10519,57906,13958,52299,26282,32261,23695,10506,24417,39008,16098,35145,8888,14876,6294,11083,22120,53578,16036,56588,28151,14928,22231,11023,7776,51224,20204,55814,30449,30037,6360,11078,7725,51992,20204,55814,30449,30037,4568,17989,4393,53508,27574,52237,16056,14849,29940,18468,10499,63800,22924,35116,27372,29785,6332,11083,22120,38986,16098,35145,8888,14876,6294,11083,1128,52239,27831,35079,28908,32585,6332,11083,22120,38986,16098,35145,8888,14876,23958,28421,22082,38986,16098,35145,8888,14876,23958,28421,22082,38986,16098,35145,26552,32338,6332,11083,4968,56324,16072,35145,28856,28249,19139,11013,5934,51974,5287,50956,2300,30262,23513,26378,1640,51723,26544,52282,29174,22873,22233,11013,22133,52536,19884,56076,27630,32607,28824,27150,570,56584,27299,59987,27895,32594,19669,27971,6205,52233,29099,33031,2225,14876,6294,27906,6248,52229,30690,59418,27636,32586,4510,32587,4896,38916,31664,56349,27882,32540,23768,11105,22120,54346,32173,50440,27832,27987,1430,25675,22587,54281,32173,33026,2225,14902,6294,25163,22062,55044,16054,51257,28906,18757,19667,25119,4390,38425,28807,51976,26612,14936,20674,25870,22082,38986,16098,35145,27576,14938,19423,26666,828,54283,26542,50475,25079,29527,24536,8771,5992,56324,28898,56582,28600,29789,22979,18695,6436,54025,31626,52485,30392,32596,13016,11083,22120,38986,16098,35145,8888,29530,24004,25918,6698,56069,14314,35171,8888,14876,6294,28235,4646,39008,16098,35145,8888,26652,19667,31006,31782,38986,16098,50956,2300,14902,6294,26443,5415,54283,32226,51201,8938,14849,22522,27144,9764,55558,31675,34587,27355,26717,23511,28191,31802,38986,16098,50693,25595,14928,19166,11035,22133,53257,27811,51273,26358,31004,23006,12569,7950,56324,30596,55835,16876,29524,23770,21571,11799,64560,15594,52239,12795,30808,4050,13071,20268,56846,11430,40204,15356,9048,2773,15630,16684,35849,11425,32843,2225,14876,6294,25607,5931,38918,27562,35076,8869,29279,19159,27211,4646,56138,32682,37659,27614,32338,20976,30745,13628,53506,31406,53030,28379,26973,4293,21556,11280,36910,30944,51724,26283,32350,23681,28499,4721,56332,15600,32832,8850,14876,20886,11021,6438,38942,27818,35097,28919,29724,19673,25419,6973,55114,16048,56321,11509,32628,21719,25375,19048,38999,16114,49437,27901,14902,6294,11083,22120,53578,16036,55808,25049,28488,21719,29191,6666,56069,30633,52743,11184,31516,23768,25931,551,54602,28835,51228,16628,30032,21461,28195,4644,52298,31658,41735,8888,14876,6294,11083,22120,38986,30628,52251,27853,30302,23513,8771,22082,38986,16098,35145,26552,32338,6332,11083,22120,38986,27874,56588,28909,4178,6294,11083,6189,45582,16098,35145,25841,29724,19673,27723,557,54312,32173,64258,28669,28243,19411,8771,616,56578,16044,52251,30700,29774,23958,28421,31810,38986,16098,50693,25595,14928,23511,32287,6697,49414,29312,51718,27635,32082,1430,25163,14139,52233,32695,50437,16609,30032,21461,25858,24111,45635,16072,35145,27576,14938,19423,25902,6957,62995,32679,33051,28912,13132,19606,28163,31782,38986,16098,35145,8888,31568,19653,25407,4922,52235,30614,52228,16312,29724,20441,11105,22120,38986,16098,49225,8958,30034,6337,11095,553,55582,30113,56110,25081,20313,19672,26370,616,56578,5292,35145,8888,14876,6294,11083,22120,56835,28898,56838,15544,14849,19671,27167,7467,51757,32163,61196,28148,26707,22934,28421,8040,63257,28853,56890,27889,29531,24536,8771,616,56578,5292,35145,8888,14876,6294,11083,22120,38986,16098,56584,25580,29023,19185,26634,9005,52228,29355,37961,12984,14902,6294,11083,22120,38986,16098,52297,29172,29529,6352,26634,828,54283,26542,50475,25079,29527,24536,27211,4646,54858,27309,50249,27897,31561,31450,25607,7467,56610,31406,56649,26608,4178,6294,11083,22120,38986,16098,35145,8888,14876,20944,28185,6173,54280,32173,32833,8850,14876,6294,11083,22120,38986,31714,52487,8850,14876,6294,11083,4968,51974,30631,35087,28150,14920,23511,32287,6697,49414,29312,51718,27635,32082,22934,28421,6248,52229,29666,50952,25581,22608,22490,24584,4864,56326,27362,52225,2294,14876,6294,11083,22120,38986,16098,49167,26602,30334,23513,8771,22082,38986,16098,35145,26552,32338,6332,11083,4968,51974,5287,35145,8888,14876,6294,27906,5992,52233,32695,50437,16609,30032,21461,25858,22063,54795,16038,50695,8940,31569,19928,26378,6666,56069,22185,50444,2300,14876,6294,11083,22120,38986,16098,50952,8956,29716,20441,9803,6760,51979,19126,56065,25597,20040,21983,8718,18536,34890,11244,51273,26358,29724,20441,13643,22133,52235,32694,49674,28895,31069,28115,32517,6689,52298,31658,41735,8888,14876,6294,11083,22120,38986,30628,52251,27853,30302,23513,8771,22082,38986,16098,35145,26552,32338,6332,11083,4968,56324,31688,52487,2225,30262,23513,26378,4200,54815,27297,50688,8950,30040,23014,31001,24113,45635,16098,35145,25841,29724,19673,25163,14139,53510,31668,32833,28088,14926,22488,11039,4911,64030,29102,49674,26570,30033,24002,8984,22113,53278,28839,56137,30461,26697,6360,25870,31788,38986,16098,49167,26602,30334,23513,8771,22082,38986,27362,55816,11507,32600,23002,8978,22648,36190,16110,56335,25078,29512,22233,8771,22082,38986,16098,35145,27576,14938,19423,26410,33,36879,16107,50952,8956,30034,6338,27142,806,54283,29312,51718,19187,30297,6354,25375,6189,39008,16098,35145,8888,14876,6294,27979,1057,60687,31916,50693,11003,4117,6294,11083,22120,38986,28839,41741,8888,14876,22227,8719,4930,56324,5320,41801,28148,31583,6362,26680,4922,54799,27525,35072,8869,29813,19653,25866,4907,54852,27047,63041,23239,24166,6814,15886,17196,35849,11686,39437,15100,11098,3029,27919,24426,45635,32145,52251,27901,28539,5855,27173,4901,34122,16866,61750,18114,14356,24019,26638,20269,36620,10407,36876,24830,11608,3541,14600,17708,35849,14304,64099,28923,32601,32728,25118,9318,51983,27303,50982,29387,27997,6360,11094,5934,51974,5287,51770,26602,29785,19953,9474,4353,55044,31664,56366,19441,26962,19667,13899,616,52504,5287,51770,26602,29785,19953,9474,5912,56600,27308,37961,17848,29513,23014,28185,550,45664,29102,51210,8948,31614,21461,25135,22053,38999,28811,56602,27897,32607,22168,31758,10592,57397,23192,35649,13054,11871,4050,26895,17708,37192,5355,51243,27131,29560,5851,25144,4914,34122,19426,49197,12533,29714,20435,14915,22116,37978,12258,35141,11176,22582,23511,20224,6945,64068,32163,52738,28138,29769,31698,26372,1063,39001,16127,50730,28148,10574,24216,25625,9253,64045,12010,35141,11944,10780,12959,27177,7467,53550,12463,51243,27131,26715,19929,28421,1052,54795,28337,56072,27901,25439,1430,14923,13378,56075,23209,50176,16566,26707,24018,22553,3105,59407,26283,50444,16312,10780,31420,26634,12835,54531,20204,56072,27901,14920,6283,26680,4922,54799,27525,41728,28306,31059,21719,17995,7977,65028,32688,52228,16312,21276,19416,27167,5414,38415,31660,33054,24007,16484,4338,27977,5496,56414,31477,52491,8363,13077,30140,25098,12326,55576,31663,59207,28665,14937,6283,21556,11280,36910,30944,52491,26287,32346,24206,26715,4732,56413,31392,35674,2225,31601,22239,31021,6953,38415,30609,52243,16312,20252,20978,14598,6246,53007,12010,35141,13485,13836,2198,11079,17532,37210,21448,49160,17654,31566,24027,23365,1319,52227,29099,35079,8869,24169,21983,9561,4902,36893,12530,34140,12984,14864,5766,10078,18024,45635,32655,50944,28894,30557,5843,25898,7723,51717,29074,50944,8940,14849,24032,32520,1063,38488,31660,33054,11432,13833,2198,15941,31841,55591,28843,56111,28665,13401,23028,24584,1071,52485,31404,50730,28148,10574,1430,18507,1085,56600,27308,49469,28669,13401,23028,24584,1071,52485,31404,58467,27641,23634,22980,28166,13414,56075,31145,50715,27885,20056,22980,30725,5944,56600,32172,35088,8869,13324,3463,18017,7977,65028,32688,52228,16566,26707,24018,22553,3105,59407,26283,50444,16312,10780,30140,25098,12326,55576,31663,59975,27636,26956,24050,26648,6189,55566,27308,35098,8869,26696,24003,18017,7977,65028,32688,52228,21174,26717,22227,11039,22133,56121,31664,50956,30687,4181,21692,26628,6697,62794,30627,64519,20945,31583,24026,13899,16232,51972,32694,51719,11517,32594,4289,21556,11280,36910,31712,53082,26622,32265,23683,28508,4649,39513,14315,58467,27641,20306,27647,27144,4900,60228,32673,52229,16312,10780,30140,25098,8998,60195,32673,52229,21174,26717,22227,11039,22133,55591,28843,56111,28665,4185,21692,26628,6697,60746,23947,56070,26614,14926,6283,25890,571,54795,31649,51015,30205,17684,24809,20273,21600,35599,30884,39951,15356,11871,210,14351,16939,37192,5355,57404,28123,29774,19155,18501,1063,56580,19632,52488,30705,14927,6283,20286,6945,54852,27047,39233,8884,10253,12959,16958,6411,54808,27815,63815,28921,29785,6338,11094,5893,54787,27780,50184,2301,30262,23513,26378,9064,60195,27830,49670,8957,14849,22271,32536,6185,56585,28908,56844,23984,16995,31980,10563,17709,56844,11175,39690,14075,9048,23762,14351,24426,45635,22423,56634,28138,32599,27800,25091,7467,56580,28081,37961,12472,10258,28092,22562,1084,54021,12455,50730,28148,14926,6283,25640,6436,35608,30956,50715,20725,22651,2718,15966,22116,36184,13047,39753,14253,4117,29155,32568,6458,56577,24556,55577,31732,28271,22468,28160,6405,56590,9186,60489,30710,13393,18679,26395,9521,51742,30125,58380,26359,13401,22516,28441,1069,60768,19851,56093,27127,13401,23014,28185,550,34122,21474,49160,17654,31566,24027,353,6436,55561,16046,51236,27889,26747,23767,28162,550,34122,22498,55815,25580,31058,5843,28165,24127,59189,17562,33069,26554,31759,24272,26714,4732,56413,31472,52495,26283,30980,6788,8770,15170,53515,22956,51227,27644,29785,5826,25657,5948,53534,28845,37961,14008,4105,23035,25858,1039,56331,31659,56583,21174,26717,22227,11039,22133,61759,27281,50715,26611,4150,22490,27144,22052,55610,27312,51712,26612,30079,19672,25098,4902,38936,16127,50976,30443,29789,24021,25925,301,59202,18077,60723,8368,10842,3285,15375,5164,35598,14304,41792,25544,28238,23519,28167,6411,52228,30627,52231,11498,29551,24012,13899,9064,53550,11439,51015,30205,11028,6298,10075,18280,38982,14322,63843,28921,29512,21717,18446,6183,55582,28843,56076,16566,31069,24541,25625,6205,60430,32688,55815,25576,32590,23512,11026,22133,45659,32658,56603,25073,32592,22517,32517,7977,56580,12464,50474,29425,24143,19411,28168,4646,54795,28086,37961,30392,28494,13011,27195,570,56067,31662,50730,30454,29533,24024,9497,16146,56324,26279,37961,13240,18998,19159,25119,6699,64271,28845,51229,27889,26713,26776,30986,6189,38942,16127,51236,27889,26746,21975,270,6722,56069,29347,61257,28148,28253,22239,18700,6204,34122,22498,55815,25580,31058,5843,28165,24127,59189,17562,33069,25786,32346,23764,28508,4729,56921,32246,51802,25002,32270,23695,10579,24417,65120,29102,56584,27889,22619,22210,17733,6953,38927,16127,63030,22720,12920,24212,28507,4649,56403,32245,52571,26366,32260,23943,28174,4907,56408,31483,52568,26281,32349,6789,322,6670,55557,30646,52743,30426,13394,20965,28177,19304,60746,30598,39684,27830,27993,2206,11079,18045,38982,13042,40009,11176,23606,22490,32522,6177,64013,28854,63815,29175,28245,22495,11013,22133,64575,29611,34651,26614,12875,5254,14667,23165,34890,11244,35141,12469,13065,32444,25607,553,54787,23717,50973,16566,31069,24541,25625,6205,64270,29357,56070,8875,14849,19957,31001,6189,60446,31658,52228,16566,31069,24541,25625,6205,45582,29316,51206,27628,32082,19700,9477,5898,54025,27813,56326,26358,26728,22231,31512,1065,54799,26529,37961,12984,10258,32444,25607,553,54787,23717,50973,21686,26965,23263,28167,19304,56906,29347,52250,17554,30032,19671,25858,13359,54814,24556,56604,16631,28233,22466,18437,6695,51717,9186,53065,28409,32591,32444,25607,553,54787,23717,50973,22710,29813,24018,11027,22133,34911,22728,50693,30457,29781,31441,25887,9830,51723,28839,35101,8869,31087,24004,25870,783,45571,29384,51718,28409,23580,22490,32522,6411,54808,27815,37961,19384,26962,22978,26629,22573,56580,14005,63030,22720,12920,23956,27992,4142,56415,32251,52573,26272,30991,6786,8770,12354,55046,27299,50730,27882,26713,31640,30980,4902,59928,31395,56320,8939,14849,31971,26114,6246,53007,12266,35141,11176,23606,22490,32522,6411,54808,27815,63815,28921,29785,6338,11094,6670,55557,30646,52743,30426,4178,21692,26628,6697,65098,29102,56584,30411,30030,24029,13899,16232,51972,32694,51719,11517,32594,4289,21556,11280,36910,31712,53082,26622,30985,23428,28511,4721,56334,15601,32832,17554,30032,19671,32568,6458,56577,19180,49153,27131,32594,19397,13899,17512,35908,22728,50693,30457,28271,22468,28160,13670,54277,27821,37961,16824,30291,19161,9560,1070,54533,22928,33067,14250,13833,2710,15966,22116,36184,14327,61283,28148,28253,19685,25625,4899,63812,28338,53253,30411,30030,24029,25638,4908,34122,23522,56327,11509,27261,21702,22546,1084,54021,21415,52486,11517,30078,23748,30990,12354,55046,27299,56634,28138,32599,26776,30986,6189,38942,16127,50479,25591,29512,24536,32553,31782,54368,32173,50440,17592,30032,19671,31020,4649,56579,27308,37961,19384,26962,22978,26629,22573,56580,14005,63030,22720,12920,23956,27992,4142,56155,31478,52574,26282,32346,23685,26707,21626,37187,22728,50693,30457,26747,23767,28162,550,59972,27309,56584,28145,14930,6283,347,6670,55557,22966,51227,27644,29785,5826,27195,4922,52228,9186,61257,28148,28253,19685,25625,4899,45664,29102,51210,8948,30330,23001,18207,4391,38917,16127,50976,30443,29789,24021,25925,301,59202,18077,60723,8368,31834,23250,15375,18220,35598,32676,40461,14076,10584,22994,8777,31841,54316,32685,58653,26103,13395,22015,27658,22061,38999,16797,62257,10972,31006,23682,26719,4653,56157,32247,52572,25003,32270,23760,13145,20267,33107,9979,37214,15018,8714,130,13146,20089,32780,9892,37212,15020,8716,128,13149,20089,39513,5355,50479,25591,22088,24537,9476,7963,56592,9186,64585,27612,10321,22168,31758,18016,38982,11505,35141,11944,10524,4484,19809,6436,52235,29070,50702,21174,26963,19679,25602,22054,38999,23191,50176,11434,32594,4289,9563,23165,38218,10483,35141,11432,13833,5526,15706,31841,54316,32685,58653,26103,13395,23028,24584,1071,52485,31404,56125,27897,27215,19159,25870,3883,34122,12258,61283,28148,28253,22522,25612,9574,55561,31662,53309,26600,10012,32150,32261,22565,56121,29347,64780,29409,13401,20976,287,6670,55557,21174,52742,11511,21350,23768,29454,19304,36170,5363,50479,25591,22088,24537,9476,5912,56600,27308,37961,17592,30032,19671,25858,13359,54814,5320,50693,25595,14928,19920,26629,7996,54789,27362,52254,27901,29972,21204,26638,23100,51274,29104,52249,30442,32597,5317,28491,1085,52235,29099,34055,29112,25416,24026,11079,7980,56600,27297,50688,11254,14902,6294,26443,5415,54283,30690,52999,8951,14849,20450,28174,16166,56836,12461,52231,10991,28504,22980,25119,6183,55114,16048,34649,14251,14864,19653,26386,22061,51717,23522,56327,11509,31609,20933,27653,539,54291,12455,56376,26361,14864,20946,28185,555,55043,16044,56070,18360,28498,5851,27182,7995,57092,30598,52251,30459,30037,5848,32292,24380,39008,16098,50505,25079,30301,22934,25093,22053,38999,27030,52236,20982,26713,20928,28168,13682,56600,27299,33036,24823,32598,19669,11079,6177,55052,16110,56089,29431,26713,20930,30734,31841,38986,16098,50952,28657,18950,23002,8978,31841,38986,16098,52251,30700,29774,22934,25093,31781,54799,5286,50531,25079,30301,19606,28163,4901,53542,27313,50956,28925,14927,6283,272,22120,38986,32131,52234,30454,14927,6283,30224,31844,38986,16098,51242,26346,14927,6283,30224,31844,38986,16098,56634,28138,32599,6341,11094,2867,45638,16098,35145,30682,28232,22233,11032,22133,50449,5358,35145,8888,30056,24529,28167,22075,38999,25529,41797,8888,14876,19186,31492,6444,54813,16049,35156,32739,4112,6294,11083,4867,55827,28843,55821,16312,24860,13003,278,6722,56069,29347,56649,24825,28542,19650,25860,22075,38999,25529,50531,25079,30301,19606,26890,1038,54539,28071,37961,31160,4161,22490,27144,22052,52489,27824,50956,22252,30813,23032,28166,19304,59210,18077,60723,8368,11353,4050,16136,16939,56841,14304,50531,25079,30301,20886,22552,7999,56094,30634,52743,25548,14942,6283,27149,1316,45583,29384,51718,28409,31772,22211,32520,6433,38916,28323,50457,16865,26717,28882,32004,1069,56130,27811,34061,29112,26696,21465,8718,22082,38986,32226,56072,11516,30065,19395,19982,550,51727,24056,50950,26614,28255,24222,25886,555,55043,13996,41792,8888,14876,6294,11083,316,56591,13996,51210,26346,14864,13005,11083,22120,38986,16098,35145,8888,31614,21461,30988,807,56324,29057,50693,12778,10012,31638,26372,1063,38489,27812,50182,17866,12926,6332,11083,22120,38986,16098,35145,8888,14876,21910,32522,22560,54281,29603,33049,30683,26702,22227,24351,4896,56583,24044,56072,11516,14958,6300,15961,22141,38977,13044,39241,8884,12046,4483,327,22120,38986,16098,35145,8888,14876,6294,11083,5925,53278,32236,51205,29429,22804,19139,28185,550,53310,29607,34572,25563,32334,32664,8523,17512,36191,13794,40777,8884,13836,2710,15966,23137,39008,16098,35145,8888,14876,6294,11083,22120,54602,27299,34561,28411,30557,4294,32296,1082,54799,19126,52225,26613,22802,19159,9487,22026,38976,11248,35164,8883,13828,2198,11079,17274,37215,16072,35145,8888,14876,6294,11083,24424,45638,16098,35145,8888,14876,6294,11083,5898,54025,27813,56326,26358,26728,22231,31512,1065,54799,26529,37961,12984,10258,6332,11083,22120,38986,25570,35141,11432,10254,6298,25902,6973,64836,28067,50944,20991,25416,24026,23109,5949,37134,16072,35145,8888,14876,12950,11083,22120,38986,16098,52992,29112,26696,21465,11022,7740,54799,16072,35145,8888,14876,6294,11083,616,56605,28839,55873,28908,29011,5331,28747,22082,38986,16098,35145,8888,14876,6294,11083,13672,54277,27821,37961,16824,26697,24004,32517,7708,54543,12455,51752,26619,28242,19188,27650,544,45638,16098,35145,8888,14876,6294,11083,22120,38986,27798,50952,29419,26717,22227,29192,19304,34890,11500,41797,8888,14876,6294,11083,22120,38986,16098,35145,27340,31061,22237,30734,22075,38999,12531,41818,8888,14876,6294,11083,22120,38986,12991,39241,12470,13838,32150,32261,22565,55599,30641,52743,30411,30277,5843,32314,4649,45635,16098,35145,8888,14876,22227,271,22120,38986,28839,32781,8850,14876,12950,11083,22120,55561,31408,58439,30711,32591,24058,32010,19501,55081,28844,51724,10988,28506,23512,25119,6183,37186,16072,35145,8888,14876,19606,28188,6189,56130,27811,34061,31160,14902,6294,11083,22120,38986,16098,60233,25081,32087,22468,25886,13612,54277,27821,35162,8869,28543,19140,25870,8764,56578,31663,59975,28921,13912,6332,11083,22120,38986,16098,35145,16568,31069,24541,25625,6205,60430,32688,55815,25576,32590,23512,11026,22133,38490,5366,35145,8888,14876,6294,10006,18024,35396,13040,60489,30710,13393,23027,25112,4390,52281,29371,34572,30665,32349,12959,11083,22120,38986,16098,35171,8888,14876,6294,25163,22062,52249,29104,52226,30392,32596,13016,11083,22120,38986,16098,35145,8888,27976,24019,8965,571,55064,31657,35141,2275,14876,6294,11083,22120,38986,16098,35145,8888,30079,22490,11033,22133,52521,27824,50956,22252,32596,24027,22597,1084,54021,12967,35171,8888,14876,6294,11083,22120,38986,16098,64841,25578,26962,22982,28185,5414,38931,16127,34649,14252,4112,6294,11083,22120,38986,16098,35145,8888,14876,20706,26626,6179,51983,16049,35156,2217,14876,6294,11083,22120,38986,16098,34068,12984,10258,5252,20043,806,38407,32647,49178,26102,28271,21711,9486,793,56331,5355,35145,8888,14876,6294,25870,31788,38986,16098,50956,11260,32566,23768,353,6436,55561,16046,56335,25078,29512,22233,27211,4652,53560,28338,52229,24752,28233,22466,8709,22082,38986,31970,56604,28140,13394,21749,31490,12859,51983,31649,52487,27897,26952,1430,32587,826,45583,16098,35145,30714,28232,22233,16965,1574,52255,31616,51214,14582,30079,22232,26638,24124,52492,32172,49181,27895,29460,18648,32542,31841,38986,16098,35145,8888,31829,20886,31493,573,60740,31665,57371,29430,28233,16866,28187,19304,38999,28807,50204,22454,32591,29124,31493,573,49470,31666,58439,30711,32591,19956,32543,6183,39003,27821,49225,29430,28233,28056,28184,16186,51204,27319,53309,26600,10012,6283,25902,6973,60740,31665,57371,29430,28233,16866,28187,8806,52485,30369,56649,26608,4178,6294,11083,22120,38986,16098,35145,28148,31583,6362,25606,1341,59407,28077,37961,27576,27218,19651,23365,1319,52227,29099,41735,8888,14876,6294,11083,22120,38986,29102,51210,8948,28254,26840,30724,19304,55882,27319,50717,11510,30845,22469,32263,4924,55098,30641,49181,27895,14902,6294,11083,22120,38986,16098,50505,25079,30301,23446,30978,6699,38927,16127,50976,30443,29789,24021,25925,301,59202,18077,60723,8368,10842,3285,15375,5164,35598,14304,41792,8888,14876,6294,11083,22120,38986,30625,51739,26612,23314,23512,25603,9786,53509,27308,37961,21688,31065,22466,14617,6246,53007,12010,40007,8884,13324,4483,11105,22120,38986,16098,35145,8888,31004,19167,26376,22573,55098,30641,49181,27895,10012,28054,25135,17445,54852,27047,39233,8884,30033,19395,23310,1319,57412,13282,52041,27884,30060,5829,10035,18024,38982,29103,55836,21245,26963,24984,9803,5224,54814,29074,34586,11201,14902,6294,11083,22120,38986,16098,51785,28913,30303,5843,25144,4914,34122,19426,49197,12533,29714,20435,15171,22116,37978,12002,35141,11176,14902,6294,11083,22120,38986,16098,51785,28913,30303,5843,27177,7467,51725,27565,52487,28123,30032,3012,13899,13672,54277,27821,34650,28926,30547,32740,9001,17274,37983,11490,40028,8884,12046,4483,11105,22120,38986,16098,35145,8888,31004,19167,26376,22573,55592,30113,56078,30711,32338,19170,25866,1595,51723,28839,53258,16312,10780,3736,350,22120,38986,16098,35145,8888,14876,20949,26649,4900,64068,27821,52237,20970,24661,26835,29442,6701,34122,12002,35171,8888,14876,6294,11083,22120,56138,27819,50442,11517,21350,23768,29454,19304,55882,27319,50717,11510,21350,23768,29454,23912,35146,16072,35145,8888,14876,6294,11083,5480,51715,29345,34572,25544,32590,19672,13899,5224,52255,29110,41735,8888,14876,6294,11083,22120,38986,16072,35145,8888,14876,6294,11083,6760,56069,29347,51785,28919,32594,6340,11094,6145,52249,28835,52234,27830,27993,26526,21300,12818,39490,11687,53007,14334,9048,3285,13071,17708,35849,14304,41792,8888,14876,6294,11083,22120,38986,29089,50971,28925,22802,19161,28165,9274,56331,27563,35098,8869,24169,21983,25925,301,35138,16110,32857,8850,14876,6294,11083,22120,38986,32226,56070,26614,13390,23014,28185,550,34122,32226,56064,28411,4185,6294,11083,22120,38986,16098,35145,8850,14876,6294,11083,22120,38986,29410,51718,28409,30492,16599,25135,22053,38999,32687,49437,28598,25181,23198,32542,6460,38404,31875,50714,30708,32584,20965,28177,11878,38982,27552,56605,27895,23314,19412,26372,573,60175,25771,34572,11201,12316,2710,14661,22082,38986,16098,35145,8888,14876,21654,26628,6697,55626,30636,35076,8869,27976,24019,8965,7979,56088,31662,35141,2275,14876,6294,11083,22120,38986,16098,35145,8888,29551,24012,13899,9064,53550,11439,51015,30205,10772,6298,27142,12848,54531,16110,34137,28600,25181,20978,8710,31844,38986,16098,35145,8888,14876,6294,11083,22120,55592,30113,56078,30711,32338,19170,25866,1595,51723,28839,53258,16312,11036,6332,11083,22120,38986,16098,35145,32696,14864,5766,15967,22116,54831,29623,60487,29177,29781,27601,29215,4900,59716,32695,34061,18360,28498,5851,27182,7995,57092,30598,52251,30459,30037,5848,32292,24380,39008,16098,35145,8888,14876,6294,331,22120,38986,16098,35145,8888,14876,22231,26114,13670,54533,29362,56588,26365,22790,22233,28165,555,56898,28855,56586,28145,12882,6303,25096,5434,56582,23288,55820,28908,25427,4510,28235,4646,45635,16098,35145,8888,14876,22227,271,22120,38986,28839,32781,26514,32338,12988,25607,5931,38918,29078,55816,16876,29779,22978,25858,1069,34122,22498,55815,25580,31058,5843,28165,24127,59189,17562,33069,25786,30988,23682,28508,4650,39513,14315,64867,25591,28239,22517,32517,7977,56580,12464,49210,26594,10012,28054,25135,17445,54852,27047,39233,8884,8718,5254,14923,22116,35399,14322,64867,25591,28239,22517,32517,7977,56580,12464,50745,27627,29512,22233,13899,9064,53550,11439,51015,30205,11028,6298,14662,18033,38982,13042,38985,11176,20022,23001,32536,6411,52228,30627,52231,11498,31614,21461,30988,807,56324,27798,50952,29419,26717,22227,29192,19304,35146,19144,51206,30443,30079,19672,25098,4902,38424,22424,52487,31485,10012,150,347,6428,51979,23990,50950,25580,29781,19155,23365,1065,54799,16054,35156,25035,32590,22227,32300,31777,54368,32173,50440,22200,31571,19653,27175,6449,52255,9186,57417,29174,31560,23512,9486,4902,36893,16797,62257,10972,32542,24197,27917,4649,56076,32247,53083,26361,30987,23760,26706,5499,39512,14315,64867,25591,28239,23034,25618,573,60996,27815,49181,25595,23376,20954,25868,4901,52228,9186,60489,30710,13393,24032,32537,5409,54283,29315,52736,28662,29785,5826,25641,572,54533,19144,51206,30443,31600,22479,32542,15974,51717,25771,50950,25580,23376,20954,25868,4901,52228,9186,60489,30710,13393,22526,25113,6450,52228,29347,50472,26097,30546,22227,9503,7962,53261,5302,50749,29177,22088,16855,32260,22588,55610,31398,50944,8959,14849,31971,26114,6246,53007,12010,35141,12969,4117,22498,30730,14908,49419,27565,34589,25544,32590,19672,13899,8808,55557,27313,50730,30454,29533,24024,281,6722,56069,29347,53065,27885,28255,22495,11013,7739,52997,29078,55816,10988,29512,21698,9998,4712,51983,12961,49225,20971,31049,24021,30744,31841,38986,16098,50693,25595,14928,22466,30730,12860,51743,27299,50688,8950,14849,5767,349,22120,38986,29102,51210,8948,26700,21983,30986,13617,54277,27821,37961,27576,18767,23491,28168,1339,55626,31404,59977,28407,26707,5765,30989,6951,65336,13952,39249,8884,10254,5254,14923,18041,38979,27821,59977,28909,32590,19672,25407,6957,38415,32131,52234,30454,26750,24543,32515,22082,38986,5346,35145,8888,30032,22997,11015,5899,52740,28067,56110,30711,14924,6283,25890,571,54795,31649,51015,30205,17684,24809,20273,21600,36108,10662,37133,13051,11608,3541,14861,16939,33038,11681,40714,11194,4117,6294,11083,5899,52740,28067,56110,30711,13388,20965,28177,19304,60746,30598,39684,27830,27993,2206,11079,18298,37978,12002,35141,12460,4117,6294,11083,5899,52740,28067,56110,30711,13388,23028,24584,1071,52485,31404,50730,28148,10574,1430,18507,1085,56600,27308,49469,28669,13401,23029,28441,22082,38986,24034,50952,25582,23887,22468,31518,13414,56075,31145,50715,27885,20056,22980,30725,5944,56600,32172,35088,8869,13324,3463,11105,22120,64330,28835,51231,17899,30030,18627,18757,1063,56590,19888,54016,21245,25173,21715,13899,18024,39008,16098,59977,27897,31562,32709,25625,1597,65348,29104,55580,28876,29789,18629,30986,6189,49417,9186,38985,8850,14876,31638,25866,5950,65305,29104,55580,22710,29813,24018,11027,22133,36178,16072,35145,16824,29789,22976,19480,6458,51231,20204,56072,27901,14920,6283,25663,1321,64286,28845,51229,27889,26713,6332,11083,31848,38986,16098,50693,25595,14928,22485,25881,1069,34122,22498,55815,25580,31058,5843,28165,24127,59189,17562,33069,26554,31759,24272,28510,5489,56414,31482,51802,8364,13077,6332,11083,5480,51717,31660,34587,28123,29774,19155,27193,7980,51999,9186,64585,27612,13393,24024,8988,23160,32842,5355,35145,8888,30047,22212,30990,9830,51723,28839,35101,8869,31615,20184,30730,1039,52485,5298,35145,8888,14902,6294,26443,5415,54283,28130,56093,27127,14937,6283,25890,571,54795,31649,51015,30205,17684,24809,20273,21600,35599,30884,39948,12539,11871,466,28431,17708,37192,5355,35145,8888,28239,22468,28160,13670,54277,27821,37961,29368,29518,23003,29209,6411,55046,5296,35145,8888,28239,22468,28160,8806,53506,30113,52231,29163,10012,2454,16197,22082,38986,28130,56093,27127,13401,19170,25866,1595,51723,28839,53258,16312,10780,2712,11105,22120,52042,27830,49670,11517,31596,24004,32517,19304,64330,28835,51231,17899,30030,18627,11105,22120,45642,16098,35145,28148,31583,6362,26626,6183,57128,9186,57417,29174,31560,23512,9486,4902,36893,16797,62257,10972,31774,23430,28511,4735,56328,15601,32832,8850,14876,20886,25608,13350,38413,30609,52243,16312,20252,20978,14598,6246,53007,12010,35141,12459,14864,5254,14411,24442,39008,16098,49225,28155,22610,5841,25659,7995,53534,28845,37961,22456,29560,2779,25925,301,34882,16110,39768,8884,13324,5251,9803,16505,45635,16098,35145,25073,29779,24564,18757,5417,57089,29104,50972,16892,30291,19161,11096,22133,51738,29611,56072,16865,30291,19161,11105,22120,53578,29089,60167,11519,31614,21461,30988,807,56324,27798,50952,29419,26717,22227,29192,19304,34890,9964,41820,8888,14876,23519,25860,4362,57924,28811,52237,8928,14849,3726,11105,22120,53578,29089,60167,11519,31596,24004,32517,19304,64330,28835,51231,17899,30030,18627,11105,22120,45642,16098,35145,28148,31583,6362,26626,6183,57128,29057,50971,28925,10012,29078,30725,5948,56068,12455,52231,10991,17763,25326,9007,4970,56921,30884,52572,24993,32264,23694,26712,21628,37187,16072,35145,27576,30047,31448,18444,1063,56580,12464,50730,27882,26713,23012,25103,1341,34122,19426,49197,11509,32594,4289,10074,18024,45635,16098,35145,25073,29779,24564,25640,6202,51727,20204,56072,27901,14920,6283,26626,6183,57128,16072,35145,2232,14876,6294,25607,5931,38918,32171,50950,25556,32606,6362,11094,6145,52249,28835,52234,27830,27993,26526,21300,12818,39490,11431,39437,26619,10335,22992,15375,16940,35598,32678,32843,2225,14876,6294,26626,6183,55590,31648,34565,27595,32582,1430,24139,7948,35335,28908,56844,13232,14864,5254,14923,22116,37210,16072,35145,27576,30047,29912,26890,6701,64068,32163,52738,28138,29769,27858,27161,1318,55578,31664,51719,8929,14849,12935,11083,22120,56067,28845,51237,26618,13392,24034,32531,19304,53578,19889,51740,26619,26959,22934,28421,10600,57397,23192,35649,13997,31502,3460,8777,6504,38936,16797,62257,10972,8990,6785,322,22120,38986,32171,50950,25556,32606,5850,28223,560,55081,29102,39451,16312,27164,20932,27142,3898,55081,29102,41755,8888,14876,23519,25860,5892,56584,12462,50735,30454,10012,32150,32261,22565,55084,27308,60999,30455,31572,31451,26372,31788,38986,16098,51712,27895,31600,24020,9479,4892,52242,30609,52243,16312,11036,12930,11083,22120,56067,28845,51237,26618,13392,29164,28421,3629,34122,9954,41822,8888,14876,23519,25860,5892,56584,12462,51257,26602,28242,1430,25163,6443,64004,5285,35145,8888,14902,6294,26443,5415,54283,27362,49213,28396,14937,6283,25890,571,54795,31649,51015,30205,17684,24809,20273,21600,35343,11686,52234,12539,31578,4050,16143,17708,55566,14304,41792,8888,14876,27842,32514,4900,60228,25771,35084,8869,24169,21983,9561,4902,36893,13043,33865,12974,14864,5254,14923,24445,39008,16098,56649,27596,30280,5843,25659,7995,53534,28845,37961,22456,29560,2779,25925,301,34882,16110,39772,8884,13836,2454,8795,22082,38986,27362,49213,28396,13401,23028,24584,1071,52485,31404,56125,27897,27215,19159,25870,3883,34122,12258,35171,8888,28188,20962,26399,22573,56638,27322,37961,30392,28245,24026,11105,22120,52298,30614,50461,11517,32616,19662,25640,6436,35608,9186,59977,28407,26707,5765,30989,6951,65336,13952,40283,11949,10268,3458,11079,17274,37210,16072,35145,30392,29544,21698,9486,6414,52228,9186,60489,30710,13393,22512,32517,12646,52229,32682,60164,28407,4184,6294,11083,8764,52227,31662,64839,31485,18760,17119,11022,22133,35163,16072,35145,30392,29544,21698,9486,4892,52242,24474,49157,27903,32593,19672,13899,13160,52484,12463,52285,30432,23396,20954,25868,4901,52228,21228,53004,2284,14876,6294,24351,545,56582,17644,50976,26620,14916,6283,15699,22082,38986,27362,49213,28396,13401,23014,28185,550,34122,24034,50952,25582,23887,22468,31518,22082,38986,5346,35145,8888,30032,22997,11015,12860,51983,16033,35156,27857,28239,22231,28168,6246,53007,16874,61750,18114,14356,2771,14351,4907,35337,32676,40461,14076,10584,22994,8777,31841,38986,16098,60701,29181,13407,20965,28177,19304,60746,30598,39684,27830,27993,2462,11079,16485,37978,12002,35141,13993,4117,6294,11083,12860,51983,12449,50745,27627,29512,22233,13899,9064,53550,11439,51015,30205,10772,6298,14686,22116,37978,11490,32862,8850,14876,19606,28207,5435,64068,32163,52738,28138,29769,27858,27161,1318,55578,31664,51719,8929,14849,12935,11083,22120,64542,28071,34570,26572,28228,1430,28491,1325,45577,16098,35145,18156,26969,5845,28223,560,55081,29102,39451,16312,22812,21721,30980,22651,51724,29613,60987,10970,12045,5254,14923,18045,38982,10483,32857,8850,14876,19606,28207,5435,65092,28845,35101,8869,29817,21955,19781,6183,38430,29061,49437,28665,14902,6294,32587,4876,56089,19180,53516,20972,24661,6355,11094,31857,38986,16098,60701,29181,13407,24034,32531,14096,53510,28837,52228,30454,10012,32150,32261,22565,56638,27322,59441,27636,29787,24027,32517,14950,56847,5302,35145,8888,24136,19411,9480,16146,56324,26279,37961,15032,4106,6294,11083,12860,51983,12449,51257,26602,28242,1430,18507,6185,55580,22961,50715,29421,4150,6294,11083,316,56591,13996,51242,29942,26973,19185,32260,23096,49994,16072,35145,8888,14876,26774,30724,545,55043,16044,35156,18125,30549,5764,28165,24127,37978,12002,35141,11944,10780,5279,11105,22120,38986,16098,64073,30961,14937,6283,20286,6945,38488,31660,33054,11944,10268,2177,11079,23160,36170,14324,41797,8888,14876,6294,11083,1039,52485,19122,51227,29174,31564,24004,26629,22065,38999,5362,35145,8888,13889,2198,14405,23162,64842,27564,34564,25565,29519,24536,32568,6705,38415,32640,49674,8884,29817,21955,20037,1321,54787,23205,56064,25085,29512,22233,17477,573,45635,16098,35145,8850,14876,19606,30730,22563,56590,32686,33040,28140,26973,31938,31006,553,55043,12972,53065,27885,28255,22495,8965,31841,38986,16098,35145,8888,31829,31638,25866,5950,65305,29104,55580,25528,32338,31638,25866,5950,65305,29104,55580,21174,26717,22227,11039,7740,54799,16072,35145,8888,14876,6294,11083,6760,56069,29347,52297,27616,20040,24001,25870,19304,52298,31669,50956,16816,29789,22976,19480,6458,51231,16110,41746,8888,14876,6294,11083,22120,38986,16098,35145,28104,29519,20930,25860,19304,60746,30598,39684,27830,27993,2206,11079,18046,38982,13042,39241,11953,14902,6294,11083,22120,38986,16098,35145,8888,23836,22468,31518,1052,54795,28337,56072,27901,25439,1430,14923,22082,38986,16098,35145,8888,14876,17814,11079,22648,35416,16110,50988,28653,24338,19415,25858,9519,49438,31662,60231,25081,13911,32150,32261,22565,55599,30641,52743,27612,32590,19669,25602,22566,54819,5355,35145,8888,14876,6294,11083,22120,49167,27307,56893,26621,13394,22517,31494,4900,56606,9382,50730,27894,31065,4290,32269,5414,53534,28845,32833,16824,29789,22976,19480,6458,51231,23288,55820,28908,25427,4510,28235,4646,45635,16098,35145,8888,14876,22227,271,22120,38986,28839,32781,26514,32338,12988,25607,5931,38918,32661,52253,28650,26717,6365,11094,6145,52249,28835,52234,27830,27993,26526,21300,12818,39490,11940,40202,13820,30808,3026,8777,31841,55613,31670,50203,28921,13399,20965,28177,19304,60746,30598,39684,27830,27993,2206,11079,17018,37978,12002,35141,13482,4117,23009,28191,6970,51723,12457,50745,27627,29512,22233,13899,9064,53550,11439,51015,30205,10772,2200,10073,18024,38982,12530,39769,8884,13068,28604,32522,1069,55559,30128,60231,25081,32087,22468,25886,13612,54277,27821,35162,8869,28543,19140,25870,8764,56578,31663,60231,25081,32087,22468,25886,31788,55613,31670,50203,28921,13399,23028,24584,1071,52485,31404,56125,27897,27215,19159,25870,3883,34122,12002,39751,2221,31595,24002,26137,1065,38401,22424,52487,31485,10012,3990,347,5919,56606,29616,56072,11507,29546,20933,26377,22061,38999,20865,61223,17873,19730,19671,30990,5925,54040,28807,51976,26612,4184,23009,28191,6970,51723,12457,51257,26602,28242,1430,22603,1067,56591,22956,49180,2194,30032,22997,11015,6943,55081,28848,56076,16312,21276,19416,27167,5414,38415,31660,33054,24007,16484,4338,28233,4219,56844,31479,51792,26284,32260,23429,10591,24417,61280,23983,56070,26614,13390,22517,25881,1069,55608,30630,55836,16312,20252,20978,9478,4902,36893,13042,40777,2225,30571,22517,25881,1069,59460,27811,50956,8940,14849,23009,28191,6970,51723,5289,50531,25079,30301,28566,22534,1084,54021,16039,35156,27857,28239,22231,28168,6246,53007,16874,61750,18114,14356,3027,27917,17197,35337,10913,36877,26364,10584,4500,322,6943,52281,29104,52226,16822,30291,19161,13899,13672,51743,31664,56583,27340,30553,5843,26666,4907,52228,18888,64004,28908,29011,5843,25407,5409,54785,28071,35098,8869,13325,12932,26172,539,55064,31657,63815,28921,29785,6338,11094,5919,56606,29616,56072,2291,30262,23513,26378,8552,62471,31907,50444,16312,21276,19416,27167,5414,38415,31660,33054,24007,16484,4338,28233,4730,56153,32167,53083,26361,32267,23682,28504,21545,37187,18888,58628,24825,30297,27544,28930,22061,38999,23191,50176,11434,32594,4289,10074,23400,35419,16110,34136,12984,4117,21985,27175,4906,38406,29074,49178,27628,29779,1430,24139,7948,35335,28908,56844,12976,14864,5248,15179,22116,37210,18888,58628,24825,30297,31384,26634,4387,55064,28855,64781,25578,26962,22982,28185,5414,38931,16127,41816,28623,31600,24020,9479,4892,52242,9186,63049,23239,24166,6814,28174,5421,36435,31652,39436,14078,11269,22997,15698,16686,36367,10491,51210,13473,11268,3726,26707,16496,36434,32250,40785,13472,13086,28604,18182,5161,54287,19180,53516,16876,30291,19161,11096,22133,55081,29102,39451,25782,30030,27355,18732,17504,34910,16110,40283,11944,10268,3458,322,6943,55590,31648,34565,28126,28242,1430,20043,806,38407,29060,56583,17846,28243,23006,18694,6695,45582,29589,51237,26618,13392,24034,32531,7963,56592,9186,36937,21906,22097,23255,26382,8806,49167,18102,50472,26097,30546,22227,11039,22133,54831,29623,64839,31485,16968,21751,27650,6950,54799,12470,52261,30462,19766,29915,26890,6701,57924,28811,52237,8928,14849,2433,23649,14885,55819,29351,63815,28921,29785,6338,11094,5919,56606,29616,56072,2291,30262,23513,26378,4200,54815,27297,50688,8950,31569,24029,31023,4393,55565,29344,33036,28924,32093,23038,28421,4900,38982,32694,52763,30461,26746,21975,8718,22082,38986,29410,51718,28409,32284,22980,27660,6177,37901,31458,51227,19455,27218,19651,11079,1068,57099,27281,56072,12012,26908,22978,32537,6424,45593,16098,35145,28924,32093,23038,28421,4900,61764,28332,56604,26586,31579,728,25640,6182,56079,14006,56335,25078,29512,22233,25155,1574,52255,5355,35145,8888,14876,6294,27906,8040,51204,27319,64583,26603,21326,18648,32542,3868,56602,9186,35156,27869,30537,28056,28184,16186,51204,27319,53309,26600,22290,19929,28184,778,52254,28845,35160,28919,29468,18648,32542,9062,56601,22448,55559,30445,25448,24006,13899,22133,54831,29623,64583,26603,21326,18648,32542,3868,56602,19180,56326,27387,28188,24030,261,22120,38986,16098,35145,8888,14876,19154,27658,7983,57092,9186,56649,30698,4185,6294,11083,22120,38986,16098,35145,28924,32093,19685,30986,22076,38999,28843,56345,11500,30060,20933,25119,6183,39008,16098,35145,8888,14876,6294,30795,5948,52248,29074,35098,8869,31560,24516,32526,1038,54539,12455,50745,27627,29512,22233,11105,22120,38986,16098,35145,8888,29468,18648,32542,13670,55554,31148,52492,16802,29779,24024,32520,4192,54815,27297,50688,10998,4117,6294,11083,22120,38986,16098,35145,8888,14876,24287,25163,1574,52255,19436,52250,19434,27218,19651,32568,553,38927,9215,60489,30710,13393,19427,30990,6145,52506,19894,51229,26604,24338,23768,32587,4896,45572,16098,35145,8888,14876,6294,11083,22120,38986,16098,35145,28924,32093,20945,27653,19304,56906,29347,52250,8850,14876,6294,11083,22120,38986,16098,35145,26552,32338,6332,11083,22120,38986,16098,35145,26552,32338,12959,11083,22120,38986,16098,50956,2300,14876,6294,25870,24364,39008,16098,52553,25578,21083,22231,26383,22573,54819,27570,59933,25584,32082,23763,18513,6183,56580,27297,53057,27885,28255,22495,8965,6177,52506,14262,35171,8888,14876,6294,25163,22062,54787,27570,34589,29133,26713,22271,32283,8764,51219,16039,37972,18360,28498,5851,30782,1069,54819,27570,64797,29409,13401,22523,30750,15149,52741,29607,50956,8940,26707,20886,31493,573,60740,31665,57371,29430,28233,16866,28187,19304,38999,28807,50204,22454,32591,29124,31493,573,49470,31666,64839,30711,29279,19606,28163,31782,38986,16098,35145,8888,14876,6294,30991,4393,54819,27570,35101,8869,29781,19910,287,22120,38986,16098,35145,27901,4184,6294,11083,6189,37134,16072,35145,22456,32591,29124,31493,573,56633,26800,51712,11517,29813,19910,18463,5920,57092,31399,59987,27895,32594,19669,27971,6205,52233,29099,33031,27889,28492,4546,11105,22120,38986,16098,49225,8958,29781,19910,11039,19317,56394,32688,57358,29430,28233,22934,28421,4712,55576,31141,50944,8959,29256,22227,11105,22120,38986,16098,35145,8888,30236,23513,26378,4712,54287,32694,37961,27576,27218,19651,23365,1319,52227,29099,35079,8885,26712,24535,32568,1065,45598,16098,35145,8888,14876,6294,11083,5948,57112,27303,56111,28665,13401,22502,25112,7996,54789,9186,64585,27612,10321,22168,31758,1376,55582,27312,50745,11499,13412,23525,26378,23085,52042,32694,56603,28104,13391,5870,27940,1326,52239,13794,52553,28413,31560,24728,11079,571,51723,20150,55814,23478,18706,22997,28167,22116,52249,27811,63773,29175,17170,30616,27917,4923,38942,16105,52237,30452,13405,4591,11105,22120,38986,16098,52297,26358,14902,6294,28235,4646,45635,28839,41741,28562,29021,31955,27161,4399,55819,31662,65089,30457,26713,23003,24601,22116,55613,31670,50203,28921,13143,21948,24586,12845,55576,31141,51976,26612,23572,22490,32522,6177,64013,28854,35141,28382,31571,20930,27653,522,37124,5320,50693,25595,14928,20965,28175,5930,38936,16127,50976,30443,29789,24021,25925,301,59202,18077,60723,8368,10842,3285,15375,5164,35598,14304,41792,27595,32600,22996,9497,7963,56592,9186,64585,27612,10321,22168,31758,18016,38982,9971,34137,13240,14864,4486,22625,4641,55823,27811,60231,25081,32087,22468,25886,13612,54277,27821,35162,8869,28543,19140,25870,8764,56578,31663,64071,26353,30809,19159,22625,4641,55823,27811,60231,25081,32087,22468,25886,8748,55576,28076,51225,26602,31058,6351,11094,22648,36190,19912,52480,24829,26717,31384,30980,4908,60184,25771,63756,31473,30297,1430,15179,9538,56323,31911,56072,22710,29813,24018,11027,22133,45657,30609,52237,25594,13390,23014,28185,550,34122,21474,49160,17654,31566,24027,26209,7465,64527,32688,52750,24825,32592,27550,28418,5165,51723,16110,51236,27889,26746,21975,8718,31810,55046,32673,35077,27595,32600,22996,18457,1063,56580,16048,35156,27857,28239,22231,28168,6246,53007,16874,61750,18114,14356,3027,27917,17198,33038,10913,37133,12796,11871,4500,322,7963,56590,32672,59931,28919,32594,5828,25640,6202,51727,32656,49165,29165,10012,28054,25135,22565,56580,14005,34137,13240,13070,27580,28418,5165,51723,29057,50971,28925,18962,19159,25870,22076,38999,30609,52237,25594,4174,21692,26628,6697,60234,31403,60172,25578,32338,1430,16971,1318,55582,32172,34572,26614,12875,26601,20787,24076,56648,31472,51802,25085,31758,23767,28508,4732,56409,15523,32832,20882,32341,31443,27161,4646,60484,26279,35101,8869,28239,20932,27653,4198,51717,32687,33053,24007,16484,4338,13129,4649,56410,31483,51793,15274,32266,23683,28498,4649,56147,9974,36875,25004,32264,23687,12895,20269,56409,10224,36872,26283,8974,471,28504,20346,33036,9974,37201,26361,8712,23950,28174,20011,33035,31483,37213,15008,9053,23695,28507,4721,56146,9968,36945,25774,32601,24197,10591,23137,64330,27831,52251,30454,29288,21971,9486,5385,56585,27308,56107,26097,28244,27288,8523,17512,36191,16110,56362,28906,29785,27842,28163,4901,63812,32161,50956,16620,29518,20689,9503,22031,38976,11248,34140,16824,26697,24004,32517,7708,54543,12455,51752,26619,28242,19188,27650,544,64068,13538,39753,14253,4117,20965,28175,1034,54795,12454,49211,27387,32616,19662,13899,616,52504,5287,49210,26620,26750,22231,9487,6414,52228,9186,60489,30710,13393,22512,32517,12646,52229,32682,60164,28407,4184,20965,28175,1034,54795,12454,52285,30432,29551,24012,13899,18280,45660,30609,52237,28890,29789,5842,28223,560,55081,29102,39451,16312,22812,21721,30980,22651,51724,29613,60987,10970,12046,5251,14667,17277,38982,11248,32860,20882,32341,31443,27161,4646,59460,28077,56576,28145,14930,6283,20286,6945,38488,31660,33054,11944,11036,5248,15179,22116,35931,5355,49210,26620,26750,22231,9487,7963,56592,9186,64585,27612,10321,22168,31758,18272,38982,11759,34139,12984,14864,135,322,7963,56590,27776,50952,11516,32616,19662,18995,7972,54797,31663,56583,16312,24348,19928,9478,4892,52242,24474,49157,27903,32593,19672,18501,6189,56606,5296,49210,26620,26750,22231,9487,5898,54025,27813,56326,26358,26728,22231,31512,1065,54799,26529,37961,13240,18742,23775,18702,5946,56324,17644,50976,26620,14916,6283,351,7963,56590,27776,50952,11516,31596,24004,32517,19304,60234,31403,51980,28921,4150,22490,27144,22052,51770,30893,50432,16893,26717,6354,11094,6145,52249,28835,52234,27830,27993,26526,21300,12818,39490,11431,39437,26619,10335,3280,14344,17451,35337,10150,37133,11194,4117,19174,27908,6689,64271,27811,34573,27595,32582,1430,24139,7948,35335,28908,56844,13232,14864,2715,10075,18024,38982,12275,32861,21138,30030,20944,28167,5899,56344,20204,55814,30449,30037,6360,11094,12829,54531,12528,52231,10991,13836,2454,10075,18024,38982,9969,41792,28872,31827,21727,18446,1065,38414,32640,49674,28927,28499,23768,25640,6436,35608,9186,59977,28407,26707,5765,30989,6951,65336,13952,39259,8884,10766,6298,15705,31841,51770,30893,50432,16893,26717,5842,27177,7467,51725,27565,52487,28876,29789,18629,30986,6189,49417,9186,38985,21138,30030,20944,28167,5899,56344,23788,56070,26620,18766,17119,23310,3617,54287,9186,39241,21138,30030,20944,28167,5899,56344,19180,53516,8940,14849,26601,20787,24076,39496,5355,56121,25847,30293,31699,30986,22572,52523,29110,56363,30444,29779,22517,25607,22074,38999,32676,55813,2301,26732,24281,26370,13613,51723,12454,57395,26358,25177,1430,16203,9794,55064,30628,52229,25563,32334,26776,30986,6189,38942,16127,49210,26620,31582,12996,26465,5415,54283,24546,51231,25580,19790,22980,31515,1069,34122,22498,55815,25580,31058,5843,28165,24127,59189,17562,33069,25786,30988,23682,28508,4650,39513,14315,59491,25582,31560,28612,27161,1592,51727,19948,54016,8957,14849,31971,26114,22650,56580,14005,34137,14008,13828,2198,11079,20092,45635,26755,56584,28921,26731,18647,28187,22586,55098,30641,49181,27895,10012,28054,25135,17445,54852,27047,39233,14262,14864,2715,10079,18024,38982,14326,59491,25582,31560,28612,27161,1592,51727,23788,51720,26099,30030,22211,24335,5946,51972,32690,52251,25078,14917,6283,346,9,52235,27811,56126,29433,32588,5828,16945,4646,49167,9186,40009,17298,31562,22978,23577,5946,51226,27815,63815,28921,29785,6338,11094,1048,56837,29355,59916,28921,4184,21692,26628,6697,60234,31403,59404,25582,31560,6340,11094,6145,52249,28835,52234,27830,27993,26526,21300,12818,39490,30884,51981,13820,11096,3026,27149,16684,35854,11686,51213,11194,4117,20965,28175,9,52235,27811,64071,30961,14937,6283,20286,6945,38488,31660,33054,11945,10780,6298,10074,18024,45635,30609,52237,29913,28253,19159,18757,5417,57089,29104,50972,16892,30291,19161,11096,22133,55081,29102,39451,25782,30030,27355,18732,17504,37978,11490,34137,12472,13066,27580,28418,14125,55580,32694,34587,28625,32093,6355,11094,6680,49419,27815,37658,26591,20296,24005,24345,800,55815,32684,50432,29145,29765,4309,25639,5931,59398,32686,52240,11498,26985,19155,28450,22116,54831,29623,64839,30704,30801,23000,26370,3868,56602,22252,51212,20988,30036,5314,20043,806,38407,30358,50204,27898,29533,27610,28930,22573,53561,31672,39256,31400,10765,4486,22625,4641,63759,32692,51229,11498,21350,23768,29454,19304,36170,19912,52480,17405,31562,22978,9497,5912,56600,27308,37961,17336,31562,22978,23577,5946,51226,27815,41827,28148,31583,6362,25144,4908,52779,27299,56072,28123,29774,19155,13899,16232,51972,32694,51719,11517,32594,4289,21556,11280,36910,31712,53082,25854,32265,23439,28511,4720,56153,15606,32832,20882,32341,31187,27165,5948,64280,27821,52231,11498,30079,22212,30990,5914,53518,28087,37961,22456,29560,5851,28165,24127,37979,12002,41792,27595,32600,20215,32522,1065,55081,28848,56076,21174,26717,22227,11039,22133,53561,31654,57128,30457,26717,12988,25607,5931,38918,30609,52237,29913,28253,19159,32568,6458,56577,9186,57417,29174,31560,23512,9486,4902,36893,16797,62257,10972,32542,24197,28173,5501,56152,31478,52560,26364,14351,4511,22625,4641,63759,32692,51229,20970,26696,21465,9486,7708,56067,28841,55820,8939,14849,5764,345,7963,56590,26755,56584,28921,28271,22468,28160,13670,54277,27821,37961,16824,30291,19161,9560,1070,54533,22928,33067,14250,13833,2710,15966,22116,36184,14327,64099,26353,23385,22976,27167,9530,51742,30125,34572,25544,32590,19672,13899,9576,56323,24487,51231,25580,4174,21692,26628,6697,63818,32692,51229,17898,31566,20946,25870,22076,38999,28811,56602,27897,32607,22168,31758,10592,57397,23192,35649,12797,31834,2512,16136,16684,35342,30886,39437,15100,10335,4500,322,9,52235,27811,56110,26361,32597,19672,23365,1065,54799,16054,35156,27595,32600,20215,32522,1065,52281,29104,52226,2194,30032,22997,11015,7963,56590,30598,55578,25588,21573,21975,11022,22133,54819,27313,50952,26619,29714,20435,21571,11799,64560,15594,39692,12796,32607,2773,27149,16684,35854,11686,51213,11194,4117,20965,28175,7948,51225,32686,59152,28665,13401,24034,32531,19304,62538,32173,50440,28360,25437,19155,20293,1313,54298,26531,51239,26613,18742,23775,20238,1313,54298,26531,51239,26613,23570,22233,11039,22133,54831,29623,61255,27895,13384,22513,25375,6953,55080,31406,64099,26353,24153,19423,26395,3881,55588,31663,64839,31485,18760,17119,11022,22133,35163,19912,52480,18173,26965,21702,29194,5894,56583,19180,53516,16876,30291,19161,11096,22133,55081,29102,39451,25782,30030,27355,18732,17504,34910,16110,40283,11944,10268,3458,322,7963,56590,30598,55578,25588,21573,21975,9486,6424,53529,30646,50950,16312,20252,20978,14598,6246,53007,12010,35141,11948,10780,6298,13150,31841,53561,31654,49197,29419,31568,30415,26122,22573,53561,31672,37961,22456,29560,2779,25925,301,35138,16110,37188,8884,13836,2454,8799,9538,56323,23207,55808,28392,25437,23032,28166,8806,49167,19126,56347,25078,28253,6355,11094,6157,54559,19180,53516,22252,28494,23512,32522,22573,52267,28807,41741,27595,32600,20978,31512,5924,62995,29603,34572,26572,28228,31214,25095,6191,56583,27308,37961,18360,28498,5851,28223,560,63794,30638,50958,26613,28242,31640,25870,4924,45592,30609,52237,27612,27215,23002,17682,6953,38415,32640,49674,28927,28499,23768,31039,6185,51225,27811,50956,31739,10012,2454,22625,4641,64527,28075,50457,31737,31602,24027,20805,6145,56590,16058,35156,2221,29551,24018,25135,1595,55558,20667,50184,11517,31596,24004,32517,19304,59466,29104,49167,26612,31615,23748,353,6436,55561,16046,49210,26620,26985,19155,27141,4901,34122,22498,55815,25580,31058,5843,28165,24127,59189,17562,33069,26554,32270,23429,26638,4218,56331,31477,52573,26283,14429,4511,22625,4641,60687,31665,50971,28665,13401,24034,32531,19304,59210,18077,60723,8368,11354,4500,9547,22118,55078,32673,63749,25588,32581,5828,27173,4901,60256,31403,64524,26603,29774,21975,9486,6414,52228,9186,60489,30710,13393,22512,32517,12646,52229,32682,41732,27595,32600,19427,30990,5926,56583,19180,53516,20972,24661,6355,11094,31857,53561,31654,55868,28925,31570,24027,24389,3629,64286,29357,56070,8875,14849,22517,25607,17722,56900,29104,64260,16607,11028,2181,11079,17785,37978,12258,39261,2225,29551,24018,30782,1069,55556,31663,63815,29175,28245,22495,11013,22133,64575,29611,34651,26614,12875,5254,16203,22116,37978,10722,32859,20882,32341,28115,28184,6202,54539,12455,49210,26594,10012,28054,25135,17445,54852,27047,38977,8884,8721,6298,10075,18280,37214,19912,52480,22525,32591,22212,26122,22573,56638,27322,56125,27885,31583,24002,13899,13160,52484,12463,52285,30432,26728,22211,27144,4924,63812,23478,52487,20882,32341,28115,28184,6202,54539,12455,52285,30432,23396,20954,25868,4901,52228,9186,60489,30710,13393,24034,32531,14096,53510,28837,52228,30454,22802,22227,28191,31802,53561,31654,55868,28925,31570,24027,18757,5417,57089,29104,50972,22268,31566,19416,27163,4922,56068,16059,35156,2217,29551,24018,30782,1069,55556,31663,62279,27857,32600,6350,11094,31869,53561,31654,55868,28925,31570,24027,23365,1065,54799,16054,35156,28872,31827,21727,18446,1065,45582,29384,51718,28409,18716,23775,24078,4923,64024,31395,52238,16312,21276,19416,27167,5414,38415,31660,33054,24007,16484,4338,28233,4730,56153,32167,53083,26361,32267,23682,28504,21545,37187,19912,52480,22525,32591,31428,28426,4911,60484,26279,35101,8869,17763,25326,9007,4202,56670,30961,36952,25774,31756,24016,27918,4987,39519,5355,49210,26620,26985,19155,27177,4396,38415,29060,56583,16312,24348,19928,9478,6414,52228,23020,56582,25584,22609,21721,271,7963,56590,28055,56076,25562,32088,5843,28223,560,53561,31672,37961,13752,18742,23775,24078,4923,64024,31395,52238,22198,25177,31682,26372,1063,39001,16127,56362,28906,29785,27842,28163,4901,63812,32161,50956,16620,29518,20689,287,7963,56590,28055,56076,25562,32088,5843,27177,7467,51725,27565,52487,28123,30032,3012,13899,13672,51743,31664,56583,27340,30553,5843,27177,4396,45583,30609,52237,29133,26713,23028,27663,22573,55592,30113,56078,30711,32338,19170,25866,1595,51723,28839,53258,16312,10780,2712,350,7963,56590,28055,56076,25562,32088,5843,25659,7995,53534,28845,37961,22456,29560,2779,25925,301,34882,11244,35141,14005,13832,2198,11079,18033,45635,30609,52237,29133,26713,23028,27663,22573,53561,31672,37961,22456,29560,2779,25925,301,34882,16110,37201,8884,13836,2454,8799,9538,56323,19367,52250,16618,32349,24017,20805,6145,56590,16058,35156,2221,29551,24018,30782,1069,55592,31142,34572,25544,32590,19672,13899,9832,55064,30628,52229,25563,32334,12988,25607,5931,38918,30609,52237,25562,32088,31699,30980,4902,38936,16127,50976,30443,29789,24021,25925,301,59202,18077,60723,8368,10585,24272,15885,20268,35849,9894,39437,14075,13086,12959,25144,4908,55592,31142,59916,28919,32594,5828,25640,6202,51727,32656,49165,29165,10012,28054,25135,22565,56580,14005,34137,12728,4117,20965,28175,5898,57102,23975,56070,26614,13390,23014,28185,550,34122,19938,52480,22525,32591,31428,28426,4911,45664,29102,51210,8948,32620,24260,31021,6953,38927,16127,50976,30443,29789,24021,25925,301,59202,18077,60723,8368,10842,3285,15375,5164,35598,14304,41792,26568,31822,19184,26122,22573,53561,31672,37961,22456,29560,2779,25925,301,35138,16110,39748,11944,10780,6298,16222,31841,56634,30896,56111,28665,13401,22502,25112,7996,54789,9186,64585,27612,10321,22168,31758,18016,38982,12019,35141,11944,11036,3715,322,4888,56856,27780,50184,11517,31614,21461,30988,807,56324,29057,50693,12778,10012,31638,26372,1063,38489,27812,50182,17866,12926,3719,11079,16505,38982,11504,41792,26568,31822,19184,26122,22573,55592,30113,56078,30711,32338,19170,25866,1595,51723,28839,53258,16312,10780,3480,350,4888,56856,27780,50184,11517,30078,23748,30990,7963,56592,30610,52241,8948,14849,12934,28219,4154,51756,29603,34572,19394,32338,16595,13899,17000,59488,27815,61199,25578,32593,26776,30986,6189,38942,16127,49210,26620,31582,12996,26465,5415,54283,20194,56076,16894,26707,24024,11033,22133,54819,27313,50952,26619,29714,20435,21571,11799,64560,15594,39436,25854,12122,466,16136,20012,35598,10913,32843,2225,32620,24260,25640,6202,51727,24044,56070,26614,18510,23767,32258,22075,38999,23191,50176,27830,27993,2206,11079,24446,59488,27815,59919,28919,32594,5828,27195,4922,52228,9186,63817,28925,23642,22980,28166,31810,55046,32673,35077,21214,22127,23255,26382,19304,61770,28076,51229,25078,13401,24024,8988,10519,57906,13958,52299,26282,30991,23507,27993,4649,56413,31478,52570,8441,13077,32444,22587,5892,56584,12462,52285,30432,10012,26518,21300,12818,39490,11940,40716,14333,30980,3727,26962,5233,37192,22728,64057,25556,32606,5850,25645,550,34122,23522,56327,11509,30074,19672,19525,551,55554,23727,50438,2300,19066,29925,26890,6701,60484,26279,64029,30961,14937,6283,338,9742,62521,31907,50444,22198,25177,31682,26372,1063,39001,16127,50730,28148,10574,24216,25625,9253,64045,9962,34137,12472,10765,6298,14682,24440,65120,19858,51237,26618,13392,22502,25112,7996,54789,9186,64585,27612,10321,22168,31758,18016,38982,12019,35141,11944,11804,12959,23341,14875,55819,29351,64071,30961,14937,6283,20286,6945,38488,31660,33054,11945,14108,2180,11079,23160,35146,14326,61283,20936,31600,24020,9479,4892,52242,24474,49157,27903,32593,19672,13899,13160,52484,12463,52285,30432,23396,20954,25868,4901,52228,21228,53004,2284,19066,29925,26890,6701,64068,32163,52738,28138,29769,27858,27161,1318,55578,31664,51719,8929,14849,12935,23341,14875,55819,29351,62279,27857,32600,6350,11094,31869,59436,21137,51976,28413,18962,19159,25870,22076,38999,31634,53019,28894,30557,13011,26465,5415,54283,20194,50944,20223,30813,21715,13899,16232,51972,32694,51719,11517,32594,4289,21556,11280,36910,31712,52571,25003,31065,24196,28426,4735,56414,31473,35592,11185,18998,22239,18188,5161,54287,19180,53516,8940,14849,26601,20787,24076,56648,30964,53007,25760,8717,469,12893,20266,33032,31476,51723,8365,4117,20966,27653,5892,56584,12462,50735,30454,10012,32150,32261,22565,55084,27308,60999,30455,31572,31451,26372,31788,53562,31148,51237,26618,13392,24034,32531,7963,56592,9186,36937,21138,29781,29905,26890,6701,60484,26279,59933,28407,26707,6277,11094,6411,55046,11696,53063,28138,18513,31473,14659,17274,38982,9971,34137,13752,13068,26812,25858,14895,55819,29351,63815,29175,28245,22495,11013,22133,64575,29611,34651,26614,12875,5254,14923,23160,34890,16110,36952,2225,29548,24536,27175,4906,38406,30609,52243,16312,20252,20978,14598,6246,53007,12266,35141,12469,13836,2198,11079,17017,45635,30610,52743,25556,32606,5850,28223,560,63794,30638,50958,26613,28242,1430,20043,806,38407,31638,56593,17344,29520,22225,28166,550,62532,30887,41757,27592,32082,23034,28169,22564,55592,30113,56078,30711,32338,19170,25866,1595,51723,28839,53258,16312,11036,26812,25858,14895,55819,29351,62279,27857,32600,6350,11094,31869,53562,31148,51237,26618,13392,23014,28185,550,34122,20194,56076,17662,31566,24027,353,6436,55561,16046,49213,26613,31600,24020,11015,22133,54819,27313,50952,26619,29714,20435,21571,11799,64560,15594,39692,12796,32607,2773,27149,16684,35854,11686,51213,11194,4117,20962,28166,5892,56584,12462,52285,30432,10012,26518,21300,12818,39490,11431,53007,24830,10586,23438,15698,16496,36434,32250,40785,13472,30980,3726,15699,24426,60512,29611,58636,24825,30297,32408,25860,22076,38999,28807,50204,17590,29779,5826,25644,7740,54539,29056,52485,22162,30549,29907,26890,6701,60484,26279,64029,30961,14937,6283,338,7964,56583,32654,52235,11508,32616,19662,25640,6436,35608,9186,59977,28407,26707,5765,30989,6951,65336,13952,39256,11944,11036,2190,11079,17274,37215,19144,50176,20221,30813,21715,23365,1319,52227,29099,35079,8869,24169,21983,9561,4902,36893,13042,38985,11944,10780,6298,16216,31841,53566,31663,51237,26618,13392,20965,28177,19304,60746,30598,39684,27830,27993,2462,11079,17509,37978,12002,35141,13993,4117,20962,28166,5892,56584,12462,52285,30432,23396,20954,25868,4901,52228,9186,60489,30710,13393,24034,32531,14096,53510,28837,52228,30454,22034,24275,287,7964,56583,32654,52235,11508,31614,21461,30988,807,56324,27798,50952,29419,26717,22227,29192,19304,35146,19144,50176,20221,30813,21715,20805,6145,56590,16058,35156,2221,29544,24027,27175,4906,38406,32658,52251,30454,10012,26774,30990,12334,55576,31663,41827,28148,31583,6362,27199,13354,54814,29057,56583,27641,32594,6340,11094,6145,52249,28835,52234,27830,27993,26526,21300,12818,39490,11175,39949,14075,9048,22994,27151,4140,32782,12198,39183,14075,11608,23250,14351,24426,45635,32662,60171,27884,30079,19672,25098,4902,38424,30609,52243,16312,20252,20978,14598,6246,53007,12266,35141,13237,13838,2454,11079,17509,36440,5355,51261,16634,29768,22517,32517,7977,56580,12464,50745,27627,29512,22233,13899,9064,53550,11439,51015,30205,10772,6298,10077,18024,38982,12272,32849,22162,30813,19700,18437,6183,55582,28843,56076,16566,31069,24541,25625,6205,60430,32688,55815,25576,32590,23512,11026,22133,45659,32662,60171,27884,30079,19672,25098,4902,38424,29056,52507,28925,29551,24012,25147,4912,38918,16127,41817,25548,22622,22210,25640,550,53515,31660,34587,25035,30030,21722,27177,8762,53506,30113,52231,29163,10012,2710,24417,5161,52264,23980,50950,25580,29781,19155,18501,6185,55580,19889,54016,8957,14849,31971,26114,22650,56580,14005,34137,12984,14864,5254,15179,31841,55614,23712,50973,28123,28242,20951,28165,22586,52523,29110,51204,27628,22879,22231,27165,9531,49667,16039,35156,27869,30537,31128,32542,6951,52235,32171,49210,26594,17170,27836,26890,522,64260,28845,51229,27889,26713,25240,25890,4908,38930,16127,41821,25548,22622,22210,25640,550,53515,31660,34587,25544,32590,19672,13899,9576,56323,31911,56072,2194,30032,22997,11015,5916,62472,28075,58653,31737,28499,6338,11094,6145,52249,28835,52234,27830,27993,26526,21300,12818,39490,11687,53007,25598,31832,3541,14600,5934,36622,30881,36877,12795,10335,4500,322,5916,62472,28075,58653,31737,28499,5826,27195,4652,54787,16037,35156,18125,30549,22168,31758,18016,38982,14324,64867,24825,29552,19653,27175,6449,52255,20204,56072,27901,14920,6283,27199,13354,54814,29057,56583,27641,32594,12996,18529,6183,56606,27308,56111,28665,14937,6283,25890,571,54795,31649,51015,30205,17684,24809,20273,21600,34828,10913,40461,24828,10584,4500,322,6411,52228,28839,61213,25578,32593,27544,28930,22061,38999,23191,50176,11434,32594,4289,10074,23400,32859,13042,38985,8884,13068,31676,25860,4924,52228,27780,50184,11517,30060,20933,25119,6183,34122,19426,49197,12533,29714,20435,15171,22116,32859,13042,39241,8884,13068,31676,25860,4924,52228,27780,50184,11517,31614,21461,30988,807,56324,29057,50693,12778,10012,31638,31006,4922,52228,30358,50188,11517,30079,19672,25870,31804,55081,27308,50956,17644,31566,24027,18757,5417,57089,29104,50972,22268,31566,19416,27163,4922,56068,16059,35156,11432,10253,31676,25860,4924,52228,27780,50184,11517,30078,23748,30990,7963,56592,30610,52241,8948,14849,12934,25640,550,54799,22710,51227,26613,22802,20954,30747,4876,56089,28839,51213,30454,14927,6283,31007,4925,64352,28845,52253,30454,26746,21975,9486,16146,56324,26279,37961,12728,22838,22233,28191,550,51756,29603,34572,25544,32590,19672,13899,15208,53515,22700,51227,26613,4150,22490,27144,22052,55081,27308,50956,16876,26707,24024,11033,22133,54819,27313,50952,26619,29714,20435,21571,11799,64560,15594,39436,25854,12122,466,16136,20012,35598,10913,32843,2225,30079,19672,25870,13628,51717,31660,34587,28123,29774,19155,27193,7980,51999,9186,64585,27612,13393,24024,8988,23160,35146,14320,60003,27895,32584,19672,25640,6202,51727,20204,56072,27901,14920,6283,25640,550,54799,22710,51227,26613,4150,22490,27144,22052,56610,31395,56076,16312,21276,19416,27167,5414,38415,31660,33054,24007,16484,4338,27977,5496,56414,31477,52491,8363,13077,28860,27150,4908,38424,30609,52243,16312,20252,20978,14598,6246,53007,12266,35141,11944,10780,6298,15711,31841,56610,31395,56076,16566,31069,24541,25625,6205,60430,32688,55815,25576,32590,23512,11026,22133,45659,31626,52488,28925,16402,22271,28175,22064,38999,5361,52257,26361,26713,26776,30986,6189,38942,16127,50730,30454,29785,32450,27161,4901,54624,30115,60684,25578,32091,23255,28167,15968,55567,31654,34075,20408,29533,32472,27161,4901,45635,29384,51718,28409,19996,19679,28167,5892,56584,16046,35156,27857,28239,22231,28168,6246,53007,16874,61750,18114,14356,2771,14351,4907,35337,32676,40461,14076,10584,22994,8777,31841,53566,29366,58636,24825,30297,27800,29454,22076,38999,16797,62257,10972,31774,23937,28248,4218,33107,31732,53087,26543,32520,23938,10509,31841,53566,29366,58636,24825,30297,32408,25860,22076,38999,28807,50204,17590,29779,5826,25644,7740,54539,29056,52485,22162,28245,24026,27175,4906,38406,31638,56593,27595,32582,1430,14923,31868,53566,29366,58636,24825,30297,27800,29454,13628,54277,27821,35162,8869,30079,22490,14361,4198,55064,19631,60206,12464,12041,6298,15961,23165,35402,11255,41792,27596,30280,29907,26890,6701,59460,28077,56576,28145,14930,6283,20286,6945,38488,31660,33054,11944,10268,5254,15179,22116,35419,5355,49213,28396,22105,23255,26382,9574,49667,16039,35156,18125,30549,5764,28165,24127,37979,13282,39768,11949,10780,6298,15193,31841,53566,29366,58636,24825,30297,27800,29454,11836,54315,31147,50183,27901,14920,6283,25902,6973,60484,26279,61725,28377,32085,21976,25870,22588,56614,27300,64867,30449,32592,23034,28169,22564,55592,30113,56078,30711,32338,19170,25866,1595,51723,28839,53258,16312,11036,27836,32514,4900,55590,31648,34565,19394,32338,16595,13899,17000,60512,27307,52229,25556,32606,5850,27195,4922,52228,9186,57673,25597,32600,12996,26465,5415,54283,21474,50944,28657,24661,31443,32542,6460,38916,16127,50976,30443,29789,24021,25925,301,59202,18077,60723,8368,10329,3026,28168,17451,35852,11681,39690,12539,9048,210,8777,31841,53543,30636,49156,26594,28542,19650,25860,9574,49667,16039,35156,18125,30549,5764,28165,24127,37978,11490,34141,12984,14864,3204,322,7941,53508,30639,52243,30682,28232,22233,23365,1319,52227,29099,35079,8869,24169,21983,9561,4902,36893,13043,33865,13998,14864,5254,14923,24440,62816,28843,50176,30961,22617,19651,25631,22566,55592,30113,56078,30711,32338,22517,25607,17722,34122,24034,50438,28919,13327,19152,26116,12570,36904,10992,35141,13994,14864,132,322,7941,53508,30639,52243,30682,28232,22233,18757,5417,57089,29104,50972,22268,31566,19416,27163,4922,56068,16059,35156,11432,4111,20987,25093,7973,56592,27520,56605,27895,19986,16595,11039,22133,59189,17562,33069,14266,10504,2688,10585,31841,53543,30636,49156,26594,28542,19650,25860,12390,54789,16054,35156,27869,30537,32408,25860,22588,55085,30390,50184,28122,32336,30140,25858,6945,49667,23719,56604,28140,13394,24034,32531,7963,56592,9186,38985,2216,29553,20952,25094,4914,52520,27318,50950,22198,25177,31682,26372,1063,39001,16127,50730,28148,10574,24216,25625,9253,64045,12266,39249,8884,8717,5254,14923,18033,45635,30607,49159,27637,32582,19956,32543,6183,63812,27319,60166,30445,30024,31704,26372,1063,34122,30946,50440,26603,22326,22239,26114,3105,64015,27319,50717,11510,21350,23768,29454,19304,35914,21448,50944,28657,24661,31443,32542,6460,38404,32658,52251,30454,10012,28822,27150,4908,45592,31395,64269,29425,30284,4307,25126,7974,53511,31672,56363,30444,29779,12959,26465,5415,54283,21474,50944,28123,29774,19155,13899,16232,51972,32694,51719,11517,32594,4289,21556,11280,36910,31712,53082,25854,32265,23439,28511,4720,56153,15606,32832,20370,29781,22517,25881,1069,64324,27821,52231,20714,32349,19935,11032,22133,64575,29611,51015,30205,10772,6298,8797,15170,54787,29057,50971,28925,18962,19159,25870,22076,38999,30607,49159,27637,32582,19956,32543,6183,45664,29102,51210,8948,30335,19417,18702,573,55070,16044,35156,27857,28239,22231,28168,6246,53007,16874,61750,18114,14356,2771,14351,4907,35337,10916,39434,12539,10335,466,13071,24426,45635,29313,55814,16637,28233,22466,9477,7963,56592,9186,64585,27612,10321,22168,31758,18016,38982,10992,35141,11944,10268,4482,18529,6436,56601,27520,56605,27895,18962,19417,32514,6433,38916,16127,60732,28657,13326,24024,8988,23161,38218,10481,35141,11944,11036,4486,18529,6436,56601,27520,56605,27895,22546,23511,27648,6458,54815,23974,50438,28919,14863,6283,25640,6436,35608,30956,50715,20725,22651,2718,10079,17512,37982,11490,32849,16786,30032,24005,32297,572,54789,23788,51720,26099,30030,22211,24335,5946,51972,32690,52251,25078,14917,6283,9563,31867,54313,28077,60172,30445,30024,5848,28223,560,34122,16866,61750,18114,14356,24019,8777,13634,55046,31665,56363,30444,29779,32408,25860,22076,38999,28807,50204,17590,29779,5826,25644,7740,54539,29056,52485,16786,30032,24005,32297,572,54789,19180,53516,20972,24661,6355,11094,18297,64352,29102,52250,30682,28232,22233,24389,3629,64286,29357,56070,8875,14849,22517,25607,17722,56900,29104,64260,16607,11028,2190,11079,20089,37978,12258,39248,2225,30335,19417,18702,573,55070,12460,56360,28140,28542,19650,25860,6411,55046,16048,35156,25598,26960,13011,26408,1319,64015,27319,50717,11510,21350,23768,29454,19304,35914,24008,50693,26603,28542,19650,25860,9830,51723,28839,35101,8869,32628,23767,30990,5954,56334,30608,55577,26612,22804,22490,28184,778,52254,28845,41792,28306,31059,21719,18507,6436,56601,29057,50971,28925,10012,29078,30725,5948,56068,12455,52231,10991,17763,25326,9007,4970,56921,30884,52572,24993,32264,23694,26712,21628,37187,24008,50693,26603,30079,22212,30990,13670,51717,31660,64283,26361,28501,6341,11094,12829,54531,28908,56844,12976,14864,4480,18529,6436,56601,29057,50971,28925,18962,19159,25870,22076,38999,29313,55814,16637,28233,22466,261,6722,56069,29347,53065,27885,28255,22495,11013,1597,55566,31670,56110,26361,32597,19672,8984,31841,38986,16098,50693,25595,14928,22485,25607,9530,51471,31671,51719,8957,14849,22517,25607,9530,51471,31671,51719,11517,32594,4289,272,22120,38986,16098,35145,28123,30032,27588,31246,4925,56068,21927,53260,28136,29781,5826,28165,24127,37978,24034,56092,26602,28242,20706,26126,22573,56107,31649,56583,28890,32085,19678,10050,22082,38986,16098,35145,16824,30291,19161,28216,825,54799,31649,52258,29409,29523,19672,25925,301,34882,11244,35141,28123,30032,3012,27973,6458,59911,23685,40001,11944,12060,5254,15691,24445,37955,16072,35145,8888,14876,31638,26372,1063,56633,27571,50956,26619,32631,18639,25092,550,54852,27047,38977,8884,28543,19140,25870,8764,56578,31663,59463,25083,29785,4546,11105,22120,50506,5355,35145,8888,31829,30102,25098,12582,55576,30630,50956,8940,29256,22227,17995,7977,65284,32688,49165,27901,13384,22517,25607,22074,38999,29089,50693,20970,27481,24003,26629,22061,54799,5286,35145,8888,31829,32406,25607,553,51757,31395,52224,30454,28188,24030,11013,6670,55557,22966,51227,27644,29785,5826,25640,6436,38936,16127,50698,28148,18766,18899,28190,5414,38927,28839,41741,8888,14876,24287,19019,5950,55582,22960,51227,27644,29785,6338,25375,6189,63818,32692,51229,17898,31566,20946,25870,22588,55081,29102,35099,8869,30047,22490,22553,1837,56607,32172,35084,27901,4184,22227,271,6722,56069,29347,53065,27885,28255,22495,11013,1577,54298,19131,52225,26613,28180,24030,28166,5894,56583,5355,35145,8888,31829,22166,32516,8808,64802,23439,62010,27372,30553,30419,26122,11053,52298,31658,35079,26602,28488,22212,28235,4646,39008,16098,59977,28909,32590,19672,25407,6957,62991,29603,35084,8869,29256,21971,17678,6953,45583,16098,35145,30683,26702,22227,24351,4896,56583,9186,64841,18384,24433,25573,25375,6957,62991,29603,62476,8850,14876,19862,28443,553,65295,32688,49165,27901,26952,4510,11105,22120,45642,16098,35145,28382,31571,20930,27653,522,38404,32640,49674,28927,28499,23768,25640,6436,35608,9186,59977,28909,32590,19672,25407,6957,38415,32640,49674,28927,28499,23768,11105,22120,62794,30627,61191,25578,32593,31384,26634,4387,55064,28855,59917,28407,26707,6277,11094,779,51736,28839,64797,26608,32593,31384,26634,4387,55064,28855,41741,8888,14876,20965,28175,5930,38424,32640,49674,28927,28499,23768,25640,6436,35608,9186,59977,28909,32590,19672,25407,6957,38415,30609,52237,25594,4174,6294,11083,6411,52228,28839,61213,25578,32593,31384,26634,4387,55064,28855,59917,28407,26707,6277,11094,779,51736,28839,64797,26608,32593,31640,25860,4924,52228,16072,35145,20920,32341,28115,28184,13370,56331,31653,64839,31485,22856,21721,30980,22139,38999,27521,56091,27901,20040,24030,28166,14182,56073,28839,60189,27626,29275,6338,11105,22120,60234,31403,64524,26603,22606,23767,28172,13414,56075,31145,50715,27885,22872,21721,30980,22139,38999,27521,56091,27901,20040,24030,28166,13414,56331,31653,35171,8888,19740,27611,31007,7463,38415,29057,50693,8938,14849,19957,31001,6189,60446,31658,52228,17334,31071,22227,287,22120,38986,32661,52253,28650,26717,5853,27177,7467,51725,27565,52487,28123,30032,3012,13899,13672,51743,31664,56583,27340,30553,5843,27177,7467,51725,27565,52487,8850,14876,27542,28418,13357,55576,31404,64839,31485,14920,6283,32536,7994,57092,30956,56070,25589,12872,26601,20787,24076,32840,31395,52569,26273,30980,388,28509,4733,56403,31395,51792,15020,9054,23426,28511,4729,33118,10151,52570,15274,9053,23685,12889,20265,56409,10224,36879,15020,8708,23767,13151,4976,56591,9889,36872,26273,8712,142,12810,4721,56410,31483,51793,15018,8964,24192,28174,4219,39518,13035,59977,28909,32590,19672,25407,6957,38415,32131,52234,30454,26750,24543,32515,9318,37450,11490,40028,8884,28543,19140,25870,8764,56578,31663,59463,25083,29785,31426,25113,7727,38430,16005,35139,14250,13833,31638,31006,4922,52228,30358,50188,11517,31101,24021,32517,1034,57091,27306,60231,10424,10268,3459,322,22082,38986,30946,56070,23992,14864,23257,11009,6177,53578,32690,56064,10987,29256,21971,18190,1313,56606,31660,55835,17334,31071,22227,30751,22113,55054,16072,35145,8888,14876,20886,11021,5159,38912,28835,35085,24823,13398,23014,28185,550,52298,31658,41735,8888,14876,6294,11083,22120,38986,30891,50761,26874,21254,31173,21571,11799,64560,15594,39692,12796,32607,2773,27149,16684,35854,11686,51213,11194,14869,19161,25675,7210,61776,24497,63041,23239,24166,6814,14606,17708,56585,11425,40207,15356,32607,4500,11074,7740,54799,16072,35145,8888,14876,6294,11083,22120,38986,29154,49931,22198,25177,31682,26372,1063,39001,16127,56362,28906,29785,27842,28163,4901,63812,32161,50956,16620,29518,20689,287,22120,38986,16098,35145,8888,14876,21715,28184,4129,55114,29856,57427,17387,17684,24809,20273,21600,34828,10913,40461,24828,10584,4500,11074,7740,54799,16072,35145,8888,14876,6294,11083,22120,38986,29154,49931,16566,31069,24541,25625,6205,64270,29357,56070,8875,14849,19957,31001,6189,60446,31658,52228,17334,31071,22227,287,22120,38986,16098,35145,8888,14876,22227,271,22120,38986,16098,35145,27901,4184,6294,11083,6189,45582,16098,35145,28158,14926,5353,26955,6204,53578,16044,55552,27641,26958,19614,28163,4901,53542,27313,50956,28925,13391,19956,32543,6183,37145,31458,41734,8888,14876,6294,11083,4129,55882,28854,51273,26358,30748,22210,23365,1065,54799,16054,49437,27901,14902,6294,11083,22120,38986,16098,52041,27884,22546,23511,27648,6458,54815,23974,50438,28919,14863,6283,32296,1082,54799,19126,52225,26613,23314,23509,25870,31804,38986,16098,35145,8888,29785,13010,11083,22120,54799,5286,35145,8888,30042,6340,10036,1384,51742,16041,50944,27576,31564,19167,8984,7740,54543,21159,55808,26604,32594,19396,22597,1084,54021,28071,35136,28156,14902,6294,11083,22120,53578,16036,56602,27114,31516,23768,30795,1084,38401,32658,52251,30454,28188,24030,261,22120,38986,16098,35145,8888,14876,19653,24601,13670,54277,27821,37961,16824,26697,24004,32517,7708,54543,12455,56634,28138,32599,6332,11083,22120,38986,31714,52487,8850,14876,23958,28421,22082,38986,30946,56070,23992,14864,22997,28441,8040,38916,28331,49160,29162,28180,24030,28166,7940,52249,28839,56076,11499,31615,23748,8728,4712,45573,16098,35145,8888,14876,24287,26699,1065,38926,28835,35085,25595,32334,26776,30986,6189,38942,30390,50956,8850,14876,6294,11083,22120,38986,32226,56072,11516,31614,21461,30988,807,56324,29057,50693,12778,10012,31638,31006,4922,52228,30358,50188,11517,31615,23748,11105,22120,38986,16098,52297,26358,14902,6294,28235,4646,39008,16098,53065,28919,17692,6298,25631,4399,56582,32646,51229,27576,14930,18655,25098,1338,52290,31658,52228,27604,28239,22227,30990,22587,55102,31141,52229,11243,32284,13017,11083,22120,38986,16098,52992,30392,32083,21713,20238,553,38411,27264,35079,27897,14936,22466,27660,4900,55598,32694,60231,27884,18962,19159,25870,22076,54795,16038,50717,26111,32592,23026,27167,12646,52239,27281,56584,11005,14869,20674,25870,22082,38986,16098,35145,8888,14876,19606,27652,6703,64527,27299,34568,30426,13394,23028,24584,1071,52485,31404,50730,28148,10574,1430,18507,1085,56600,27308,49469,28669,13401,23543,28168,550,39008,16098,35145,8888,32540,23768,11105,22120,56650,31404,35171,8888,31772,19161,21579,22116,51726,28333,56619,8950,29781,20886,27163,1057,36889,30390,50188,20221,26965,24002,28165,1338,64580,29104,52505,30199,26962,6303,25615,22082,38986,16098,35145,27576,14938,19154,31492,522,38916,28835,35085,28924,27219,19700,9477,5912,56600,27308,56649,26608,4178,6294,11083,22120,38986,16098,35145,28924,27219,19700,9477,4892,52242,29057,50693,12778,10012,31638,31006,4922,52228,30358,50188,11517,31101,24021,32517,1034,57091,27306,35171,8888,14876,6294,28235,4646,39008,16098,52297,26358,14902,6294,27979,1063,59210,16110,49163,26358,28286,6360,25858,8040,55578,27819,33050,27372,30553,29907,30722,4924,56580,28080,57927,31741,29534,23768,8728,4712,45573,16098,35145,8888,14876,24287,26955,6177,64014,28854,51273,26358,30748,22239,18703,6204,59460,27811,50956,8940,29256,22227,11105,22120,38986,16098,35145,8888,30748,22239,18703,6204,60484,26279,59933,28407,26707,6277,11094,779,51736,28839,64797,26608,32593,31128,26632,6189,64030,30640,49422,2284,14876,6294,11083,22120,54799,5286,35145,8888,29785,13010,11083,22120,55052,16048,59165,28665,13913,23190,25887,8040,38916,32690,56064,10987,31560,31444,32542,6460,51972,16107,50701,8850,14876,6294,11083,8040,38924,20662,50184,8957,9985,23446,31006,4922,52228,32662,59147,28665,14937,20674,25870,22082,38986,16098,35145,8888,14876,23190,25887,13414,52255,29110,34567,25562,29023,19153,32260,4646,55081,29102,39451,16312,22812,19139,28185,550,53310,29607,34572,25049,32607,19672,11105,22120,38986,16098,52297,26358,14902,6294,28235,4646,56672,31404,41827,28148,31583,6362,32269,5414,53534,28845,55881,27631,31048,27870,26890,6240,54539,14247,35171,8888,29468,6352,32264,1082,54799,19126,51976,25558,32593,1430,11094,5926,56583,29154,35099,29169,28015,19679,25352,6177,60429,31907,56649,26608,14930,24004,32287,6202,56650,31404,35171,8888,29468,27589,25116,5436,53506,31148,51261,8954,14849,19138,28190,22082,38986,28386,51205,20961,28499,23768,21571,11799,64560,15594,39951,25596,31832,3538,28431,24426,45635,16098,35145,8850,14876,21654,26628,6697,51274,31664,64799,24825,31602,24027,13899,5480,51743,31664,56583,25548,21598,21975,270,22120,38986,29102,51210,8948,26700,20179,31021,6953,38927,16127,51229,17658,31566,24027,20504,1080,52751,32662,59147,28665,18265,6332,11083,6760,56069,29347,51017,31485,23624,22980,28166,19304,52298,31907,56111,28665,26969,22253,26122,11053,39008,16098,51785,28909,32590,19672,27199,14378,54539,16039,35156,25590,32593,6332,11083,31848,38986,16098,50703,8938,21576,21975,9998,5224,54814,30690,35079,25576,26709,4293,27167,13354,52255,29110,55815,8881,30040,6332,11083,22120,38986,29410,51718,28409,29468,31685,31006,4922,52228,9186,33097,19692,30557,6355,13910,6248,54539,14247,35171,8888,14876,6294,32587,4927,54799,31978,50973,16566,28233,22466,9989,3432,39008,16098,35145,8888,14876,6294,18763,5417,57089,29104,50972,16892,30291,19161,11096,22133,51971,27521,56091,27901,14920,22231,11023,779,51736,28839,64797,26608,32593,31128,26632,6189,38942,27821,59977,28407,26707,5765,30989,6951,65336,13952,39771,8884,10254,6298,13145,23137,39008,16098,35145,8888,14876,6294,18763,5417,57089,29104,50972,22268,31566,19416,27163,4922,56068,16059,35156,29169,28543,19140,25870,22076,54795,16038,34649,14249,29980,6340,9563,17278,45638,16098,35145,8888,14876,6294,11083,4892,52242,29057,50693,12778,10012,20886,18456,1085,56600,27308,51273,26358,22812,21721,30980,22651,51724,29613,60987,10970,12046,5251,14667,17277,38982,11248,32860,28088,14926,22517,25607,17722,56900,29104,64260,16607,11028,2176,11079,16505,37978,12258,39262,2225,14876,6294,11083,22120,37911,12002,39751,11181,14902,6294,11083,22120,52298,31669,50956,24752,29768,29080,28421,5409,52235,27821,35141,2275,14876,6294,11083,22120,38986,16098,49210,26594,10012,20886,18456,1085,56600,27308,51273,26358,20252,20978,14598,6246,53007,12010,35141,11947,10780,6298,16218,22113,51717,19426,49197,12533,29714,20435,15171,22116,37978,12002,35141,13993,13845,6332,11083,22120,38986,16098,35145,16568,31069,24541,25625,6205,60430,32688,55815,25576,32590,23512,11026,22133,51971,27521,56091,27901,14920,22231,11023,22136,51717,12258,35171,8888,14876,6294,30283,22116,38490,11248,41792,8888,14876,22227,271,22082,38986,19170,56576,26612,31600,24020,9479,4892,52242,9186,55881,28908,29781,5841,31518,4920,36888,32684,52228,8881,13330,26518,21300,12818,39490,10491,39948,12798,10329,2771,27917,20014,35084,11175,32843,2194,14876,6294,27906,1640,56600,22708,51227,26613,28188,24030,261,22120,38986,16098,35145,30188,32601,4312,31003,45,51756,29603,34060,31160,26747,19929,24347,5946,51972,32690,52251,25078,14917,6283,10074,9832,51973,27307,50688,8950,14849,31971,26114,22650,56580,14005,34137,12728,13833,2198,11079,18045,50499,16110,34649,11946,24348,19928,9478,5901,53529,31148,56634,28385,13401,19943,28426,22116,54831,29623,60487,29177,29781,31953,30978,5421,53534,28845,58951,30445,4117,6294,11083,22120,38986,32694,49690,30134,29533,4290,9563,20089,45635,16098,35145,8888,14876,19142,32014,1038,54539,12455,49215,27627,30302,6355,11094,5934,51974,5287,35145,8888,29785,13010,11105,22120,53578,16036,52231,30432,26746,21975,11022,7740,54799,16072,35145,8888,14876,22166,29454,12348,55576,31663,63815,29175,28245,22495,11013,22133,64575,29611,34651,26614,12875,5254,9803,18041,38982,13042,40009,11176,14902,6294,11083,22120,54858,26279,61213,25578,32593,32664,25625,1597,51774,28835,55578,28921,29785,16853,13899,18280,39008,16098,35145,8888,29724,16595,19743,5946,56583,18668,55808,24817,32592,1430,32587,826,45583,16098,35145,8888,14876,20418,28174,24102,56580,27322,56111,28665,13913,17302,31020,807,60442,32688,55815,25576,32590,23512,11026,22133,37978,20194,55814,30449,30037,6360,11094,12829,54531,12528,52231,10991,13836,2454,10078,18024,38982,12023,54336,8884,13324,132,11079,6157,54559,23532,55816,27889,18779,16834,28167,13414,56075,12969,60489,30710,13393,23027,25112,4390,53550,31664,56586,28145,13394,19961,8735,22082,38986,16098,35145,30392,26973,5853,27164,545,34882,11500,32849,8850,14876,23958,28421,22082,38986,30690,64026,27631,31048,20958,27653,5916,38920,16127,51215,29172,4185,22227,271,6722,56069,29347,53065,27885,28255,22495,11013,1067,55567,31670,51261,16634,28233,22466,8965,5926,56583,16110,49165,29419,31568,30415,26122,24365,39008,16098,50505,25079,30301,27798,26890,522,38916,16127,50976,30443,29789,24021,25925,301,59202,18077,60723,8368,10329,3026,28168,17451,35852,11681,39690,12539,9048,210,8777,31841,38986,16098,51261,16634,29768,27544,28930,22061,38999,23191,50176,11434,32594,4289,10074,23400,37970,12002,35141,15018,4117,6294,11083,5916,64008,28854,60231,25081,32087,22468,25886,13612,54277,27821,35162,8869,30996,19139,28185,550,55614,20640,50184,8957,9985,22166,26122,24365,55626,31404,59977,28909,32590,19672,25407,6957,38415,32131,52234,30454,29980,6340,25640,6436,35608,30956,50715,20725,22651,2718,10073,17512,37976,11490,32849,8850,14876,27798,26890,522,38404,32640,49674,28927,28499,23768,31039,6185,51225,27811,50956,31739,10012,4246,32264,1082,54799,19126,51976,25558,32593,1430,11094,5926,56583,16107,50952,8956,13324,3463,25675,22074,38490,11252,35171,8888,19996,23255,32553,22566,56638,27322,37961,23992,16995,31980,10563,16497,36435,10491,32843,11448,14866,20946,31512,5924,62995,29603,41740,8888,14876,23010,18697,6204,65092,28845,35101,8869,29817,21955,19781,6183,38430,29061,49437,28665,30078,23770,11105,22120,60490,31907,56619,11510,32616,19662,25144,4914,34122,12258,41817,8888,14876,23010,18697,6204,60484,26279,59933,28407,26707,6277,11094,5472,51743,31664,56583,25548,21598,21975,11022,19317,54858,29603,32780,25528,32338,31638,26372,1063,38489,27812,50182,17866,12926,3460,10078,17512,36191,16110,40027,11181,29980,6340,25640,6436,35608,30956,50715,20725,22651,2462,15197,22116,36443,13042,38985,12975,4117,6294,11083,5916,64008,28854,64839,31485,16968,21751,27650,6950,54799,16054,35156,27869,30537,27800,29454,11836,54315,31147,50183,27901,13384,24058,32525,22082,38986,19170,51976,30426,13394,19959,25631,778,52254,28845,50730,28148,14926,6283,27149,1316,45583,16098,35145,25548,22622,22210,20805,6145,56590,16058,35156,2221,14876,6294,27199,13354,54814,20204,56072,27901,14920,6283,27199,13354,54814,29057,56583,27641,32594,12996,11083,22120,56331,19622,55552,28392,12889,23010,18697,6204,45635,16072,35145,28344,31059,21719,24395,5161,52264,23980,56070,26614,14926,6283,25890,571,54795,31649,51015,30205,17684,24809,20273,21600,35599,30884,39951,15356,11871,210,14351,16939,37192,5355,35145,8888,31592,31444,25887,6411,54808,27815,59975,28919,32594,27332,28426,801,38937,16127,60732,28657,29714,20435,15171,22116,37212,16072,35145,22200,30813,19700,18437,1063,56580,12464,51257,26602,28242,1430,24395,5161,52264,5292,35171,8888,30236,23513,26378,8808,55819,28811,49165,25595,30024,6340,11094,6145,52249,28835,52234,27830,27993,26526,21300,12818,39490,11940,40202,13820,30808,3026,8777,31841,38986,16098,51261,19450,32338,23519,32522,1063,60228,25771,35084,8869,30996,19139,28185,550,55614,20640,50184,8957,9985,22166,26122,24365,55626,31404,64585,27612,10321,22168,31758,18016,38982,13041,39241,8884,11789,6303,30980,9064,53550,11439,51015,30205,10772,6298,10075,18024,38982,10995,41792,8888,14876,23010,16905,4646,56067,27299,56070,21174,26963,19679,25602,22054,38999,23191,50176,11434,32594,4289,10075,17000,38982,12530,34140,12216,13067,6332,11083,8808,55819,28811,49165,25595,30024,5828,27177,7467,51725,27565,52487,28123,30032,3012,13899,13672,54277,27821,34650,28926,30547,32740,9001,17274,37983,11490,40028,8884,12046,4483,11105,22120,60490,31907,50976,27644,31583,22466,9497,6410,56344,27815,49210,26594,29548,24014,11015,22133,45658,16098,35145,25548,21342,23768,26626,553,51717,23788,51720,26099,30030,22211,24335,5946,51972,32690,52251,25078,14917,6283,26691,1085,56600,27308,51261,19706,30557,6355,13910,6248,54539,14247,51273,26358,10780,22422,11033,31865,38986,16098,51261,19450,32338,23519,32522,1063,57924,28811,52237,8928,14849,12928,11083,22120,55614,22432,52487,25073,28253,19161,23365,1065,54799,16054,35156,25548,22622,22210,353,22120,38986,29102,51210,8948,31615,20184,30730,19304,61770,28076,51229,25078,13401,24024,8988,10519,57906,13958,53067,26285,32267,23438,28507,5503,56927,32243,52573,24993,30991,6784,8770,22082,38986,24034,50952,25582,13391,20965,28177,19304,60746,30598,39684,27830,27993,2462,11079,17765,37978,12258,35141,13493,13068,6332,11083,13672,54795,32692,34586,28104,29519,20930,25860,19304,36938,27553,56091,27901,20040,23255,27173,4901,34122,16127,51207,26613,14869,22231,11023,12829,54531,12528,52231,10991,13836,2454,10078,18024,38982,12023,35136,28919,20252,20978,14598,6246,53007,12010,35141,13237,13836,2198,11079,18045,45635,16098,35145,25563,27730,19415,18757,5417,57089,29104,50972,22268,31566,19416,27163,4922,56068,16059,35156,2217,14876,6294,27176,38,51979,23020,50715,29421,26728,22231,31512,1065,54799,26529,37961,10936,28511,19140,25870,8764,55819,32652,52228,16312,14849,23000,28166,22113,54795,16038,35161,28919,11036,6332,11083,13672,54795,32692,34586,27598,29519,21716,11022,22133,56130,27831,52251,30454,31592,30420,26122,22061,34135,28898,50184,11261,14902,6294,18507,6185,55580,12465,57395,26358,25177,1430,16203,22082,38986,24034,50952,25582,13391,23014,28185,550,34122,24034,50950,26604,28242,19184,26122,31789,39008,16098,50505,25079,30301,31638,25860,5948,54787,27815,37961,19384,26962,22978,26629,22573,56580,14005,63030,22720,12920,23956,28510,5501,56414,31483,52488,26361,32346,23694,27994,5496,56414,31477,52491,8363,13077,6332,11083,13672,54789,32694,50944,28925,18706,17119,11022,22133,64575,29611,34651,26614,12875,5255,15179,22116,37979,12002,41792,8888,14876,22517,32517,7977,56580,12464,51243,27131,26715,19929,28421,1052,54795,28337,56072,27901,25439,1430,14923,22082,38986,24034,50950,25580,29781,19155,18757,1063,56590,19888,54016,21245,25173,21715,13899,18024,39008,16098,59977,27895,31560,22239,30990,9574,51721,29357,60165,28921,29288,23519,25856,1325,38937,16127,41818,8888,14876,22517,32517,7977,56580,12464,51770,28138,30288,23028,16921,5925,56589,29057,50693,12778,10012,31638,26372,1063,38489,27812,50182,17866,12926,2176,11079,17274,38982,9968,41792,8888,14876,22517,32517,7977,56580,12464,51242,29942,26973,20965,28177,19304,60746,30598,39684,27830,27993,2206,11079,23160,34890,16110,32857,8850,14876,31638,25860,5948,54787,27815,59463,30445,30547,19671,26626,5899,52740,28067,49210,26594,10012,32150,32261,22565,52523,29110,51204,27628,18783,17119,9486,31761,38986,16098,50730,30454,29533,24024,9497,16146,56324,26279,37961,14008,14902,6294,18507,6183,55582,28843,56076,21174,26717,22227,11039,22133,55593,26796,55816,2194,14876,6294,25607,5931,38918,29057,56583,27641,32594,29892,30722,22076,38999,28811,56602,27897,32607,22168,31758,10592,57397,23192,35649,12797,31834,22992,27919,17195,35337,32676,40461,25851,9048,3029,14600,24426,45635,16098,35145,28123,28242,20951,28165,14906,51971,12470,51257,26364,29781,6353,11094,12829,54531,28908,56844,12976,14864,4494,11105,22120,64330,28845,51229,27889,26713,20986,32536,9830,51723,28839,35101,8869,30079,19672,25098,4902,45592,16072,35145,22200,30813,19700,9477,6405,51999,23719,56604,28140,11090,21749,26626,19491,55081,28844,51724,10988,28506,23512,25119,6183,37186,16072,35145,8888,14876,19350,25116,5436,60418,31907,51009,28665,13145,6332,11083,4968,56324,5355,35171,8888,28188,23255,32297,572,54789,17841,51207,26613,14945,6283,18704,573,55070,16044,35156,25548,22622,22210,11079,6145,53518,32673,50717,8938,14849,23010,16905,4646,56067,27299,56070,2277,14876,6294,27167,12330,55576,31663,61978,25590,32593,6379,11094,5899,52740,28067,35171,8888,26652,19667,31006,22054,55081,27308,49160,26614,4174,22227,271,6722,56069,29347,53065,27885,28255,22495,11013,4649,60174,32167,49181,27895,27156,19159,25870,23100,52298,27307,52229,26572,28228,12959,11083,22120,55046,32673,35077,26571,14943,6283,25890,571,54795,31649,51015,30205,17684,24809,20273,21600,34828,10913,40461,24828,10584,4500,322,22120,38986,31633,34570,27595,32582,1430,24139,7948,35335,28908,56844,13232,14864,5254,15179,22116,35416,5355,35145,8888,32623,5845,27177,7467,51725,27565,52487,28876,29789,18629,30986,6189,49417,9186,38985,8850,14876,27542,26638,11366,54819,31654,35089,8869,4104,6294,11083,4891,38409,32658,52251,30454,10012,18582,30986,6189,45598,16072,35145,28344,31059,21719,22603,5421,55590,31648,35077,8869,29813,19653,25866,4907,54852,27047,63041,23239,24166,6814,14606,17708,56585,11425,51215,13820,11864,3026,27151,24426,45635,16098,35145,26571,22111,23255,26382,8806,49167,16054,35156,27628,30280,27859,29454,31804,38986,16098,52282,20219,30813,21715,19781,6183,38942,16127,50988,28653,23570,22233,9503,6415,53278,29603,50731,26356,14902,6294,22603,5421,55590,31648,34565,26572,28228,20965,28177,19304,35146,5362,35145,8888,32623,29909,26890,6701,60484,26279,59933,28407,26707,6277,11094,779,51736,28839,64797,26608,32593,31128,26632,6189,64030,30640,49422,2284,14876,6294,28216,14891,55819,29351,64071,30961,14937,6283,20286,6945,38488,31660,33054,11945,10780,6298,10074,18024,45635,16098,35145,26571,22111,23255,26382,8806,49167,18102,50472,26097,30546,22227,11039,22133,54831,29623,64839,31485,16968,21751,27650,6950,54799,12470,52261,30462,14902,6294,22603,5421,55590,31648,34565,25562,29023,19153,32260,4646,51774,28835,55578,28921,29785,16853,13899,18280,39008,16098,64073,25085,31600,24020,9479,16146,56324,26279,37961,14264,14902,6294,22603,5421,55590,31648,34565,25544,32590,19672,13899,9576,56079,16072,35145,30392,30813,24026,25157,1318,51727,14006,49437,28669,22105,19423,28191,4902,51992,24556,51722,27901,26952,6298,28216,14891,55819,29351,41792,27901,4184,21692,26628,6697,56906,28855,56586,28145,14930,23767,24335,4391,54285,13991,51225,26602,28242,6298,25119,6716,60431,26279,34077,26296,26969,27861,29454,23100,56394,30887,56328,30452,28271,19671,9998,5480,54283,31918,51720,11251,14902,6294,26443,5415,54283,28130,51229,26604,10012,23702,27918,809,52230,27281,56584,2301,14876,6294,25607,5931,38918,32641,52507,16312,21276,19416,27167,5414,38415,31660,33054,24007,16484,4338,27977,5496,56414,31477,52491,8363,13077,6332,11083,13672,51723,12454,49210,26594,10012,28054,25135,17445,54852,27047,38977,8884,13836,2198,11079,20092,45635,16098,35145,25563,32334,31384,26634,4387,55064,28855,59917,28407,26707,6277,11094,779,51736,28839,64797,26608,32593,31640,30986,31788,38986,16098,51242,26346,22546,23511,27648,6458,54815,19110,51227,29174,31564,24004,26629,22065,38999,12530,41821,8888,14876,23029,28441,13414,51717,31654,64027,30961,19033,16607,26382,19304,34890,16072,35145,16824,26717,5842,16945,4646,49167,9186,40265,8850,14876,31638,30986,22572,55610,31664,56583,16312,27164,19159,25870,31804,38986,16098,51229,28410,13401,22239,28184,570,52290,31658,52228,27604,28239,22227,30990,22587,55593,31408,34074,16824,26717,4562,353,22120,38986,29102,51210,8948,31615,23748,25640,6202,51727,9186,57417,29174,31560,23512,9486,4902,36893,16797,62257,10972,32542,24197,27917,4733,56147,31478,52561,25003,14344,4511,11105,22120,64330,27811,59917,28919,32594,5828,25640,6202,51727,32656,49165,29165,10012,28054,25135,22565,56580,14005,34137,13496,4117,6294,11083,5899,56344,29057,50971,28925,18962,19159,25870,22076,38999,32641,52507,2194,14876,6294,25607,5931,38918,32641,52507,30411,30030,24029,13899,16232,51972,32694,51719,11517,32594,4289,21556,11280,36910,31712,53082,26622,30985,23428,28511,4721,56334,15601,32832,8850,14876,31638,30986,9516,51742,30125,34572,28123,30032,6340,11094,779,51736,28839,64797,26608,32593,27544,31007,7463,45583,16098,35145,25563,32334,19685,25625,4899,60484,30634,49674,26614,26959,1430,14923,22082,38986,24034,56072,20988,26696,21465,9486,1052,54795,28337,56072,27901,25439,1430,15179,16998,45663,16098,35145,25563,32334,19685,25625,4899,59460,27811,50956,8940,14849,23029,28441,22082,38986,27362,51976,26612,29458,19416,30990,24124,53278,29607,58636,29169,32584,24024,30745,9574,51742,30125,55820,8884,31615,23748,32568,6458,56577,5355,35145,8888,27229,21702,18450,1065,61454,26797,56076,16816,26717,5330,18507,1065,60174,27830,49670,11261,4150,6294,11083,6436,55561,16046,49213,28396,14937,6283,25890,571,54795,31649,51015,30205,17684,24809,20273,21600,35343,11686,52234,12539,31578,4050,16143,17708,55566,14304,41792,8888,14876,20962,26399,22573,56638,27322,37961,30392,28245,24026,28223,560,39008,16098,64841,30449,32592,32408,25860,22076,38999,28807,50204,17590,29779,5826,25644,7740,54539,29056,52485,8850,14876,27798,32514,4900,60484,26279,64029,30961,14937,6283,14938,22082,38986,19170,56576,26612,19986,16595,18463,6695,51717,16113,35156,28123,30032,3012,27973,6458,59911,23685,39745,12972,14864,3204,10075,17512,36190,5355,35145,8888,29544,21698,9486,6424,53529,30646,50950,16312,20252,20978,14598,6246,53007,12010,35141,12457,14864,5254,13131,31841,38986,16098,49213,28396,13401,20965,28177,19304,60746,30598,39684,27830,27993,2462,11079,16741,37978,12002,35141,13993,4117,6294,11083,7964,54302,12455,52285,30432,23396,20954,25868,4901,52228,9186,60489,30710,13393,24034,32531,14096,53510,28837,52228,30454,22034,24275,287,22120,38986,30614,50461,11517,31614,21461,30988,807,56324,27798,50952,29419,26717,22227,29192,19304,35146,16072,35145,22200,28245,24026,20805,6145,56590,16058,35156,2221,14876,6294,25151,6716,38415,32658,52251,30454,10012,31638,30986,31788,39008,16098,50505,25079,30301,31894,30734,22059,38999,28811,56602,27897,32607,22168,31758,10592,57397,23192,35649,12541,10584,24021,14600,5934,36622,10918,39437,25596,13086,12959,11083,22120,56622,32177,64839,31485,14920,6283,28175,5435,56638,27322,50761,8938,17763,25326,9007,21610,45635,16098,35145,26588,31055,32408,25860,22076,38999,28807,50204,17590,29779,5826,25644,7740,54539,16072,35145,18104,26969,5845,28223,560,53561,31672,37961,15288,14902,6294,20299,1325,38409,31638,56593,28123,30032,3012,13899,13672,54277,27821,34650,28926,30547,32740,9001,17017,37978,12258,39261,8884,12045,4486,11105,22120,64586,28071,34570,28104,29519,20930,25860,19304,60746,30598,39684,27830,27993,2206,11079,17529,38982,13042,39753,11180,14902,6294,20299,1325,38409,30609,52243,16312,20252,20978,14598,6246,53007,12266,35141,13749,13836,2198,11079,17017,45635,16098,35145,26588,31055,27800,29454,11836,54315,31147,50183,27901,14920,6283,25902,6973,60484,26279,61725,28377,32085,21976,25870,22588,56614,27300,35171,8888,24092,19411,9480,5898,54025,27813,56326,26358,26728,22231,31512,1065,54799,26529,37961,13240,14902,6294,20299,1325,38409,22424,52487,31485,10012,3478,11105,22120,64586,28071,34570,25544,32590,19672,13899,13672,51723,5286,35171,8888,30236,23513,26378,9576,53533,32182,60161,27884,10012,29078,30725,5948,56068,12455,52231,10991,17763,25326,9007,4970,56408,32241,51724,25770,30984,23429,26713,4730,56403,15610,32832,8850,14876,27542,25116,5436,64002,28854,64071,30961,14937,6283,20286,6945,38488,31660,33054,11944,11804,5252,15179,22116,34904,5355,35145,8888,28015,19679,25352,522,38404,29074,49178,27628,29779,1430,24139,7948,35335,28908,56844,13232,14864,3483,10079,18024,36164,16110,38980,11176,14902,6294,22603,7999,56094,23722,50973,16566,31069,24541,25625,6205,64270,29357,56070,8875,14849,19653,32522,22061,54795,16038,56362,28906,29785,27842,28163,4901,63812,32161,50956,8940,26707,31638,26372,1063,38489,27812,50182,17866,12926,2693,11079,17531,38982,12022,41792,8888,14876,20453,32514,7723,52264,12460,52285,30432,10012,26518,21300,12818,39490,14304,35171,8888,18716,20929,26655,13344,54814,24556,56604,16631,28233,22466,18437,6695,51717,9186,53065,28409,32591,6332,11083,9576,53533,32182,60161,27884,16402,22271,28175,22064,38999,5367,35145,8888,28015,19679,25352,522,38404,32658,52251,30454,10012,31638,30986,31788,38986,16098,52488,20732,27221,21702,8974,283,52227,30369,56619,11254,4150,6294,11083,6436,55561,16046,56890,30449,29279,22517,25881,1069,34122,22498,55815,25580,31058,5843,28165,24127,59189,17562,33069,26554,31759,24272,28510,5489,56414,31482,51802,8364,13077,6332,11083,9576,53533,32182,59905,28919,32594,5828,25640,6202,51727,32656,49165,29165,10012,28054,25135,22565,56580,14005,34136,12984,4117,6294,11083,283,52227,30369,50730,27882,26713,26776,30986,6189,38942,16127,56890,30449,29279,19700,261,22082,38986,29410,51718,28409,24092,19673,13899,16232,51972,32694,51719,11517,32594,4289,21556,11280,36910,30944,51801,26284,32267,23764,10584,24417,39008,16098,60745,30455,18706,17119,11022,22133,64575,29611,34651,26614,12875,5254,14923,23164,34890,16110,40280,2225,14876,6294,25647,22588,55098,30641,49181,27895,10012,19350,27167,4924,55626,31404,64585,27612,10321,22168,31758,18272,38982,12271,34142,12984,12050,6298,15430,22113,51717,19426,49197,12533,29714,20435,15171,22116,37977,12002,40007,8884,11537,12959,11083,22120,55086,12470,51243,27131,26715,19929,28421,6411,55046,11696,37961,16824,30291,19161,9560,1070,54533,22928,33067,14250,13833,2710,15966,22116,36184,14327,35171,8888,24092,19673,18757,1063,56590,19888,54016,21245,25173,21715,13899,18024,39008,16098,60745,30455,16402,22271,28175,22064,38999,5364,35145,8888,30072,5826,27195,4922,52228,9186,64073,27631,31048,31454,25887,31810,38986,16098,50693,25595,14928,22514,18463,1063,56580,16048,35156,27857,28239,22231,28168,6246,53007,16874,61750,18114,14356,3027,27917,17198,33038,10913,37133,12796,11871,4500,322,22120,38986,29062,59933,28919,32594,5828,25640,6202,51727,32656,49165,29165,10012,28054,25135,22565,56580,14005,34136,12984,4117,6294,11083,6412,64286,27821,52231,11498,31596,24004,32517,19304,64586,27309,41827,8888,14876,22978,26377,22573,54787,31665,56603,30384,32596,24027,25127,571,54799,27815,34586,28108,32091,24026,10008,3432,39008,16098,35145,8888,22556,22210,13899,9576,53533,32182,60161,27884,4112,6294,11083,22120,38986,31621,64029,25580,32584,1430,27979,6205,52233,29099,33031,8881,32590,19906,25881,1384,55582,31670,52297,26358,14902,6294,30283,31841,39008,16098,50505,25079,30301,24214,25886,555,55043,16044,52250,22252,32083,21713,22542,5948,56606,26858,50440,2225,14876,6294,11083,22120,52249,27299,35084,8869,31562,13018,11083,22120,38986,16098,52992,29112,31560,24002,32587,4896,45572,16098,35145,8888,14876,6294,11083,316,56591,13996,56890,30449,29279,19700,9989,3432,55592,30113,56078,30711,32338,22517,25607,17722,34122,24034,56092,26602,28242,20706,26126,22573,56107,31649,56583,12005,10780,2712,8798,22082,38986,16098,35145,8888,14876,19606,28188,6189,64578,27309,35141,21219,26963,19679,25602,22054,38999,23191,50176,11434,32594,4289,10074,23400,36699,16110,34649,11949,14108,4481,10006,18024,35396,13047,60489,30710,13393,23027,25112,4390,52281,29371,34572,25562,29023,12959,11083,22120,38986,16098,50444,26603,14902,6294,11083,22120,38986,16098,56649,26607,29785,27550,25116,5436,64002,28854,35141,16611,31069,24541,25625,6205,64270,29357,56070,8875,14849,22517,25607,17722,56900,29104,64260,16607,10516,5252,14411,23162,35914,14322,34068,12984,10258,4483,11105,22120,38986,16098,35145,8888,28188,24001,25870,12896,52229,16110,63762,29175,28245,22495,11013,22133,64575,29611,34651,26614,12875,5254,14411,22116,38490,13047,33865,11183,13889,2198,14661,23165,64842,27564,34564,25565,29519,24536,32568,6705,38415,32640,49674,2225,14876,6294,11083,22120,54799,5286,35145,8888,14876,6294,27144,6692,55560,30113,55873,25580,32584,12959,11083,22120,54799,5286,35171,8888,18716,20929,26655,13344,54814,21484,56326,26603,28542,19650,25860,13689,53510,30113,59987,27895,32594,19669,27971,6205,52233,29099,33031,2225,14876,6294,11083,22120,54298,26531,50746,27885,12888,26601,20787,24076,56904,31479,52488,26366,32265,6866,8770,22082,38986,16098,35145,29112,28249,22498,27660,4900,52281,27299,33036,28150,14920,19653,32522,24365,39008,16098,35145,8888,26908,22494,24348,5927,52249,16874,61750,18114,14356,2771,12815,18220,35086,32678,39437,13473,10585,3797,14607,16684,35337,11686,39693,11194,14864,20930,26399,8749,49167,16054,34631,23992,16995,31980,10563,5488,36435,14304,34633,8886,26900,22978,28191,5992,56324,16866,61750,18114,14356,464,13069,24426,55114,16048,63030,22720,12920,24212,27986,4216,39514,14315,35141,30443,28253,4563,11105,22120,56650,31404,41792,8850,14876,19094,32526,1085,38916,19897,56588,16312,26908,19667,25663,4399,56582,27281,56584,12029,23836,19667,13899,4200,54815,27297,50688,10998,14869,24004,32287,6202,52042,32694,52253,26552,32338,13003,25870,31788,54368,32173,50440,25784,29769,19669,25602,22054,56331,19878,49157,26620,12878,22982,28185,550,38982,30646,50461,22269,25177,5314,26187,6177,55612,12974,50249,31481,31594,5338,28491,4141,52491,27310,51263,12020,31004,21719,26887,5417,37121,16072,35145,28344,31059,21719,26699,1085,55612,16046,35156,26620,31578,21699,23839,6697,39008,16098,50505,25079,30301,31638,30986,22060,38999,28811,56602,27897,32607,22168,31758,10592,57397,23192,35649,13054,11871,4050,26895,17708,37192,5355,35145,8888,31615,23748,22597,3105,38927,16127,60732,28657,13326,24024,8988,23161,34890,16110,34137,14264,13070,6332,11083,13672,51723,12454,51243,27131,26715,19929,28421,6411,55046,11696,37961,16824,26697,24004,32517,7708,54543,12455,51242,26346,14902,6294,18507,1065,38414,32640,49674,28927,28499,23768,31039,6185,51225,27811,50956,31739,10012,2198,16197,22082,38986,24034,56072,11516,30078,23748,30990,7963,56592,30610,52241,8948,14849,12934,11083,22120,55593,31408,62279,27857,32600,6350,11094,31868,38986,16098,51242,26346,18962,19159,25870,22076,38999,32690,52251,30454,14902,6294,32587,5161,56582,30700,55815,28925,12872,20674,26126,14893,51971,31670,52231,29162,22802,19159,30735,22116,55593,31408,41792,8850,14876,21654,26628,6697,64330,27811,59917,28919,32594,6340,11094,6145,52249,28835,52234,27830,27993,26526,21300,12818,39490,11687,53007,14334,9048,3285,13071,17708,35849,14304,41792,8888,14876,23029,28441,6411,54808,27815,59975,28919,32594,27332,28426,801,38937,16127,60732,28657,29714,20435,15171,22116,37212,16072,35145,16824,26717,31698,30980,4902,38424,32658,52251,30454,10012,31638,30986,31788,39008,16098,50505,25079,30301,31638,30986,9516,51742,30125,35084,8869,29813,19653,25866,4907,54852,27047,63041,23239,24166,6814,14350,4142,36111,11425,40202,15356,32344,3026,8777,31841,38986,16098,51242,26346,28271,22468,28160,13670,54277,27821,37961,16824,26697,24004,32517,7708,54543,12455,56634,28138,32599,6332,11083,13672,51723,19878,56093,27127,13401,20706,26626,6179,51983,16049,35156,2217,14876,6294,27176,4666,52281,29104,52226,22198,31566,19416,27163,4922,56068,16059,35156,11432,12040,6332,11083,13672,51723,19878,56093,27127,13401,23014,28185,550,34122,24034,56072,2300,14876,6294,27167,6698,38415,28843,52250,30442,28180,24030,28166,7940,52249,28839,56076,11499,28271,22468,28160,23099,64330,27811,64013,28908,29011,4563,11105,22120,55626,28338,53253,25563,32334,22526,28189,24122,55593,31408,35141,25563,32334,19685,25625,4899,45635,16072,35145,28344,31059,21719,24395,545,56582,9186,57417,29174,31560,23512,9486,4902,36893,16797,62257,10972,32542,23684,26712,5421,56920,31395,52574,26284,32271,6871,8770,22082,38986,19170,56576,26612,19986,16595,11039,22133,53534,29366,64780,31485,4168,6294,11083,7964,54302,12455,50735,30454,10012,32150,32261,22565,55084,27308,60999,30455,31572,31451,26372,31788,38986,16098,49213,28396,13401,24034,32531,7963,56592,9186,38985,2217,14876,6294,25151,6716,38415,31638,56593,28123,30032,3012,13899,13672,54277,27821,34650,28926,30547,32740,9001,17018,37978,11490,39261,8884,11790,4483,11105,22120,60490,27307,52229,21174,26963,19679,25602,22054,38999,23191,50176,11434,32594,4289,10075,18280,37976,12002,35141,11168,14902,6294,24395,545,56582,19948,54016,8957,14849,31971,26114,22650,56580,14005,34649,11950,10780,6298,10075,18280,37214,16072,35145,22200,28245,24026,24389,3629,57374,29315,52736,28662,29785,6338,11094,6157,54559,19180,53516,23276,30333,24543,26117,6189,38430,31630,56591,8850,14876,27798,32514,4900,64068,32163,52738,28138,29769,27858,27161,1318,55578,31664,51719,8929,14849,12935,11083,22120,53566,29366,34572,19394,32338,16595,13899,17256,39008,16098,64841,30449,32592,26776,30986,6189,38942,16127,51242,26346,4150,6294,11083,6436,55561,16046,50976,30696,22600,16601,13899,16232,51972,32694,51719,11517,32594,4289,21556,11280,36910,31712,52571,25003,31065,24196,28511,5489,39439,14315,35171,8888,21276,18648,32542,6410,38418,31638,56593,16312,28188,19417,31007,6177,36877,27553,65307,28409,4117,6294,11083,6145,52506,23734,53510,17590,29779,6338,11094,6157,54559,22764,50950,11500,30075,20674,26122,6410,56326,16072,35145,19384,27218,19651,25641,22576,56638,27322,49210,26594,10012,2454,346,22120,38986,28811,56345,16620,25171,27800,29454,13628,54277,27821,35162,8869,28543,19140,25870,8764,56578,31663,59463,25083,29785,31426,25113,7727,45598,16098,35145,27857,28492,31426,29444,9830,51973,27307,50688,8950,14849,31971,26114,22650,56580,14005,34136,12216,12042,6298,10075,16488,45635,16098,35145,27857,28492,31426,29444,9574,49667,16039,35156,18125,30549,5764,28165,24127,37978,11234,34139,12984,14864,135,322,22120,38986,28811,56345,16620,25171,31384,26634,4387,55064,28855,59917,28407,26707,6277,11094,6411,55046,11696,53063,28138,18513,31473,14659,23165,35402,13047,39497,11179,14902,6294,16971,1574,52255,29056,34577,25562,29023,19153,32260,4646,51774,28835,55578,28921,29785,16853,13899,18024,35396,16072,35145,19384,27218,19651,25641,22576,61744,31404,53516,16312,12060,6332,11083,16232,51204,27319,50731,11488,31596,24004,32517,19304,64330,27811,41741,8888,14876,22978,26377,22573,54787,31665,56603,30384,32596,24027,25127,571,54799,27815,34586,25049,32607,19672,10008,16232,51204,27319,50731,11232,4150,6294,11083,6436,55561,16046,50490,26353,26713,23028,11033,22133,54819,27313,50952,26619,29714,20435,21571,11799,64560,15594,39692,12796,32607,2773,16141,17707,35337,11425,36877,15100,13086,12959,11083,22120,54329,31403,56076,25562,13390,20965,28177,19304,60746,30598,39684,27830,27993,2462,11079,17509,37982,12002,35141,11182,14902,6294,22603,7972,56590,23728,56072,21174,26963,19679,25602,22054,38999,23191,50176,11434,32594,4289,10075,18280,37976,12002,35141,12459,4117,6294,11083,6683,56323,27815,51243,11498,31614,21461,30988,807,56324,29057,50693,12778,10012,31638,26372,1063,38489,27812,50182,17866,12926,2181,11079,18043,38982,9969,41792,8888,14876,21733,28418,1069,55592,12464,52285,30432,10012,26518,21300,12818,39490,14304,35171,8888,18716,20954,28175,13370,51723,24556,56604,16631,28233,22466,18437,6695,51717,9186,53065,28409,32591,6332,11083,9576,53510,31654,60187,28921,16402,22271,28175,22064,38999,5367,35145,8888,30319,23775,30990,5898,38424,32658,52251,30454,10012,31638,30986,31788,39008,16098,50505,25079,30301,32406,26370,13348,51723,9186,57417,29174,31560,23512,9486,4902,36893,16797,62257,10972,31774,23430,28511,4735,56328,15601,32832,8850,14876,21654,26628,6697,51786,27299,50688,16312,30492,19671,9475,6699,54539,14002,51777,28909,31594,6362,11078,7973,60932,29347,35136,8887,30484,16599,27197,22052,38983,30639,65287,28409,13845,2198,11079,24441,39008,16098,61257,28401,22608,19159,22597,3105,38927,16127,60732,28657,13326,24024,8988,5946,53534,12973,39241,8884,13837,2198,322,22120,38986,30596,50437,25562,13390,23028,24584,1071,52485,31404,50730,28148,10574,1430,18507,1085,56600,27308,49469,28669,13401,23543,28168,550,39008,16098,61257,28401,22608,19159,18757,1063,56590,19888,54016,21245,25173,21715,13899,18024,39008,16098,61257,28401,22608,19159,20805,6145,56590,16058,35156,2222,14876,6294,25133,6692,55592,12464,51257,26602,28242,1430,22603,7972,56590,23728,56072,8850,14876,19606,26890,4900,53572,28076,56076,10988,29256,21971,18190,1313,56606,31660,55835,17334,31071,22227,30751,22116,53548,29358,51243,11242,4150,6294,11083,6436,55561,16046,56335,25078,29512,22233,30795,557,54329,31403,56076,25550,12880,4544,11105,22120,38986,16098,51785,28909,31594,6362,11094,5925,53278,32236,51205,29429,27668,6298,25094,8230,54283,16110,51204,21728,30301,12959,11083,22120,38986,16098,50976,30696,22600,16601,24389,3629,38942,16127,50717,30443,29518,24536,26691,1085,55612,14254,35171,8888,14876,6294,26443,5415,54283,28386,56586,16312,30492,19671,9475,6699,54539,14002,51777,28909,31594,6362,11078,7973,60932,29347,35136,8887,30484,16599,27197,22052,38983,30639,65287,28409,13845,2198,11079,24441,39008,16098,35145,8888,23580,21727,18695,1065,60228,25771,35084,8869,24169,21983,9561,4902,36893,32178,34077,12984,14864,5255,15179,31841,38986,16098,35145,8888,31583,21722,27145,7467,56130,27831,51263,11252,14902,6294,28235,4646,45664,16098,35145,27857,28492,31426,29444,12390,56069,28087,50725,30443,22790,22233,28165,555,56898,28855,56586,28145,12882,12959,11083,22120,38986,16098,50693,25595,14928,19928,11014,22133,55070,27564,51972,28925,21268,18648,32542,6410,38418,31638,56593,2225,14876,6294,11083,22120,56835,28898,50204,30392,32596,13016,11083,22120,38986,16098,35145,8888,32591,27586,25095,4908,60952,29347,50241,30457,13396,21712,25604,24122,52484,14255,41792,8888,14876,6294,11083,6701,56601,16072,35145,8888,14876,6294,11083,16232,51204,27319,50731,11488,32616,19662,13899,616,51973,27830,50944,11007,28511,28356,26378,31841,38986,16098,35145,8888,29785,13010,11083,22120,54799,14246,41827,8888,14876,22490,27144,22052,51971,27782,52744,27647,32082,1430,27979,6697,56601,16072,35145,28344,31059,21719,27979,6205,52233,29099,35079,29421,31576,24002,27197,804,36879,28843,56345,11244,14902,6294,11083,22120,54346,32173,50440,29368,26963,6382,11094,6177,52506,12470,50745,27627,29512,22233,21317,23400,60234,30638,52237,16618,26717,31128,30729,6695,52255,20135,55814,30449,30037,5848,307,22120,38986,16098,35145,28148,31583,6362,26651,22076,38999,32687,49437,25014,31568,18651,31555,1319,38962,16109,50490,26353,26713,23028,9497,5129,55065,27566,52253,27595,32582,24728,11079,23160,35146,5355,35145,8888,14876,6294,28184,9532,53510,31654,65307,28409,30484,19671,9475,6702,55045,14000,49156,21750,30301,5014,9035,5925,60946,29347,33865,28600,29781,23008,8711,23656,51274,27297,32832,8850,14876,23958,28421,31810,38986,16098,50490,26353,26713,23028,9497,6145,52506,23734,52748,27897,22790,22233,28165,555,56898,28855,56586,28145,12882,22239,32283,24380,39008,16098,35145,8888,29468,6352,25858,824,38430,28055,56076,27857,28492,27842,31506,22061,34135,23522,56327,11509,26985,19155,25890,824,60446,28347,34572,28117,26953,31443,32542,6460,35076,29154,35099,27889,28492,5826,30782,1069,54819,27570,64797,29409,14937,1419,20043,806,38407,28055,56076,27857,28492,27842,31506,22573,55102,32183,35073,27372,29785,6332,11083,22120,38986,16098,35145,27576,24143,22980,27660,6177,38925,16127,56093,26605,14902,6294,11083,22120,38986,16098,56393,26344,28253,28371,26378,4925,53570,28332,56604,2225,14876,6294,11083,22120,54799,5286,35145,8888,29785,4562,353,22120,38986,28055,56076,27857,28492,27586,30990,7998,56585,22508,55559,30445,29817,24018,12559,6411,54788,32167,33053,30718,31058,20930,25860,8032,51204,27319,41792,8888,14876,6294,11083,4129,53578,28332,56604,22454,32591,29124,31493,573,49470,31666,37961,8869,29817,21955,24133,4923,61720,28332,56604,31692,32588,30104,32260,4923,52520,27318,50950,8873,26707,20886,31493,573,60740,31665,57371,29430,28233,16866,28187,19304,38999,28807,50204,22454,32591,29124,31493,573,49470,31666,64839,30711,29279,19606,28163,31782,38986,16098,35145,8888,14876,6294,30722,1036,57099,30629,52743,16312,31772,21719,28184,22082,38986,16098,35145,26552,32338,6332,11083,4968,56324,5355,35171,8888,20252,24005,16921,1574,52255,31633,57115,25073,13401,22271,32283,13628,55554,31148,52492,16802,29779,24024,32520,4192,54815,27297,50688,10998,29781,19910,8735,22082,38986,16098,35145,27576,14938,19423,31023,4393,53517,31148,51273,26358,12828,22239,32283,22588,52031,27815,50976,30696,20040,18639,11022,19317,64842,27564,34564,29133,26713,22271,32283,8764,51219,12455,50724,29165,22361,20185,26126,6189,38942,27821,49225,29430,28233,28056,28184,16186,51204,27319,53309,26600,10012,6283,25902,6973,60740,31665,57371,29430,28233,16866,28187,8806,52485,30369,35136,27372,29785,6332,11083,22120,38986,16098,35145,30648,32332,19671,23822,6697,56607,30698,55559,30445,4117,6294,11083,22120,38986,28839,41741,8888,14876,22227,8719,31810,38986,16098,52251,30700,29774,17302,28216,22076,38999,31665,64029,27636,32600,28356,26378,22116,56621,16054,35156,30718,31058,20930,25860,24416,51786,27303,56092,8950,28511,28356,26378,4968,56324,5311,50956,2300,30262,23513,26378,4200,54815,27297,50688,8950,32349,31954,25625,4664,52997,13996,51225,26602,28242,6298,25119,6716,60431,26279,34077,28088,28236,22495,30725,22116,56590,32676,50460,21740,30301,6298,27144,6692,55560,30113,41792,8888,14876,22490,27144,22052,56601,31662,56586,26365,10012,23702,27918,809,52230,32660,35077,28919,29980,19654,25602,1318,35121,5279,35145,8888,30032,22997,11015,1313,49199,32690,52487,26365,10012,24214,26378,4923,39008,16098,50505,25079,30301,31638,30986,22060,38999,28811,56602,27897,32607,22168,31758,10592,57397,23192,35649,13054,11871,4050,26895,17708,37192,5355,35145,8888,31615,23748,22597,3105,38927,16127,60732,28657,13326,24024,8988,23161,34890,16110,34137,14008,13060,6332,11083,13672,51723,12454,51243,27131,26715,19929,28421,6411,55046,11696,37961,16824,26697,24004,32517,7708,54543,12455,51242,26346,14902,6294,18507,1065,38414,32640,49674,28927,28499,23768,31039,6185,51225,27811,50956,31739,10012,2198,16197,22082,38986,24034,56072,11516,30078,23748,30990,7963,56592,30610,52241,8948,14849,12934,11083,22120,55593,31408,59975,27636,26956,24050,26648,6189,55566,27308,35098,8869,26696,24003,11105,22120,64330,27811,34573,19394,32338,16595,13899,17000,39008,16098,59977,28921,13400,23014,28185,550,34122,28386,56072,27901,4168,6294,11083,5948,54280,12455,50944,26603,28238,19614,28163,4901,53542,27313,50956,28925,13391,23029,28441,23099,64330,27811,32781,2194,14876,6294,25607,5931,38918,32641,52507,28123,29774,19155,13899,16232,51972,32694,51719,11517,32594,4289,21556,11280,36910,31712,53082,25854,32265,23439,28511,4720,56153,15606,32832,8850,14876,31638,30986,13612,51717,31660,34587,28123,29774,19155,27193,7980,51999,9186,64585,27612,13393,24024,8988,23160,36426,5355,35145,8888,31615,23748,25640,6202,51727,20204,56072,27901,14920,6283,27176,4666,45664,16098,35145,28148,31583,6362,27176,4666,52281,29104,52226,16312,21276,19416,27167,5414,38415,31660,33054,24007,16484,4338,28233,4219,56588,32247,51803,26284,32261,23762,10584,24417,39008,16098,59977,28921,18776,19138,24580,22573,55081,29102,35099,8869,28543,19140,25870,8764,56578,31663,64071,28908,29011,13011,11083,22120,55593,31408,56634,28138,32599,27800,25091,7467,56580,28081,37961,13240,14902,6294,18507,1065,60174,27830,49670,11517,26728,22231,31512,1065,54799,26529,37961,12984,11794,12931,11083,22120,55593,31408,56634,28138,32599,26776,30986,6189,38942,16127,51242,26346,14902,6294,32587,5161,56582,30700,55815,28925,12872,20674,26126,14893,51971,31670,52231,29162,18706,19138,24580,1325,38982,32641,52507,30411,30030,24029,322,22120,38986,28323,50457,16865,26717,28882,32004,1069,64322,27811,34061,16824,26717,27602,31007,7463,37135,5320,35145,8888,30032,22997,11015,7964,54302,16039,35156,27857,28239,22231,28168,6246,53007,16874,61750,18114,14356,2771,14351,4907,35337,32676,40461,14076,10584,22994,8777,31841,38986,16098,49213,28396,13401,24034,32531,19304,52298,27307,52229,26572,28228,6332,11083,8808,52227,31662,61255,27895,14920,6283,25902,6973,65092,28845,34589,28127,29256,21975,25641,4644,39008,16098,64841,30449,32592,27800,29454,9532,49667,16039,35156,13225,14902,6294,24395,545,56582,19180,53516,16876,30291,19161,11096,22133,55081,29102,39451,25782,30030,27355,18732,17504,34910,16110,40283,11944,10268,3458,322,22120,38986,30614,50461,11517,30060,20933,25119,6183,34122,19426,49197,12533,29714,20435,15171,22116,35419,16110,34137,13240,13066,6332,11083,8808,52227,31662,64071,30961,14937,6283,20286,6945,38488,31660,33054,11432,12040,6298,10075,18024,38982,10483,41792,8888,14876,20962,26399,22573,56638,27322,59441,27636,29787,24027,32517,19304,64842,27564,34564,26572,28228,31214,25095,6191,56583,27308,58695,25853,4168,6294,11083,7964,54302,12455,51243,27131,26715,19929,28421,1052,54795,28337,56072,27901,25439,1430,14923,22082,38986,19170,56576,26612,16402,22271,28175,22064,38999,5367,35145,8888,29544,21698,9486,5912,56600,27308,37961,16824,26717,13010,11105,22120,54346,32173,50440,18104,30030,31430,25887,19304,61770,28076,51229,25078,13401,24024,8988,10519,57906,13958,52299,26282,30991,23507,27993,5500,56153,32240,52571,26273,14340,4511,11105,22120,64586,29104,60185,27884,18706,17119,11022,22133,64575,29611,34651,26614,12875,5766,13151,22116,37978,12002,35141,13482,4117,6294,11083,1036,51205,27264,34567,28104,29519,20930,25860,19304,60746,30598,39684,27830,27993,2206,15941,22116,37978,12002,35141,13225,4117,6294,11083,1036,51205,27264,34567,25562,29023,19153,32260,4646,55081,29102,39451,16312,22812,21721,30980,22651,51724,29613,60987,10970,11278,6298,15705,22116,35929,5355,35145,8888,26744,18649,32553,22566,55592,30113,56078,30711,32338,19170,25866,1595,51723,28839,53258,16312,10780,2712,11105,22120,64586,29104,60185,27884,19986,16595,11039,22133,56601,31662,56586,26365,13340,6296,21556,11280,36910,10208,40031,12460,10764,6798,322,22120,38986,27782,55558,30426,13394,22512,32517,19304,64842,27564,34564,28126,28242,32664,32516,5920,64007,29357,41741,8888,14876,19186,31492,522,38404,31638,56593,27595,32582,1430,14923,31864,38986,16098,56109,29431,28286,5848,28223,560,55081,29102,39451,16312,22812,19139,28185,550,53310,29607,34572,25049,32607,19672,31017,4385,52226,16072,35145,18104,30030,31430,25887,14182,52255,23725,56604,28140,22866,21721,30980,19304,56906,29347,52250,8850,14876,31894,25625,13368,54814,17644,50976,26620,14916,6283,350,22120,38986,27782,55558,30426,13394,23014,28185,550,34122,24034,56072,2300,14876,6294,28426,9260,51203,29362,33036,28892,27219,19700,8709,22082,38986,27362,51976,26612,29458,19416,30990,24124,53278,29607,58636,29169,32584,24024,30745,12902,55064,31410,56838,29174,14864,19186,31492,522,37124,5320,35145,8888,30032,22997,11015,7940,52249,27780,50184,8957,14849,22271,32536,6185,56585,28908,56844,23984,16995,31980,10563,17966,35849,10662,51981,12796,13086,12959,11083,22120,53542,27313,56111,28665,13401,20965,28177,19304,60746,30598,39684,27830,27993,2462,11079,17509,37982,12002,35141,28091,28236,22495,30725,23656,35402,14324,35171,8888,22044,19423,19743,5946,56583,20204,55814,30449,30037,6360,11094,12829,54531,12528,52231,10991,13836,2454,10073,18024,38982,9974,41792,8888,14876,20986,32536,1038,54539,12455,51243,27131,26715,19929,28421,1052,54795,28337,56072,27901,25439,1430,14923,22082,38986,21218,55808,17644,31566,24027,20805,6145,56590,16058,35156,2221,14876,6294,25127,571,51756,29603,34572,25544,32590,19672,13899,13672,51723,5286,35171,8888,30236,23513,26378,14952,51971,21174,53256,30711,14920,6283,25890,571,54795,31649,51015,30205,17684,24809,20273,21600,35599,30884,51215,25852,12127,2773,27149,16684,56841,10150,39434,12539,13086,12959,11083,22120,53542,27313,51237,28129,28233,26776,28426,7980,57092,9186,64585,27612,13393,24024,8988,23160,35914,5355,35145,8888,29552,19653,27175,6449,52255,20204,56072,27901,14920,6283,25127,571,51756,29603,41740,8850,14876,24214,30980,10600,38982,28333,35101,27889,29468,22982,30978,24123,51205,30646,50950,11243,32284,13017,11083,22120,38986,16098,50693,25595,14928,18681,18719,6204,34122,22498,55815,25580,31058,5843,28165,24127,59189,17562,33069,26554,32270,23429,26638,4218,56158,32241,51803,26282,32261,6798,8770,22082,38986,16098,35145,19896,28236,19700,9477,7963,56592,9186,64585,27612,10321,22168,31758,18272,38982,13042,39241,8884,10254,12959,11083,22120,38986,16098,55590,16620,29768,31384,26634,4387,55064,28855,59917,28407,26707,6277,11094,6411,55046,11696,53063,28138,18513,31473,14659,23162,35402,13040,39753,11168,14902,6294,11083,22120,63306,27314,56619,11510,31614,21461,30988,807,56324,27798,50952,29419,26717,22227,29192,19304,34890,11500,35171,8888,14876,6294,17483,568,52264,12460,52285,30432,10012,22422,32539,22082,38986,16098,35145,19896,28236,19700,9477,6414,52228,9186,60489,30710,13393,22512,32517,12646,52229,32682,58372,26365,28501,13019,11083,22120,38986,16098,55590,16620,29768,27800,29454,9532,49667,16039,35156,12969,14902,6294,11083,22120,63306,27314,56619,11510,32616,19662,25640,6436,35608,9186,59977,28407,26707,5765,30989,6951,65336,13952,39259,11944,10268,2182,11079,18298,37210,16072,35145,8888,14876,30614,32539,522,38404,27523,50717,30682,28232,22233,25640,6436,38936,16127,51215,29172,4185,6294,11083,22120,38986,28301,60189,27884,16402,22271,28175,22064,38999,5364,35145,8888,14876,6294,31524,13372,54814,20204,56072,27901,14920,6283,25127,571,51756,29603,41740,8888,14876,6294,11083,4649,59918,28331,50457,11005,27251,31426,25887,31841,39008,16098,35145,8888,21788,19654,32553,22566,55079,28087,60172,30445,30024,2520,26408,5409,33281,29057,50951,25085,12872,19920,26629,7996,54789,14314,35171,8888,14876,6294,11083,22120,52042,29351,51724,26604,14936,6283,31492,31804,38986,16098,35145,8888,14876,6294,31023,1575,52264,12460,52285,30432,10012,19350,26382,5421,56606,16038,34631,23992,16995,31980,10563,16497,35935,12016,37209,11194,14902,6294,11083,22120,38986,16098,49225,18411,27204,22231,28175,22060,38999,32676,55813,2301,14876,6294,11083,22120,38986,16098,56861,26621,12882,23029,28441,22116,60177,25771,35084,8869,24169,21983,9561,4902,36893,13043,39241,8884,13836,3222,8787,23093,34890,11500,32860,8850,14876,6294,11083,22120,38986,32226,50440,24820,31069,4317,28184,4900,52233,31399,41792,8888,14876,6294,11083,22120,38986,30385,56838,28108,26973,4290,21556,11280,36910,30944,51792,25006,32270,23760,28498,20336,56668,31479,52570,26361,32271,23427,28505,4731,39512,13035,50761,30440,14864,19138,28190,31841,38986,16098,35145,8888,29785,4562,11105,22120,56650,31404,41827,8888,14876,19186,31492,522,38404,29071,55836,16637,28233,22466,14853,6667,56067,9385,50730,27894,31065,4290,32269,5414,53534,28845,32833,8850,14876,6294,11083,1640,55558,19899,56326,26358,17684,24809,20273,21600,36108,32678,53005,14332,32344,4500,322,22120,38986,16098,35145,29169,25209,22982,28421,4653,34122,28898,56582,27576,24399,18638,25866,4908,45582,16098,35145,8888,14876,24287,25163,13115,51218,28835,52237,8956,29256,22227,11105,22120,38986,16098,35145,8888,28188,24001,25870,13664,51723,12966,53833,27595,32582,1430,24139,7948,35335,28908,56844,13232,14864,5254,15179,22116,35423,13794,33097,28091,28236,22495,30725,23656,35402,14324,54336,8884,13324,3460,322,22120,38986,16098,35145,28413,32591,6332,11083,22120,38986,16098,35145,30392,32587,22227,18499,1065,37902,26082,49210,26594,10012,28054,25135,17445,54852,27047,38977,8884,13836,2198,11079,20092,50499,16110,34649,14250,4117,6294,11083,22120,38986,28839,41741,8888,14876,22227,8719,4930,56324,5320,50693,25595,14928,19920,26629,7996,54789,32738,52493,26579,30789,22239,8975,5944,56600,27308,35141,27628,30280,27859,29454,23100,56394,28071,64778,31485,13896,23702,27918,809,52230,31625,34064,25016,30301,23258,26634,24355,39008,16098,50505,25079,30301,23446,31006,4922,52228,31625,35088,8869,32600,22992,26398,15676,49423,16072,35145,28344,31059,21719,25163,14907,51971,31670,49159,26102,10012,24214,26378,4923,45664,16098,35145,28148,31583,6362,27176,4666,34122,22498,55815,25580,31058,5843,28165,24127,59189,17562,33069,25786,30988,23682,28508,4650,39513,14315,35171,8888,22812,19159,9487,7963,56592,9186,64585,27612,10321,22168,31758,18272,38982,13042,39241,8884,8712,12959,11083,22120,55593,31408,60231,25081,32087,22468,25886,13612,54277,27821,35162,8869,28543,19140,25870,8764,56578,31663,59975,28921,4184,6294,11083,5899,56344,23788,51720,26099,30030,22211,24335,5946,51972,32690,52251,25078,14917,6283,9563,31868,38986,16098,51242,26346,22546,19161,28175,9530,49667,20135,53504,28413,10012,2198,11105,22120,64330,27811,34573,19394,32338,16595,13899,17000,39008,16098,59977,28921,13400,23014,28185,550,34122,28386,56072,27901,4168,6294,11083,5948,54280,12455,50944,26603,28238,19614,28163,4901,53542,27313,50956,28925,13391,23029,28441,23099,64330,27811,32781,2194,14876,6294,25607,5931,38918,32641,52507,28123,29774,19155,13899,16232,51972,32694,51719,11517,32594,4289,21556,11280,36910,31712,53082,25854,32265,23439,28511,4720,56153,15606,32832,8850,14876,31638,30986,13612,51717,31660,34587,28123,29774,19155,27193,7980,51999,9186,64585,27612,13393,24024,8988,23160,36426,5355,35145,8888,31615,23748,25640,6202,51727,20204,56072,27901,14920,6283,27176,4666,45664,16098,35145,28148,31583,6362,27176,4666,52281,29104,52226,16312,21276,19416,27167,5414,38415,31660,33054,24007,16484,4338,28233,4219,56588,32247,51803,26284,32261,23762,10584,24417,39008,16098,59977,28921,18776,19138,24580,22573,55081,29102,35099,8869,28543,19140,25870,8764,56578,31663,64071,28908,29011,13011,11083,22120,55593,31408,56634,28138,32599,27800,25091,7467,56580,28081,37961,13240,14902,6294,18507,1065,60174,27830,49670,11517,26728,22231,31512,1065,54799,26529,37961,12984,11794,12931,11083,22120,55593,31408,56634,28138,32599,26776,30986,6189,38942,16127,51242,26346,14902,6294,32587,5161,56582,30700,55815,28925,12872,20674,26126,14893,51971,31670,52231,29162,18706,19138,24580,1325,38982,32641,52507,30411,30030,24029,322,22120,38986,28323,50457,16865,26717,28882,32004,1069,64322,27811,34061,16824,26717,27602,31007,7463,37135,5320,35145,8888,30032,22997,11015,7964,54302,16039,35156,27857,28239,22231,28168,6246,53007,16874,61750,18114,14356,2771,14351,4907,35337,32676,40461,14076,10584,22994,8777,31841,38986,16098,49213,28396,13401,24034,32531,19304,52298,27307,52229,26572,28228,6332,11083,8808,52227,31662,61255,27895,14920,6283,25902,6973,65092,28845,34589,28127,29256,21975,25641,4644,39008,16098,64841,30449,32592,27800,29454,9532,49667,16039,35156,13225,14902,6294,24395,545,56582,19180,53516,16876,30291,19161,11096,22133,55081,29102,39451,25782,30030,27355,18732,17504,34910,16110,40283,11944,10268,3458,322,22120,38986,30614,50461,11517,30060,20933,25119,6183,34122,19426,49197,12533,29714,20435,15171,22116,35419,16110,34137,15032,4117,6294,11083,7964,54302,12455,49210,26594,10012,28054,25135,17445,54852,27047,38977,8884,8977,5251,15179,22116,35931,5355,35145,8888,29544,21698,9486,4892,52242,24474,49157,27903,32593,19672,13899,13160,52484,12463,52285,30432,23396,20954,25868,4901,52228,21228,53004,2284,14876,6294,25151,6716,38415,32640,49674,28927,28499,23768,31039,6185,51225,27811,50956,31739,10012,2454,11105,22120,60490,27307,52229,22710,29813,24018,11027,22133,45663,16098,35145,27596,30280,5843,27195,4922,52228,9186,59977,28921,4184,6332,11083,6760,56069,29347,60745,29181,14943,6283,25890,571,54795,31649,51015,30205,17684,24809,20273,21600,35343,11686,52234,12539,31578,4050,16143,17708,55566,14304,41792,8888,14876,24050,26648,8806,49167,16054,35156,26620,31055,24034,32531,6504,38936,16797,62257,10972,14366,12959,11083,22120,56622,32177,61255,27895,14920,6283,25902,6973,65092,28845,34589,28127,29256,21975,11105,22120,64586,28071,34570,26572,28228,20965,28177,19304,33098,16072,35145,18104,26969,5845,28223,560,55081,29102,39451,16312,22812,21721,30980,22651,51724,29613,60987,10970,11789,5254,14923,18044,38982,11251,32857,8850,14876,31894,30734,22571,55098,30641,49181,27895,10012,28054,25135,17445,54852,27047,39233,8884,10253,6298,10075,17512,37214,16072,35145,18104,26969,5845,25144,4914,34122,19426,49197,12533,29714,20435,14915,22116,33095,13047,39241,8884,11789,12959,11083,22120,56622,32177,64839,31485,16968,21751,27650,6950,54799,16054,35156,27869,30537,27800,29454,11836,54315,31147,50183,27901,13384,24058,32525,22082,38986,23266,55820,11515,31614,21461,30988,807,56324,27798,50952,29419,26717,22227,29192,19304,35146,16072,35145,18104,26969,5845,16945,4646,49167,9186,40009,8850,14876,31894,30734,22571,55610,31664,56583,16312,22812,19159,271,22082,38986,29410,51718,28409,22556,22239,18703,6204,34122,22498,55815,25580,31058,5843,28165,24127,59189,17562,33069,26554,32270,23429,26638,4218,56158,32241,51803,26282,32261,6798,8770,22082,38986,23778,50944,16636,29768,27544,28930,22061,38999,23191,50176,11434,32594,4289,10075,16744,37983,12002,35141,13994,4117,6294,11083,7946,56324,27264,34567,28104,29519,20930,25860,19304,60746,30598,39684,27830,27993,2462,11079,20069,37981,12002,40007,8884,11025,4484,11105,22120,64074,28843,60173,27884,22546,23511,27648,6458,54815,23974,50438,28919,14863,6283,25640,6436,35608,30956,50715,20725,22651,2718,10077,17512,37980,11746,32861,8850,14876,31382,25858,13356,54814,23788,51720,26099,30030,22211,24335,5946,51972,32690,52251,25078,14917,6283,9563,31866,38986,16098,49195,26358,28286,5848,28223,560,34122,16866,61750,18114,14356,23763,8777,22632,38980,27553,56091,27901,20808,16851,17733,6953,38927,12524,63049,23239,24166,6814,26894,24426,39008,16098,60233,27889,22616,22210,19781,6183,38942,16127,50988,28653,23570,22233,9503,6415,53278,29603,50731,26356,14902,6294,18763,6177,64014,28854,64839,31485,18760,17119,11022,22133,34907,16072,35145,16568,29781,31442,25887,8806,49167,23990,50438,28919,14863,6283,32296,1082,54799,19126,52225,26613,23314,23509,25870,13372,53528,30373,41757,8888,14876,20980,28421,522,38404,27523,50717,30682,28232,22233,25640,6436,38936,16127,51215,29172,4185,6294,11083,7946,56324,27264,34567,19394,32338,16595,13899,17256,39008,16098,60233,27889,22616,22210,23365,1065,54799,16054,35156,25563,32334,6332,11083,5992,56334,30608,55577,26612,22548,22239,18703,6204,45635,16098,35145,25580,30302,5843,25858,4923,52248,27370,52225,26613,29552,19653,25870,1069,38425,31625,51984,27889,26968,6298,25129,4646,52264,14252,41827,8888,14876,20980,28421,522,38404,29071,55836,16637,28233,22466,14853,6667,56067,9385,50730,27894,31065,4290,32269,5414,53534,28845,32833,8850,14876,6294,11083,8040,38924,28075,49189,30443,29785,22239,11020,7740,54799,27874,56588,28909,14930,22227,271,22120,38986,16098,35145,28392,25437,22501,25886,24108,59189,17562,33069,25786,32265,23767,28429,4733,39438,14315,35171,8888,14876,6294,25163,14907,51971,31670,49159,26102,10012,19606,32281,31789,38986,16098,35145,8888,29566,23768,32553,22566,56638,27322,37961,23992,16995,31980,10563,4653,36435,9979,37200,15009,11269,23251,8777,22082,38986,16098,35145,16568,29781,31442,25887,8806,49167,23990,50438,28919,14863,6283,25640,6436,35608,30956,50715,20725,22651,2718,15966,22116,34904,13042,37193,11176,4150,6294,11083,22120,38986,29102,51210,8948,30047,22232,11105,22120,38986,16098,51785,27895,14930,6283,30782,1069,54819,27570,64029,28925,29514,24021,16965,1574,52255,31616,51214,14582,30079,22232,26638,24124,52492,32172,49181,27895,29460,18648,32542,31841,38986,16098,35145,8888,14876,6294,27906,8040,51204,27319,64583,26603,21326,18648,32542,3868,56602,9186,35156,27869,30537,28056,28184,16186,51204,27319,53309,26600,20754,16851,25609,1065,38926,30390,50956,8850,14876,6294,11083,22120,38986,16098,35145,27576,14938,22239,32283,22588,56609,23995,52486,8957,10050,32150,32261,22565,56609,23995,52486,11517,29801,22237,31748,22054,53278,28839,35171,8888,14876,6294,11083,22120,38986,16098,35145,8888,31004,19139,28185,550,56609,16059,35156,27889,28492,5826,28192,13617,56325,5287,35145,8888,14876,6294,11083,22120,38986,16098,35145,8888,29566,23768,32553,22566,56638,27322,37961,23992,16995,31980,10563,4653,37192,12514,35143,30715,26702,22227,16415,3885,63044,29603,35084,11446,17692,24809,20273,21600,55823,14304,35171,8888,14876,6294,11083,22120,38986,16098,35145,8888,22556,22239,18703,6204,60484,26279,59933,28407,26707,6277,11094,779,51736,28839,64797,26608,32593,31128,26632,6189,64030,30640,49422,2284,14876,6294,11083,22120,38986,16098,35145,8888,14876,6294,30722,7940,52249,28839,50944,8959,14849,22992,30727,31789,38986,16098,35145,8888,14876,6294,11083,22120,38986,16098,50698,27894,24070,19423,25608,6182,56079,14006,41792,8888,14876,6294,11083,22120,38986,16098,35145,8888,14876,22997,26375,5930,54025,32234,56092,26602,28242,24061,8722,22082,38986,16098,35145,8888,14876,6294,11083,22120,38986,28130,50689,22255,31571,19653,21571,11799,64560,15594,52495,12796,31839,3282,27919,20012,35342,10491,40463,14331,12127,24274,14863,20012,35598,11430,32843,8884,17763,25326,9007,4970,39438,16107,34631,25016,26697,24004,32517,4867,38419,32652,52228,11448,14866,26601,20787,24076,56648,15520,34112,30392,28494,4563,11105,22120,38986,16098,35145,8888,14876,6294,28235,4646,39008,16098,35145,8888,14876,6294,28235,4646,39008,16098,35145,8888,32540,23768,322,22120,38986,28839,32781,26514,32338,12988,25607,5931,38918,27556,51719,27628,29779,22934,28431,778,52254,28845,55617,28921,29785,5314,32587,545,56582,31638,56593,8884,32600,23493,28223,560,38982,32673,50437,25594,29023,12959,11083,22120,55046,32673,35077,25563,32334,1430,16971,1318,55582,32172,34572,26614,12875,26601,20787,24076,56904,32242,52573,26287,32350,6789,8770,22082,38986,24034,56072,11516,29551,24012,13899,9064,53550,11439,51015,30205,11028,6298,10075,18024,38982,9974,41792,8888,14876,23029,28441,13414,56075,31145,50715,27885,22872,21721,30980,22139,38999,27521,56091,27901,20040,24030,28166,13670,51723,5286,35145,8888,31615,23748,18757,5417,57089,29104,50972,22268,31566,19416,27163,4922,56068,16059,35156,11432,4104,6294,11083,5899,56344,23788,56070,26620,18766,17119,23310,3617,54287,9186,39241,8850,14876,31638,30986,22572,61744,31404,53516,16312,11804,6332,11083,13672,51723,12454,51257,26602,28242,1430,31563,1065,54799,5302,35145,8888,31560,21716,9486,6177,56601,27312,56641,26608,32593,20986,32536,6189,51727,12465,51242,26346,13903,31638,30986,24364,45664,16098,35145,28148,31583,6362,27176,4666,55081,28848,56076,16312,21276,19416,27167,5414,38415,31660,33054,24007,16484,4338,28233,4219,56844,31479,51792,26284,32260,23429,10591,24417,39008,16098,59977,28921,22872,19161,28165,22586,55081,28848,56076,25546,29528,19395,13899,9064,53550,12463,52231,10991,13836,3734,322,22120,38986,32641,52507,28123,29774,19155,23365,1065,54799,16054,35156,25563,32334,12988,11083,22120,55046,32673,35077,25563,32334,19685,25625,4899,34122,22498,55815,25580,31058,5843,28165,24127,59189,17562,33069,26554,31759,24016,26718,5498,56414,31483,52493,8363,13077,6332,11083,13672,51723,19878,56093,27127,13401,22517,25607,22074,38999,27521,56091,27901,20040,24030,28166,9574,51742,30125,41740,8888,14876,23029,28441,539,55064,31657,64839,27632,29023,24024,30744,19304,35146,16072,35145,16824,26717,27602,31007,7463,38415,27798,50952,29419,26717,22227,29192,19304,34890,10988,41820,8888,14876,23029,28441,539,55064,31657,63815,28921,29785,6338,11094,5899,56344,16072,35145,30392,30813,24026,25157,1318,51727,14006,49437,28669,22105,19423,28191,4902,51992,19948,56093,27127,26969,6298,27176,4666,52281,29104,52226,2225,14876,6294,31498,6712,64275,27811,57613,29943,26713,31646,30986,23084,64330,27811,64013,28908,29011,4563,353,22120,38986,29102,51210,8948,29544,21698,11022,22133,54819,27313,50952,26619,29714,20435,21571,11799,64560,15594,39692,12796,32607,2773,27149,16684,35854,11686,51213,11194,4117,6294,11083,7964,54302,12455,52285,30432,10012,19606,32514,4900,56638,27322,35171,8888,19996,19679,28167,12390,54789,16054,35156,27869,30537,32408,25860,22588,55085,30390,50184,28122,32336,6332,11083,8808,52227,31662,64839,31485,18760,17119,11022,22133,35163,16072,35145,22200,28245,24026,24389,3629,64286,29357,56070,8875,14849,22517,25607,17722,56900,29104,64260,16607,10260,2178,11079,17018,37978,11490,40029,2225,14876,6294,25151,6716,38415,29074,49178,27628,29779,1430,24139,7948,35335,28908,56844,12976,14864,2695,11079,23160,32842,5355,35145,8888,29544,21698,9486,7963,56592,9186,64585,27612,10321,22168,31758,18272,38982,10223,34140,12984,14864,3207,322,22120,38986,30614,50461,11517,32616,19662,18995,7972,54797,31663,56583,16312,24348,19928,9478,4892,52242,24474,49157,27903,32593,19672,18245,4141,45598,16098,35145,27596,30280,5843,27177,7467,51725,27565,52487,28876,29789,18629,30986,6189,49417,9186,38985,8850,14876,27798,32514,4900,57924,28811,52237,8928,14849,12931,11083,22120,53566,29366,34572,25544,32590,19672,13899,13672,51723,5286,35171,8888,30236,23513,26378,12904,51983,16033,35156,27857,28239,22231,28168,6246,53007,16874,61750,18114,14356,2771,14351,4907,35337,32676,40461,14076,10584,22994,8777,31841,38986,16098,52269,25067,19986,16595,11039,22133,56590,32177,52285,30432,29980,6340,21556,11280,36910,15584,41792,8888,14876,24050,26648,12390,54789,16054,35156,27869,30537,32408,25860,22588,55085,30390,50184,8850,14876,31894,30734,22571,56638,27322,49210,26594,10012,406,11105,22120,64586,28071,34570,26572,28228,22517,25607,17722,34122,24034,50438,28919,13327,19152,26116,12570,36904,10995,34137,13240,10760,6298,15962,24440,39008,16098,60745,29181,13407,22502,25112,7996,54789,9186,64585,27612,10321,22168,31758,18016,38982,11507,35141,11944,10268,4482,11105,22120,64586,28071,34570,27595,32582,1430,24139,7948,35335,28908,56844,13232,14864,411,10078,18024,38982,10995,41792,8888,14876,24050,26648,8806,49167,18102,50472,26097,30546,22227,11039,22133,54831,29623,64839,31485,16968,21751,27650,6950,54799,12470,52261,30462,14902,6294,20299,1325,38409,32640,49674,28927,28499,23768,31039,6185,51225,27811,50956,31739,10012,2454,11105,22120,64586,28071,34570,19394,32338,16595,13899,17256,39008,16098,60745,29181,13407,23014,28185,550,34122,24034,56072,2300,14902,6294,26443,5415,54283,24546,56586,28145,22610,22210,13899,16232,51972,32694,51719,11517,32594,4289,21556,11280,36910,31712,52571,25003,31065,24196,26719,5499,56152,31472,52560,8352,13077,6332,11083,14184,52233,29099,60167,27884,18706,17119,11022,22133,64575,29611,34651,26614,12875,5254,15435,23162,34890,16110,40795,2225,14876,6294,26666,7996,54789,27264,34567,28104,29519,20930,25860,19304,60746,30598,39684,27830,27993,2462,11079,20069,37982,12002,40007,8884,11025,4485,11105,22120,63818,27297,50688,16630,29768,31384,26634,4387,55064,28855,59917,28407,26707,6277,11094,779,51736,28839,64797,26608,32593,31128,26632,6189,45598,16098,35145,25049,29512,22233,32553,22566,56638,27322,37961,23992,16995,31980,10563,17710,56591,11684,39951,12797,10329,3024,8777,22082,38986,24546,56586,28145,22610,22210,19781,6183,38942,16127,50988,28653,23570,22233,9503,6415,53278,29603,50731,26356,14902,6294,19019,555,55043,23724,50973,22198,25177,27586,28930,22061,38999,5371,35145,8888,31101,20930,25860,522,38404,31638,56593,28123,30032,3012,13899,13672,54277,27821,34650,28926,30547,32740,9001,17274,37983,11490,40028,8884,12046,4483,11105,22120,63818,27297,50688,16630,29768,31128,32542,13351,52255,29110,59911,28407,26707,1430,27979,6697,56601,16072,35145,17336,28255,22495,18693,6204,57924,28811,52237,8928,14849,12931,11083,22120,56107,30646,50950,30426,13394,23014,28185,550,34122,24034,56072,2300,14876,6294,28426,9260,51203,29362,33036,25049,29512,22233,32553,24358,39008,16098,56649,24825,32592,20888,30725,1069,36894,30390,50188,20221,26965,24002,28165,1338,64068,27319,50717,29174,14864,23543,25119,6183,52264,14252,41827,8888,14876,23543,25119,6183,52264,12460,50724,29165,22617,19651,25631,18214,54313,32171,37634,28123,29778,23507,8991,814,56068,30646,50950,11184,14902,6294,11083,22120,51274,32686,64016,30711,32338,26526,21300,12818,39490,11172,51213,25852,12120,23762,8777,31841,38986,16098,35145,8888,31583,21722,27145,7467,37186,16072,35145,26552,32338,12959,25870,31788,54368,32173,50440,25784,29769,19669,25602,22054,56331,20134,56072,26105,31566,20678,31555,1065,54799,12982,56649,30449,32592,24034,32531,22116,56590,32177,52285,30432,4117,6294,11083,6436,55561,16046,51242,26346,10012,29078,30725,5948,56068,12455,52231,10991,17763,25326,9007,4202,56154,31478,52574,26362,14351,4511,11105,22120,64330,27811,34573,27595,32582,1430,24139,7948,35335,28908,56844,13232,14864,5254,15179,22116,32862,5355,35145,8888,31615,23748,18757,5417,57089,29104,50972,16892,30291,19161,11096,22133,52521,27824,50956,22252,32596,24027,18501,1065,45582,16098,35145,25563,32334,31384,26634,4387,55064,28855,64781,25578,26962,22982,28185,5414,38931,16127,34649,2220,14876,6294,27176,4666,64068,27821,52237,20970,24661,26835,29442,6701,34122,12002,35171,8888,22812,19159,9487,16146,56324,26279,37961,14008,14902,6294,18507,1065,38414,32658,52251,30454,10012,18582,30986,6189,45598,16098,35145,25580,30302,5843,25858,4923,52248,27370,52225,26613,29552,19653,25870,1069,38425,32641,52507,12011,22812,19159,8719,31810,38986,16098,50693,25595,14928,23029,28441,6411,54808,27815,37961,19384,26962,22978,26629,22573,56580,14005,63030,22720,12920,23956,27992,4142,56415,32251,52573,26272,30991,6786,8770,22082,38986,24034,56072,16892,26707,24024,9497,6411,54808,27815,51259,27644,26953,1430,24139,7948,38407,31660,33054,11944,11292,12959,11083,22120,55593,31408,50730,27882,26713,26776,30986,6189,38942,16127,51242,26346,4150,6294,11083,6436,55561,16046,51242,26346,28271,22468,28160,19304,61770,28076,51229,25078,13401,24024,8988,10519,57906,13958,52299,25771,32602,23427,26713,4732,56403,31398,35674,11185,14902,6294,18507,1065,60174,27830,49670,11517,30079,22490,11033,22133,52521,27824,50956,22252,32596,24027,22597,1084,54021,5287,35145,8888,31615,23748,32568,6458,56577,19180,49153,27131,32594,19397,13899,18280,39008,16098,59977,28921,18776,19138,24580,22573,51774,28835,55578,28921,29785,16853,13899,18024,35908,5367,35145,8888,31615,23748,32568,6458,56577,20204,56072,27901,14920,6283,27176,4666,39008,16098,56649,24825,32592,20888,30725,1069,36894,30390,50188,20221,26965,24002,28165,1338,60228,27830,49670,29181,14864,23029,28441,539,55064,31657,41792,8850,14876,21654,26628,6697,60490,27307,52229,16312,21276,19416,27167,5414,38415,31660,33054,24007,16484,4338,28233,4730,56153,32167,53083,26361,32267,23682,28504,21545,37187,16072,35145,22200,28245,24026,24389,3629,38942,16127,49181,28396,20057,16595,287,22120,38986,30614,50461,11517,30074,19672,13899,13160,52484,12463,50735,30454,23826,19673,27139,13349,54277,5286,35145,8888,29544,21698,9486,4892,52242,30609,52243,16312,11036,12935,11083,22120,53566,29366,34572,26572,28228,22517,25607,17722,34122,24034,50438,28919,13327,19152,26116,12570,36904,10992,34137,12472,10760,6298,16217,24445,39008,16098,64841,30449,32592,26776,30724,545,55043,16044,35156,18125,30549,5764,28165,24127,37978,12258,34139,12984,14864,4494,11105,22120,60490,27307,52229,20918,24661,6355,11094,12829,54531,12528,52231,10991,13837,5526,16217,22116,37978,12258,32861,8850,14876,27798,32514,4900,60484,26279,61725,28377,32085,21976,25870,22076,38999,28807,50204,22198,25177,24770,26410,4385,54532,28839,34589,26580,28250,6332,11083,8808,52227,31662,60231,25081,32087,22468,25886,8748,55576,28076,51225,26602,31058,6351,11094,31865,38986,16098,49213,28396,13401,29164,28421,3629,34122,11234,35171,8888,19996,19679,28167,9830,51723,28839,35101,8869,31615,23748,353,22120,38986,29102,51210,8948,32632,23493,13899,16232,51972,32694,51719,11517,32594,4289,21556,11280,36910,31712,52571,25003,31065,24196,28426,4735,56414,31473,35592,11185,14902,6294,20299,1325,38409,31638,56593,16312,32284,19411,24328,3629,38942,27821,63049,23239,24166,6814,8777,22082,38986,23266,55820,11515,30074,19672,13899,13160,52484,12463,50735,30454,23826,19673,27139,31781,38986,16098,52269,25067,19986,16595,22559,3105,38927,16127,41808,8888,14876,24050,26648,8806,49167,23990,50438,28919,14863,6283,25640,6436,35608,30956,50715,20725,22651,2462,15199,22116,35931,13042,38985,12973,4117,6294,11083,4876,56089,20204,55814,30449,30037,6360,11094,12829,54531,12528,52231,10991,13836,2454,10073,18024,38982,10992,41792,8888,14876,24050,26648,9574,49667,16039,35156,18125,30549,5764,28165,24127,37979,13282,40283,8884,13836,2454,8799,22082,38986,23266,55820,11515,32616,19662,18995,7972,54797,31663,56583,16312,24348,19928,9478,4892,52242,24474,49157,27903,32593,19672,18245,4141,45598,16098,35145,26588,31055,31384,26634,4387,55064,28855,64781,25578,26962,22982,28185,5414,38931,16127,41816,8888,14876,24050,26648,11366,54819,31654,35089,8869,4105,6294,11083,4876,56089,20204,56072,27901,14920,6283,27176,4666,45664,16098,35145,26602,28488,22212,28747,22082,38986,16098,35145,20920,28249,24050,26648,19304,56906,28855,56586,28145,12882,24005,27911,22116,56580,23221,55820,11259,14902,6294,11083,22120,38986,16098,60745,29181,13407,24034,32531,19304,54858,27047,52269,25067,14902,6294,11083,22120,56650,31404,35171,8888,26396,23996,28421,31810,45642,29102,51210,8948,31592,26836,30986,3898,34122,32226,52251,30457,20057,23255,32297,572,54789,16874,61750,18114,14356,3795,15375,16939,35849,30881,32843,8884,17763,25326,9007,4202,56669,31729,53083,15265,32522,24192,28252,4988,56670,15524,32832,28306,31059,21719,24395,5161,56633,27318,50944,29183,10012,23446,28185,553,60431,31907,56363,30444,29779,26526,21300,12818,39490,11175,39437,12539,10335,24274,13071,18220,36105,14304,35141,24007,16484,4338,28233,4221,56665,31728,53083,25854,31748,23943,10590,24417,45664,31395,64013,25085,29512,22233,24387,5161,55610,27824,34064,23992,16995,31980,10563,17198,33036,10919,39439,13473,12122,464,26893,16942,36620,11431,32843,2225,32349,27858,27652,6703,36879,32662,63755,28921,25422,6298,21556,11280,36910,30944,51806,25003,32270,399,28253,4734,56157,32246,51805,8446,13845,26518,21300,12818,39490,31396,39437,12796,11359,3541,15698,16940,55566,10150,39949,26364,11269,3029,15624,16497,35081,31654,53005,25596,10584,3727,15375,16939,55822,11686,39693,13473,10584,210,14351,5164,56846,11686,39946,13473,11608,3285,14351,16497,32782,11686,40461,14075,13086,6298,31007,4925,38982,27556,51719,27628,29779,20126,322,22120,38986,32658,56091,20961,28249,20930,27653,22587,54831,31907,52229,8956,14849,12992,25870,24364,45664,31395,64013,27636,32600,4292,27199,9770,51723,26544,35141,24007,16484,4338,27977,4732,56331,31483,52572,15356,32522,23682,28508,4720,56411,10225,52319,26284,32267,23684,26637,5499,39519,13035,40009,8884,10767,6298,14426,22116,52492,32172,49181,27895,27668,12959,11083,22120,62504,23949,63010,17354,23922,6387,11094,31806,54799,14246,41827,26361,22616,19651,25631,24102,55614,20128,56072,31722,14864,26601,20787,24076,56648,31476,51806,25004,30984,464,27997,4720,56147,15603,34112,23992,16995,31980,10563,17453,35849,30886,38925,13308,10584,3285,15698,4140,55822,31910,39437,12540,31832,4050,14600,17708,36435,11169,53005,15100,11096,22994,14351,16497,36361,10662,40202,14075,31839,3727,15375,17196,35337,30886,36877,15100,13086,6298,32269,5414,53534,28845,32833,8850,14876,23702,23300,1065,49432,14314,35171,8888,26908,22494,24348,5927,52249,16874,61750,18114,14356,3795,15375,16939,35849,30881,32843,8884,17763,25326,9007,4202,56153,31399,52570,25005,30991,23684,28504,20346,56412,31392,52574,24992,32271,23681,12810,4734,56414,31395,52560,26285,9048,23424,26717,4731,56075,31479,35674,11953,28188,19908,8718,4930,56324,5355,50531,25079,30301,19350,27167,828,59417,27811,35080,8869,32349,26834,30986,4393,55576,30386,64833,24825,31596,19140,10002,10600,57397,23192,35649,13565,11608,3285,16136,4139,36435,11172,36877,12795,8792,2773,14351,16939,37192,16110,63030,22720,12920,23956,26718,4731,56415,31479,51802,25005,32265,23430,28504,20265,56156,31476,51806,25004,32264,23760,26712,20093,33033,9972,35679,11185,4150,22490,27144,22052,52492,32172,49181,27895,20252,21720,27140,14124,54278,14314,35171,8888,29468,27589,30984,1569,64542,28071,56093,31735,32345,1430,32587,826,45583,16098,35145,25841,31516,19650,26634,16163,51204,27319,50730,27894,28188,24030,11013,553,55582,30113,50976,30696,22856,22233,12549,7948,56089,28845,52231,30459,13076,23958,28421,22082,38986,30690,35087,25589,28498,21719,26409,5415,64769,31404,50730,27894,28188,24030,11013,5925,52484,29347,50475,25079,24407,23768,25640,6182,64592,28075,50698,27894,31065,4290,11074,6189,45582,16098,35145,25841,27164,19159,29209,4891,51972,23975,50950,8950,29256,22227,31563,1065,49432,31633,55815,16893,29779,728,25135,5435,54789,31660,56586,11184,32540,23768,11105,22120,53578,16036,50692,29165,22873,22233,11013,7740,54799,29666,56326,26603,30079,22232,20305,1313,55049,28844,51724,10988,14869,22227,271,22120,38986,30891,49225,17387,28255,22979,26375,13361,55046,30113,50944,11007,14869,22231,11023,6438,38942,32687,56327,28409,30334,23513,17152,6701,38926,30390,50956,8850,14876,6294,11083,1640,55561,29358,53057,28913,20313,23256,25607,24363,39008,16098,52297,26358,14902,6294,25163,22062,56121,31664,50956,30687,14933,20674,25870,9576,51721,31655,60935,27629,24070,19411,31007,3879,37186,31714,52487,26514,32338,12988,28426,9516,56079,30646,50950,22192,30813,23014,31001,23089,59210,18077,60723,8368,10329,3024,16142,5166,56844,9892,40463,12541,31834,464,13069,24426,45635,31395,60173,30445,30024,4312,27199,9770,51723,26544,35141,24007,16484,4338,28233,4731,56402,31395,52560,26287,8974,23936,28510,5501,56414,32164,51807,8362,13845,26518,21300,12818,39490,11172,51213,12796,11608,210,27151,4139,36435,11430,53005,14331,11608,3282,27151,17708,36105,10491,51213,25852,12127,2773,14351,20012,35598,10913,39946,13473,11608,210,14607,16497,35849,11686,51981,15356,10847,3026,15880,16497,35084,11687,53007,11194,14864,19920,26629,7996,54789,14314,35171,8888,20252,21720,27140,14124,54278,14314,52323,26358,4117,22972,28431,4891,52233,29099,33031,25548,18782,19667,25119,4390,37913,16866,61750,18114,14356,2771,28173,17710,55820,11684,40784,14334,10585,3539,14606,20270,55820,30884,51724,12798,11865,4500,322,4649,64526,29104,52505,30199,12882,23010,22537,557,53534,31148,34074,23992,16995,31980,10563,17709,56844,10491,39692,26620,10584,23250,14351,24426,38982,16825,61750,18114,14356,3283,14351,17452,36435,11428,40461,14075,32344,3727,28242,17454,35598,11942,40461,12795,31576,2773,27986,24426,38982,16797,62257,10972,31774,23427,28429,4732,56153,32246,51807,26283,32260,466,27997,5501,56332,31477,35665,11953,17692,24809,20273,21600,32780,11686,36877,15100,11269,4048,26895,17708,35337,31654,53002,14331,10335,4500,11079,10519,57906,13958,52299,26282,30981,23763,28429,20349,56924,31473,52491,25003,32264,23681,28426,21626,50499,16110,56362,28906,29785,27842,28163,4901,55588,31663,35141,30718,31058,20930,25860,96,45635,16098,35145,29433,30284,27855,28163,4901,52802,5355,50956,11260,4150,23767,22543,5421,53534,28845,64833,24825,32623,19650,25858,1327,38982,16797,62257,10972,32542,23936,27999,4910,56922,30965,52316,15358,8970,390,28253,4989,56664,30966,53082,25775,31838,23941,12895,4222,56840,30971,53083,8363,13077,22972,28431,6428,57101,31662,64833,24825,32623,19650,25858,1327,38982,16797,62257,10972,32542,23427,26713,4732,56409,31477,52491,25003,8968,24192,28425,4721,56408,10225,36959,25853,32264,23511,26712,20348,56915,31399,52495,26282,8975,24192,28499,4735,56328,10225,35599,11953,17692,24809,20273,21600,56588,30886,39693,12796,12127,3727,15375,20012,35342,10491,39693,25852,12127,2514,14344,4140,36105,11686,39946,13473,31839,466,14344,16939,36435,11681,39946,12796,11871,210,15375,5164,35598,10491,39181,15356,11871,3727,16136,17708,36110,10150,40202,12540,31832,210,14863,24426,38982,20865,61223,17873,18706,19138,27150,4901,62744,31405,34060,25784,29769,19669,25602,24102,55612,27566,32780,8850,14876,31638,17700,16142,38445,27281,52251,28665,26713,22523,28175,19304,61002,29347,52252,8850,14876,20886,11021,5918,52486,16039,49437,27901,14902,6294,11083,22120,60234,31403,60684,29169,30284,16855,27173,4901,60484,26279,35101,8869,17763,25326,9007,4970,56156,31478,51792,26282,32271,23427,28505,4731,33112,31732,51802,26285,30991,6786,322,22120,38986,16098,35145,27595,32600,19427,30990,5926,56583,19180,53516,8940,14849,26601,20787,24076,56904,31476,52574,26272,32261,23438,28429,4650,56147,32241,35676,2225,14876,6294,26382,4923,39008,16098,35145,8888,18716,23775,20238,1313,54298,26531,51239,26613,19986,16595,11039,22133,55078,32673,63749,25588,32581,5828,25135,1595,55558,20667,50184,2301,14876,6294,11083,22120,53561,31654,55868,28925,31570,24027,24389,3629,38942,16127,63030,22720,12920,24212,10589,22113,38468,21218,51718,28409,30316,16855,30990,14438,54539,5287,35145,8888,29785,13010,25870,24364,45664,31395,64013,25085,29512,22233,24387,5161,56633,27318,50944,29183,14864,26601,20787,24076,56904,30960,52239,26541,31754,24279,28252,20270,33116,10226,53087,25854,32516,24196,28248,4220,56922,30965,53084,8363,13077,22972,28431,6683,56323,27815,64833,24825,32623,19650,25858,1327,38982,16797,62257,10972,32542,24197,12813,4990,56415,31479,52574,26361,14351,5279,15435,23160,35146,12017,35141,12969,13836,24214,25886,555,55043,13996,32799,8850,14876,31638,17700,16142,38445,22423,51770,28409,14937,6283,11037,22119,34907,5362,35145,8888,31829,20886,24088,14593,56602,16044,49437,27901,14902,6294,11083,22120,62794,30627,64519,20945,31583,24026,22597,5931,56582,9186,59977,19671,21370,5873,16958,5403,54283,5287,35145,8888,29785,13010,25870,24364,45664,31395,64781,26103,30299,4307,27199,9514,52239,30646,52743,12011,17692,24809,20273,21600,36111,11174,40202,12796,10584,210,15698,18221,36622,11425,39437,14075,30808,4050,16136,4652,37192,16110,63030,22720,12920,23956,28505,4721,56411,31475,52488,15275,30986,23684,26706,20350,56328,31395,52570,25000,8974,23424,28506,5503,56408,32241,52573,26362,30987,23682,12815,5502,56411,31396,52571,26281,30991,6788,10050,13672,63013,22404,34606,25551,32584,21956,30986,13091,55556,29344,52492,8884,28506,23512,25119,6183,52802,5355,35145,8888,21887,32504,19490,8550,52235,27815,51204,27114,29817,23255,28167,22060,38999,5300,35145,8888,31595,24002,26137,1065,38401,30612,49178,28410,14937,6283,285,6189,37134,5320,52488,22268,32083,21713,8974,5916,60168,27303,49181,26102,13903,26518,21300,12818,39490,10916,40461,14332,32344,2514,16136,20268,35593,9894,39693,13473,11353,4050,16136,17451,56846,11174,51213,12796,12127,4500,11079,10519,57906,13958,53067,26283,32260,23681,28511,4649,33113,31476,52574,26362,32264,23760,28504,5488,33112,31476,52568,26361,30981,23687,28429,4720,33115,31476,52573,26287,32265,23762,26714,4732,56147,31473,52561,15274,32266,23764,26706,4730,56153,15607,34112,16824,21619,29168,9516,5912,52248,32171,52229,18411,31570,21716,28430,22116,52492,32172,49181,27895,27668,12959,11083,22120,63273,22668,60960,21174,26717,20930,26376,1325,54831,31907,52229,8956,14849,12992,11083,22120,56835,28898,56582,29880,31516,23768,23371,1065,53534,29345,59916,27895,31560,22239,30990,616,56578,5292,35145,8888,14876,6294,27195,570,56067,31662,50730,30454,29533,24024,12569,6667,55567,24496,50437,27355,30293,19154,25870,24416,39008,16098,52297,26358,32566,23768,322,5954,56334,31625,51984,27889,12888,23010,22537,557,53534,31148,34074,23992,16995,31980,10563,17453,33038,12198,38925,25596,10584,3727,14350,4142,36435,31396,39437,25851,11864,24274,13071,17452,37192,16110,63030,22720,12920,24212,28431,5499,33036,32244,52571,15265,30986,23683,28430,5489,33115,31483,52492,26366,32270,389,27997,4985,56921,10148,52575,26366,30980,23684,26712,4732,56410,31477,52572,8363,13845,31638,17700,16142,38445,29078,52750,26612,32631,5327,27979,6205,52233,29099,33031,26614,20811,16851,322,22120,38986,20865,61223,17873,19986,24537,26380,15661,49423,9186,51017,30205,32631,13007,25870,24364,45664,5346,50693,25595,14928,23002,32536,5912,51736,19131,50440,31732,10012,2198,22881,6205,56633,26800,51712,11517,32628,19159,26911,5933,33310,29057,50951,25085,12872,19920,26629,7996,54789,14314,35171,8888,29468,6352,25605,22076,51971,29315,57088,11005,14869,20674,25870,1128,52239,27831,35079,27901,4184,6294,11083,6436,55561,16046,50695,8943,14849,19417,26693,6436,54025,14314,35171,8888,29468,6352,25605,22079,38983,32686,56602,25544,26702,27855,26378,3876,33866,12258,39751,30392,32596,6360,28185,828,54808,31714,52487,8850,14876,21654,26628,6697,56138,32682,35099,8869,30064,22997,23303,5924,56595,12464,49450,28921,31069,24002,281,22120,38986,29102,51210,8948,28500,6363,11094,7723,51723,32738,52487,25016,31572,708,25133,4646,53548,28080,59933,27632,32336,24313,26408,1321,36889,16797,62257,10972,31774,23507,28504,4650,56413,31482,52560,26366,14350,4511,11105,22120,54346,32173,50440,30392,30035,6362,11094,4911,64798,27571,55552,26600,20056,22489,8967,31841,38986,16098,50693,25595,14928,22982,31001,14129,53508,16047,35156,28140,30291,22934,28421,616,55045,9390,49199,26358,29562,19396,18463,7968,56326,16874,61750,18114,14356,3797,15375,16939,35849,30881,32843,2225,14876,6294,27906,6248,52229,30434,50204,28088,14926,22488,11039,5944,51736,24507,49159,8949,29256,22227,31051,557,51743,16044,50956,2300,14876,6294,25607,5931,38918,28835,50176,30457,26707,1430,25419,6973,65104,28843,61197,28913,28239,20725,26370,14636,64268,32686,55834,23984,16995,31980,10563,16686,32782,30886,51981,13820,10335,466,16136,24426,45635,16098,35145,28148,31583,6362,24580,22116,51742,32163,55810,16312,27164,22997,26375,4192,54815,27297,50688,10998,14869,24004,32287,6202,55626,30636,51204,28140,8270,24049,23327,5924,53523,31148,50984,28657,28253,22495,24325,5946,54025,14001,35136,27901,13144,6332,11083,8040,38924,29100,35101,27127,29980,6340,25605,22076,51742,32163,55810,30392,32596,6360,28185,828,54808,31714,52487,8850,14876,24214,30980,10600,38982,27830,49225,8950,27221,20951,30745,608,55576,30113,32794,26296,4179,6294,11083,22120,38986,29102,51210,8948,29789,1430,32587,22586,54827,29611,56584,28145,4178,6294,11083,22120,38986,30891,51273,8950,29789,6354,25866,14182,53508,32687,49181,27895,32373,1430,11094,5944,51736,24507,49159,11509,29821,21983,32522,6433,61700,16038,49437,27901,14902,6294,11083,22120,38986,16098,50505,29177,19016,19159,29209,5916,54278,16059,35156,28150,4171,6294,11083,22120,38986,16098,35145,25576,26702,31695,32260,550,34122,28386,56072,31722,30079,22211,11039,22115,45659,16098,35145,8888,14876,6294,11083,7739,52997,29078,55816,10988,17763,25326,9007,4970,56924,31733,52317,26540,9050,23936,28254,4219,56927,30967,52314,26541,14345,5279,21579,11799,64560,15594,40716,13820,11871,3285,27912,16497,36179,14304,34633,8886,31564,19140,18450,807,52228,12514,35143,24007,16484,4338,12873,5502,56414,31473,52568,25086,30985,23684,26712,4732,56409,15600,34112,30392,28494,4563,11105,22120,38986,16098,35145,8888,29468,6352,32536,553,51999,32658,51227,30392,32596,13016,11083,22120,38986,16098,35145,8888,14876,6294,32536,553,51999,32658,51227,20898,28249,24050,26648,10592,57397,23192,35649,14333,10591,3538,15887,17708,36105,11169,39181,12795,31576,3727,15624,16684,35849,10913,53005,12796,12127,23438,15698,24426,38474,16108,51225,28906,22853,19929,32517,31841,38986,16098,35145,8888,14876,6294,25870,31788,38986,16098,35145,8888,29785,13010,11083,22120,54799,5286,50956,11260,4150,12950,25607,5931,38918,27812,50184,16893,28499,19672,13899,18024,54368,32173,50440,28344,26973,32450,30747,1565,55566,31670,37961,30392,31061,4317,322,9282,54815,31633,57115,25073,13401,24036,28421,1069,52281,28327,52249,14588,30079,22232,26638,24124,52492,32172,49181,27895,13076,6332,11083,4200,55576,31663,50730,27885,14920,6283,30989,6953,64271,27565,56583,10680,11036,6332,11083,6760,56069,29347,51017,30199,10012,19606,26626,24099,45635,16098,35145,25841,29724,20441,9803,6760,51979,22710,55833,29389,31576,24002,13643,22133,38490,16119,49437,27901,14902,6294,11083,22120,54346,32173,50440,25016,26697,24004,32517,1550,38937,16127,51204,27372,31762,22490,30980,4192,55576,31663,50730,27885,14920,6297,25923,295,38218,29410,55816,17644,26956,18659,27151,4924,37187,16072,35145,8888,14876,32406,22587,5892,56584,12462,52285,30432,10012,26518,21300,12818,39490,11940,40716,14333,30980,3727,8777,22632,38980,29110,56602,27626,32082,23454,31006,4922,52228,28292,32794,8850,14876,6294,11083,4200,55576,31663,50730,27885,14920,6283,347,22120,38986,16098,35145,25588,28239,18672,24088,4664,52235,16039,35156,28150,4171,6294,11083,22120,38986,16072,35145,8888,14876,21654,26628,6697,51274,28843,65294,28409,10012,2198,11105,22120,38986,16098,55625,25595,30288,24222,25886,555,55043,13996,41792,8888,14876,6294,11083,22120,38986,30642,52743,25550,14928,6283,27142,7740,56900,29102,56070,20912,31560,19394,28216,58,56067,12455,52263,30188,26707,5853,28216,58,51727,27281,56584,19435,32584,25563,21556,11280,36910,30944,52571,25007,32270,385,28253,4734,56332,31482,35672,24497,23814,19667,27197,804,36879,14315,35171,8888,14876,6294,28235,4646,45635,16098,35145,8888,14876,20966,27653,5892,56584,12462,52285,30432,10012,26518,21300,12818,39490,10407,53007,15102,11098,23438,15698,24426,38474,16108,50717,30443,29518,24536,31555,6177,60941,29347,35136,11446,17692,24809,20273,21600,36435,31910,39946,11194,4150,6294,11083,22120,38986,29102,51210,8948,30297,18647,28184,22060,38999,32687,49437,25782,30032,19161,25923,295,38218,28130,56074,29425,18760,22978,32537,7964,56583,5355,35145,8888,14876,6294,25607,5931,38918,27818,35098,8869,31569,20674,27973,6436,51717,31722,51205,29160,32345,6038,14411,18046,37210,16072,35145,8888,14876,21654,26628,6697,54602,28843,35098,8869,31569,20674,27973,6436,51717,14058,50444,29433,32591,6354,11086,16507,34906,16107,35142,12974,4117,6294,11083,22120,38986,29102,51210,8948,32591,19413,13899,4968,55558,28082,52492,10168,11292,12934,11083,22120,38986,16098,50693,25595,14928,20930,28166,539,38936,16127,56602,27626,32082,24216,30980,5925,36894,16797,62257,10972,8990,133,13149,4732,32856,10145,37210,15022,32264,132,12808,20091,32860,31478,35675,11953,29212,19396,11079,7973,51972,16110,52250,29179,4117,6294,11083,22120,38986,30614,52228,25556,32606,5850,28223,560,34122,16866,61750,18114,14356,2771,27917,5166,35596,32250,40784,11194,13340,6296,25119,4901,52281,5296,35145,8888,14876,6294,11105,22120,38986,16098,49225,8958,21887,32504,19490,8550,52235,27815,51204,27114,29817,23255,28167,22060,53278,28839,35171,8888,14876,6294,11083,22120,61258,21167,51976,28413,19986,16595,11039,22133,52249,30640,52743,25782,26707,23003,8991,10519,57906,13958,52299,26621,9055,24192,28174,4219,33118,32244,36872,15278,32271,388,27997,4984,56668,10231,51807,15353,8970,23685,12889,4734,56072,10231,51807,15353,8970,23429,10590,23137,56138,27831,52251,30454,27258,5317,31563,6177,60941,29347,35141,27628,32593,19685,8729,22082,38986,16098,35145,26552,32338,6332,11083,4968,56324,31688,52487,2225,30262,23513,26378,4200,54815,27297,50688,8950,29521,20952,25094,4914,61759,14314,35171,8888,29468,6352,25605,22076,51971,22423,55590,27901,28188,24030,11013,4922,52510,28848,52297,26358,14902,6294,31563,5924,60179,27565,52487,23984,16995,31980,10563,17198,55566,30886,39949,26364,13086,12959,11083,22120,51971,22423,55590,27901,10012,24214,26378,4923,39008,16098,56649,26607,29785,31390,26634,12835,54531,16110,60178,25081,32087,22468,25886,8748,55576,28076,51225,26602,31058,6351,11094,2937,38982,12530,34138,18360,28498,5851,27182,7995,57092,27281,50448,11517,28525,23767,11079,6157,54559,23532,55816,27889,24155,19167,26638,7996,54789,20972,56604,2225,14876,6294,25607,5931,38918,28835,50176,16312,28188,24001,25870,15200,53515,19372,64032,25595,32592,6298,22544,5931,56582,9186,39241,12005,10780,2968,10073,13160,52484,12463,51244,27627,32082,19685,26386,22573,55592,30113,35141,27869,30537,32152,30730,6177,64525,27819,51724,27628,29779,29080,8709,22082,38986,32738,49159,11509,30079,18651,28167,4924,33294,29057,50951,25085,12872,19920,26629,7996,54789,14314,35171,8888,14876,6294,25163,22062,55044,16054,55808,19405,27251,22227,32587,4896,45572,16098,35145,8888,14876,6294,11083,5893,54787,27780,50184,11517,29546,20933,26377,22061,38999,32676,55813,2301,14876,6294,11083,22120,38986,16098,50479,25591,29512,24536,32553,22566,53564,30641,50443,8957,14849,19138,28190,22082,38986,16098,35145,8888,14876,32406,25607,553,54787,23717,50973,20918,24661,6355,11094,12829,54531,12528,52231,10991,13836,2198,11079,23160,34890,5355,35145,8888,14876,6294,11083,22120,53022,31655,33031,28382,31571,20930,27653,522,37892,26082,49210,26594,10012,28054,25135,17445,54852,27047,39233,8884,10761,6298,10075,17256,37210,12991,39241,12726,13833,32150,32261,22565,55599,30641,52743,30411,30277,5843,27177,7467,38982,28807,50204,18358,26973,22239,20236,1057,56079,30646,50950,19894,28233,12959,11083,22120,38986,16098,50956,2300,14876,6294,25870,24364,56672,31404,41827,28148,31583,6362,32269,5414,53534,28845,56137,29181,30024,24004,16958,24416,39008,16098,49225,8958,26965,29155,31524,6189,52298,31658,35079,26602,28488,22212,28235,4646,39008,16098,55625,25588,18757,19929,28421,10592,57397,23192,35649,14334,31576,24274,15887,4652,37192,5355,35145,8888,26965,29155,31524,6189,34122,27362,56347,2301,14876,6294,25607,5931,38918,28835,50176,16312,28188,24001,25870,12384,55046,27299,50944,16639,29768,6298,22544,3105,38927,16127,60732,28657,13326,24024,8988,23160,34890,16110,34137,12984,26389,6298,9563,17530,38982,28807,50204,18358,26973,22239,22540,3900,56582,23788,51720,12019,24348,19928,9478,5901,53529,31148,49197,26602,28255,22495,9477,6145,45635,16098,35145,27897,30549,31640,26116,6712,52239,31399,59987,27895,32594,19669,27971,6205,52233,29099,33031,2225,14876,6294,11083,22120,56835,30690,64538,19921,32588,6360,25375,6189,39008,16098,35145,8888,14876,6294,19787,6436,52235,28843,60174,27884,19474,19423,26882,4900,34122,30946,50440,26603,14902,6294,11083,22120,38986,16098,58441,27641,23634,22980,28166,8294,51971,31915,52229,16312,28188,19908,270,22120,38986,16098,35145,8888,14876,20418,28174,24102,55592,30113,49197,12021,24860,23028,24584,1071,52485,31404,56125,27897,27215,19159,25870,3883,34122,12002,40263,32685,14864,5766,15960,22116,54831,29623,60487,29177,29781,27601,29215,4900,59716,32695,34061,18360,28498,5851,27182,7995,57092,30598,52251,30459,30037,5848,32292,24380,39008,16098,35145,8888,14876,6294,32587,4927,54799,21482,49160,22518,18805,22997,28167,22116,60177,32673,52229,16312,22812,30457,16941,22543,61759,32145,50440,32765,14864,5766,10079,13160,52484,12463,51244,27627,32082,19685,26386,22573,55592,30113,35141,27869,30537,32152,30730,6177,64525,27819,51724,27628,29779,30616,32542,31841,38986,16098,35145,8888,29785,13010,11083,22120,54799,14246,52323,26358,4150,22490,27144,22052,52492,32172,49181,27895,28188,24537,26380,9005,36899,5355,35145,8888,31829,20886,24088,14593,56602,16044,49437,27901,30492,22239,26114,3105,60687,13963,35136,28413,32591,19094,30734,6460,56600,22423,32833,26552,32338,23996,28421,31810,53543,30636,49156,26594,28542,19650,25860,15206,52485,31665,56363,30444,29779,31623,25095,7467,64336,28845,52231,30459,30484,22239,26114,3105,60687,14219,61283,28148,28253,22239,18700,6204,62788,27565,52250,30682,28232,22233,18522,7972,54025,24056,50950,26614,28255,19102,30734,6460,56600,22423,41792,28379,26963,31443,32542,6460,38404,29071,55836,16637,28233,22466,14853,6667,56067,9385,50730,27894,31065,4290,25918,6436,56331,29315,32773,2194,26985,19155,25890,824,60190,27815,49183,26619,21266,18648,32542,4874,55565,9388,50730,27894,31065,4290,32269,5414,53534,28845,49217,29430,28233,6298,27148,4901,51770,32173,55820,26603,13144,6332,11083,8040,38924,29100,35101,29169,30333,20191,8974,22113,53278,28839,56137,30461,26697,6360,25870,31788,38986,16098,52992,27832,28243,24470,26122,9773,55064,31649,55834,26365,31516,23768,25163,1574,52255,21996,53260,28123,32600,1430,11094,14603,65060,22923,64839,26103,30299,29651,29198,616,56578,5292,35145,8888,14876,6294,25631,4399,56582,22423,32833,8850,14876,23958,28421,22082,38986,30690,35087,28150,14920,22993,28166,1048,56069,28071,52250,8956,29789,6354,25858,824,38430,31625,59920,26359,14937,1419,20043,806,38407,31625,59920,26359,13401,6389,25375,6189,39008,16098,35145,8888,32284,26841,30986,3898,37186,16072,35145,26552,32338,23996,28421,31841,54368,32173,50440,26040,31566,20946,25870,14140,57092,31662,37961,12984,18486,22211,28216,58,56067,12455,52283,26358,26713,19685,31502,4920,33294,29057,50951,25085,12872,19920,26629,7996,54789,31466,32797,8850,14876,20886,11021,1313,54315,26795,33036,8881,29256,22227,11105,22120,38986,16098,52809,25578,29528,22227,18975,4390,56582,9186,33097,28927,32349,24031,32517,6153,54285,16039,35138,30460,12316,2454,15199,22113,38991,10481,41817,8888,14876,6294,11083,4129,62794,30627,60935,25578,29528,22227,11039,6185,38926,32655,50944,28895,32349,24031,32517,9830,51723,28839,35101,27372,29785,30102,25098,12582,55576,30630,50956,11500,30062,22978,25119,6183,34122,31202,51227,27644,29785,31170,27653,4900,56650,31404,35171,8888,14876,6294,25163,22062,54316,32685,60957,25578,29528,22227,11039,6185,38926,29316,51206,17900,31566,20946,25870,22588,55610,31664,56583,30392,32596,6360,26413,5927,65310,32688,49165,27901,13384,22500,27167,7996,54789,9186,52809,25578,29528,22227,18975,4390,56582,31714,52487,8850,14876,6294,11083,8040,38924,26755,56584,28921,26747,23767,28162,550,55626,31404,59465,25582,31560,32708,27161,7980,54799,12470,51257,26602,28242,19606,28163,22054,52779,27299,56072,28895,32349,24031,32517,9318,52229,27299,50688,8950,14849,19153,28426,4897,52228,28803,50446,8957,29785,13010,11083,22120,54799,5286,50956,11260,4150,18627,27151,4924,51757,31395,52224,30454,12879,12959,31775,4909,36868,32640,49674,27612,13905,17302,27177,7467,51725,27565,52487,28876,29789,18629,30986,6189,49417,9186,39241,14006,26377,6298,9563,17276,45635,27062,52236,10998,31601,22239,16958,5403,54283,12967,53833,25035,30301,6355,11094,14603,65060,22923,64583,20945,31583,24026,10006,18024,36164,16110,50988,28653,24338,19415,25858,9519,49438,31662,60231,25081,13911,32150,32261,22565,55599,30641,52743,27612,32590,19669,25602,22566,52517,14262,55651,25588,18757,19929,28421,10592,57397,23192,35649,14333,10591,3538,15887,17708,36105,11169,32843,2225,29263,20441,25663,1321,36894,16797,62257,10972,32542,24019,12808,4222,56591,30961,35677,11953,17692,24809,20273,21600,36620,11681,39690,15356,11269,3795,15375,16939,35849,30881,40784,25596,9048,4050,14607,17708,35342,9979,40784,13565,11871,3026,15880,17195,36435,31399,32843,11448,14866,30709,19749,12545,60484,31149,50446,18941,25433,30360,26122,22061,38468,16866,61750,18114,14356,23251,15698,17451,33038,10491,39690,15356,11096,2514,27151,17708,36435,11687,53007,15009,13086,6298,31007,4925,67}
local __O={}
local __T=67297
for __I=1,#__B do
 local __V=__B[__I]
 local __L=__V%256
 local __H=(__V-__L)/256
 __O[#__O+1]=string.char(__A(__L,__K[((2*__I-2)%#__K)+1]))
 if 2*__I<=__T then
  __O[#__O+1]=string.char(__A(__H,__K[((2*__I-1)%#__K)+1]))
 end
end
loadstring(table.concat(__O))()

end
