--[[
    ╔════════════════════════════════════════════════════════════════════════╗
    ║                 XZ HUB OBFUSCATOR v3.0 [VM SHIELD]                     ║
    ║   Level 3: VM Shield Virtual Machine Architecture                      ║
    ║   Features: Rolling-Key Chunks | Encrypted PC | Anti-Dump Traps        ║
    ║   VM UUID: XZ-VM-AA276518-1e3b3e | Built: 2026-09-14T02:16:42.897Z      ║
    ╚════════════════════════════════════════════════════════════════════════╝
--]]
do
    -- [STAGE 0: Anti-Decompiler & Environment Tamper Watchdog]
    local _ENV_TRAP = false
    if getgenv and hookfunction then
        local _testHook = function() return true end
        if type(_testHook) ~= "function" then _ENV_TRAP = true end
    end

    -- [STAGE 1: Opaque Predicates & Control Flow Flattening Dispatcher]
    local _VM_STACK = table.create and table.create(128) or {}
    local _VM_REG = { 0x1F, 0x4B, 0x8C, 0xD2 }
    for _idx = 1, #_VM_REG do
        _VM_STACK[_idx] = bit32 and bit32.bxor(_VM_REG[_idx], 0xAA) or (_VM_REG[_idx] % 128)
    end

    -- [STAGE 2: Virtualized Bytecode Execution Stream]
    -- XZ HUB | protected build
local __A=bit32 and bit32.bxor or function(a,b)
 local r,p=0,1
 for _=1,8 do
  local x=a%2
  local y=b%2
  if x~=y then r=r+p end
  a=a-x
  b=b-y
  p=p+p
 end
 return r
end
local __K={33,135,157,195,8,137,94,32,192,67,216,33,102,202,252,165}
local __B={59469,41726,43364,32513,6552,7315,65107,51702,58446,45052,61224,20011,14243,20145,59912,64163,56697,60377,41083,84,11436,16571,59914,39059,64090,58263,58980,16701,25516,7349,47429,34294,59469,41726,43364,7479,18929,22264,41742,49296,60929,44705,60712,10801,25568,20148,43781,34192,47680,47086,57466,18224,8686,21921,57859,35215,44616,58263,58664,17201,12193,17400,47451,55176,59720,60922,61546,17706,12520,18676,64333,45013,42753,65276,42089,6250,10976,446,62471,34245,61269,44536,59432,16739,28909,481,41987,44952,42753,65279,42090,6250,10976,446,62468,34245,61269,44536,60200,16995,28909,481,41987,44952,42753,44273,59499,50,32438,3001,64599,51159,42795,44989,60007,19519,10464,32485,37433,61094,42795,44989,60007,19519,12768,4581,60012,51676,58446,45052,63784,4451,25546,18424,47113,64220,46620,64433,60712,10801,25568,19960,43273,51613,65281,46496,47917,84,25568,20148,43781,34192,47704,59126,33594,126,10976,446,46110,56513,62209,42741,43366,7468,26802,424,41987,44952,42753,46525,41269,3368,27320,5111,60012,34268,47690,43189,61477,3959,18930,504,47686,54721,63242,58263,60456,17456,25546,20216,59709,36499,55824,45216,64380,20023,28071,18875,47111,55252,36104,58301,46177,2871,18930,17656,44552,34294,57939,46825,59258,21630,8609,17588,43336,52115,58946,60393,41063,17748,10158,466,60012,34294,36139,44273,59499,50,13460,17597,39176,55193,61015,42750,46120,18302,11937,7101,44833,63112,62788,43755,60523,32630,7071,25986,59470,38858,46613,61608,47677,6251,30454,4845,65106,38344,57620,63144,47677,2428,18921,20148,43781,34192,62580,45560,59201,21806,4276,21437,41744,49311,47617,42173,58473,6715,9863,29356,47107,52362,57922,40117,53591,25604,25064,4846,65362,38601,45845,42410,45373,5738,28916,5100,65360,38601,45845,62377,61245,5483,28917,2298,49231,51856,58946,58353,64832,20522,9875,22442,43279,34201,42780,41722,60517,26468,14245,17547,48148,50837,44868,40130,54096,2074,29922,5565,65108,37326,45335,63144,48443,5226,30448,5310,65363,34767,44552,44951,60007,19519,4576,20397,44853,54158,58440,58360,43317,16697,9901,26338,48643,49327,61779,41204,41325,32513,6552,2460,64580,37320,45586,62885,48189,5229,30708,5352,65280,37065,42258,60084,58626,17201,12193,30200,45571,63112,62788,43755,60523,7550,9440,19641,61443,49339,54357,45560,57470,17725,7400,31111,36412,34772,46359,61608,60476,4714,30454,4845,65106,38344,57620,63144,47677,2428,18921,20148,43781,34192,62322,47100,55931,21051,10934,17595,63302,49884,59968,63992,60495,29482,12709,18606,44805,64212,57214,34759,43808,5480,29172,5869,63570,37064,44547,51636,58980,16701,25516,19848,45831,55193,42834,58272,59503,17715,1274,21949,44853,54158,58440,60408,54871,31238,27524,6138,65360,37021,45846,63227,48443,5226,25077,2289,42604,50835,60224,36797,60007,19519,12176,22713,47107,39132,55041,41713,60529,21292,4078,17079,42503,51628,65088,45560,33538,10878,11436,16571,59914,60095,49519,34004,46120,23422,25546,504,36422,54933,59458,42991,59201,18728,9908,7416,38214,64931,50043,57781,60477,4714,29172,6124,65362,50892,48656,64172,47933,18027,30452,5357,62291,37320,46356,64428,47165,4459,31473,4844,44112,50120,45591,62120,48447,4201,9716,5357,64086,36062,36109,58301,43304,18714,8371,21431,40194,51097,59465,43250,46120,32638,7071,25986,59470,36062,42765,58263,43304,10878,25568,504,48693,53661,62548,45512,43364,99,7327,31616,57890,37086,45892,63407,48442,5224,29685,4283,64351,37317,45589,63402,47161,5478,30449,5566,65364,37273,45586,63401,48443,5483,30707,5356,65363,37061,45849,63151,48187,5222,29426,5344,65363,37061,46659,63140,48188,5479,30706,5565,64261,37317,45892,62206,48234,5179,30451,4332,65119,37064,45586,63405,47165,5479,30373,5355,65361,37326,46612,63140,48234,5481,30374,4320,65375,37069,45590,63231,48443,5739,30713,5613,65364,37323,45843,63406,43837,3191,25546,504,35654,52114,62030,41203,58477,20027,5812,19882,63302,64220,57214,34759,43808,17771,29172,5100,64594,37064,58385,64172,45113,5226,29941,4332,62039,38089,57620,61865,60477,4970,30709,4844,65362,38601,45845,63144,45117,6251,29172,4845,62035,38856,48912,63144,45117,17003,31473,5613,62291,38857,57877,41129,45113,17770,8436,17385,44883,38600,45844,64172,48444,4971,29685,5356,62295,49353,46100,62632,47933,5482,31473,17389,64851,50121,48916,64172,48701,6251,31733,6381,63826,40393,45588,61608,60221,4971,31733,5100,58180,34256,42795,58301,53032,19519,8620,17081,35597,52114,62030,41203,58477,20027,25524,485,38201,65444,44901,62655,48688,5735,29938,5822,64851,38351,46658,62891,49005,4413,29942,5565,65365,38088,45079,63140,48176,5439,30374,5344,64341,37322,46656,62635,48235,5479,30374,4320,64848,37070,45895,63144,48189,5223,30452,4330,65360,37068,45848,62121,48190,5483,30373,5359,65374,37069,45586,63228,48177,5231,29429,4334,64342,37322,45588,63400,48188,5176,30710,4330,65104,37327,45591,63151,48447,5484,30707,4333,59473,35285,42795,58301,33576,126,25568,20107,42003,57496,58959,45055,60781,7550,14304,21674,58883,34294,42753,37821,64361,18730,12195,21181,42019,51101,57933,58361,43317,21034,9909,11252,59974,34268,62048,44265,59201,17716,14243,20381,43015,49296,42821,58272,59502,21298,28581,466,59974,61916,57422,45050,49773,22843,32480,25848,48904,35729,57962,32996,60775,3643,10898,18879,35090,52115,62805,45042,33572,126,25568,466,59974,63196,62030,42995,43387,99,18875,504,59974,34268,42753,45022,60001,53,25597,32391,36926,36280,45827,63145,48444,5435,30711,5613,65363,37327,45587,63227,47418,4413,29433,4577,64086,38297,46919,62382,47422,4207,29606,4541,64085,34761,43784,58263,43304,126,25568,29432,43283,49311,62546,65213,54824,30721,1946,1008,65106,37321,57877,62632,48188,5482,28917,5100,44115,38857,58385,64172,45113,4206,9968,18408,63830,37836,46609,42413,47672,5230,29424,2298,49226,34268,42753,58301,43304,21019,11442,426,59995,64163,56697,60377,48426,5482,30708,5309,65105,37321,45588,63406,48186,5432,29682,4283,64351,38341,46919,62379,47416,4152,29680,4590,64000,38344,46865,57848,33569,126,25568,11173,49179,34294,60203,41202,58729,18814,1971,21181,47122,56467,58180,65213,61224,19519,9907,19922,43273,51613,60929,37870,59002,17725,12467,20401,59905,34241,58951,45297,33645,20274,8867,436,47375,49335,52056,45300,60540,18736,9390,7416,44102,51613,57938,44951,60007,19519,10464,22717,41732,49554,59490,44531,60013,18730,11695,19922,43273,51613,57601,45293,58955,20016,8357,18604,41993,45046,59469,41726,43364,21816,8366,18604,41993,49884,62276,44504,57214,19519,9909,20464,42759,35993,42795,58301,58664,17201,12193,17656,48136,39132,44801,47849,60536,17969,9448,21949,44801,54162,42760,65184,54824,30721,1946,1008,64083,38600,48916,63144,47932,18027,31477,6637,58180,50396,58191,42173,64877,17721,13742,2288,59983,55187,57345,47096,60526,22064,27368,466,59974,55260,62276,45544,43366,20027,6326,16566,44811,44961,59716,51705,58626,17201,12193,29432,48643,52360,57423,37870,64873,54,25597,32391,36926,36280,45315,62968,49003,5991,30629,5355,64594,37829,45588,63406,48442,5484,30374,5344,65111,38089,45593,63486,48189,5479,25080,11249,42604,50835,60224,42429,59261,21565,11433,438,43797,49290,57970,47081,59233,21305,27368,466,59974,51676,58446,45052,65064,18732,9908,21662,43272,39132,57345,47096,59213,30248,12193,17581,38222,64931,50043,57781,47164,5226,9717,5100,63827,38345,57620,41640,47677,2428,18921,504,59974,50069,59649,47090,65064,18732,9908,21662,43272,53724,57929,58355,60538,21802,11698,17656,44552,34294,42753,44989,60007,19519,13280,22713,42250,49565,47617,47293,43266,126,25568,504,39238,53395,58191,44504,60265,17714,25508,485,34085,58290,49256,37043,64615,17456,11653,17337,44810,35224,42795,58301,43304,126,5088,21433,41746,51615,62532,44504,60265,17714,25508,485,34085,58290,49256,37811,64361,18730,12195,21181,42019,51101,57933,61433,43266,126,25568,504,35654,53641,52814,43507,60013,25898,8878,19898,44547,39132,50177,36306,49230,3609,13953,20140,42031,49302,62274,44504,60265,17714,28580,466,59974,34268,42753,38845,61031,19513,2213,22717,63302,59100,51566,35547,42831,20234,9383,17588,44845,35717,58991,42736,43266,126,16096,466,59974,54748,58946,45041,61216,20011,14243,20145,57864,45013,42753,58301,43304,126,12727,21937,35843,52105,44866,42702,64892,20023,12455,16520,41490,34256,62313,46057,60507,22060,8361,7101,39212,60339,59748,44286,60524,20598,15009,20148,44551,36053,42795,58301,60456,17456,18921,20413,49154,51702,58446,45052,61224,20011,14243,20145,59912,51856,58176,42702,64892,20023,12455,2288,60012,34268,60161,41202,58729,18814,9651,19889,35843,52105,42818,58272,60527,25898,13742,16526,48906,36249,55422,39365,41292,5500,30630,5357,65366,37018,45632,57774,40993,84,25568,19960,43273,51613,62721,41720,53100,20011,25507,485,44801,57480,61775,41675,64612,2107,7327,31616,57890,37342,45589,63150,48191,5484,30448,5310,65287,34767,44552,58263,43304,18814,25510,20150,59922,52436,57682,45044,53101,20011,25507,20409,59906,49294,58176,46811,60006,119,11188,20413,47174,53657,62804,58355,59245,10810,25568,504,42250,50335,42829,43250,43300,18744,9900,22941,47375,54920,47617,46013,59499,19506,10984,18347,42511,58265,59732,61438,55848,21563,10932,18102,39445,53661,44617,58263,43304,18814,25510,20150,59922,51924,42826,44540,43372,18744,9900,22941,47375,54920,42760,44009,59245,21118,14245,21421,59912,52121,36165,58301,43304,20274,8867,436,44820,49565,60526,58289,58987,21552,11685,428,59995,50828,60224,60401,60538,17471,13958,17078,59978,49327,62293,44532,64111,16654,11188,11249,59974,34268,57672,44477,64871,2174,9906,17849,41257,50396,58191,41149,59239,17706,14254,497,41490,52121,62721,47096,64381,48,11685,11196,59974,34268,59469,41726,43364,17722,11427,17596,41257,34256,58949,41705,46120,20606,8867,19892,44110,52105,62274,44276,41318,10871,25568,504,59974,34268,57939,46825,59258,26750,14260,29352,47107,52362,57922,35239,50779,25616,8357,17847,57859,51871,62287,44536,41084,84,25568,17656,44552,45013,42753,58301,61281,17534,8357,17847,34051,34199,59712,58361,61564,17710,9647,17904,48647,35997,47617,58272,54871,31238,27524,5626,65364,37067,45589,63228,43835,119,11188,20413,60012,34268,42753,58301,57384,56,15028,17576,44041,49620,62272,60924,58971,20011,1700,16566,42500,49561,42760,65184,54824,30721,1946,1008,65107,40137,48660,41640,47677,5995,31733,2298,48710,49300,42831,36062,53062,26391,4334,21687,44552,52153,58688,42737,43372,99,8868,16556,39240,53395,58191,44504,60265,17714,25508,20413,49154,34268,42753,58301,43304,17975,14304,20897,42243,36250,58949,41705,55590,21055,10932,19899,47363,52153,58688,42737,41068,7550,25597,32391,36926,36280,45571,63145,48177,5479,30369,5355,65361,34756,42760,44009,59245,25470,3471,26782,58401,50348,62291,41204,60516,25901,8878,19898,44547,39132,58113,47100,42857,16654,14258,17073,44810,57487,58959,45055,60781,17790,10158,466,59974,34268,42753,43709,43374,22826,9904,18359,44622,53661,43328,46812,59004,19991,9898,21947,42019,51101,57933,60153,46120,99,7327,31616,57890,37086,45589,63140,48177,5439,30451,5359,59486,34261,61269,44536,51752,28177,2694,3999,48935,51848,59752,42743,64875,19995,8609,17588,59906,34241,58949,41705,51238,21547,2735,19382,43267,57480,58959,45055,60781,17790,10158,466,59974,34268,42753,43709,43374,22826,9904,18359,44622,53661,43328,44233,61039,17714,9867,2209,63302,34241,55422,39365,41292,5244,30709,5610,65362,37018,45593,57772,43297,18474,11685,466,59974,34268,42753,58301,43304,19582,8367,19897,41286,34207,42780,44504,58493,27504,15013,20123,44802,49575,62272,60924,58972,18233,9900,17555,38687,34294,42753,58301,43304,126,25568,18680,59904,50839,62209,42741,43366,28445,1422,26257,40520,49811,60230,35064,61549,7550,10464,443,41987,44952,42753,58301,43304,126,11685,11196,59974,34268,59716,51705,59245,10810,12234,16567,39170,53657,61013,42227,41339,10871,12234,17079,42503,50140,59732,47102,58977,48,12195,16573,48904,60812,58708,60085,43266,126,10976,26027,47363,55176,65102,43000,46120,21630,14002,11197,59974,34268,57672,43197,61549,18748,10158,20123,41992,50841,61013,44530,64808,17718,25518,17587,43039,52117,50245,44530,60518,21565,11433,7094,41762,50831,59726,42739,64875,2422,9952,17846,60012,34268,60929,58363,63854,25389,11695,17590,48645,51861,42831,44009,59245,18046,12464,20123,41992,50841,61013,44530,52530,21303,11427,20406,43267,36232,42760,44536,33644,20027,18852,466,48748,54941,43338,46062,65129,2096,13990,17078,41746,52115,44553,58263,43304,20606,8867,19892,44110,52105,62274,44276,41318,10871,25568,504,59974,34268,59469,41726,43364,18728,14258,16557,40714,49295,42835,58272,59503,17715,1274,21949,44853,54158,58440,60408,54871,31238,27524,6138,65366,37274,45845,63407,48187,5481,30113,5611,65363,37327,42261,60084,43266,126,25568,504,34374,50835,60224,45005,61545,21051,2798,19900,44547,59078,59726,42739,64875,18038,11701,21947,42255,36242,36104,58301,43304,126,25568,504,59974,52362,62291,41704,56420,17709,31154,16539,48662,55177,50244,44530,64380,19505,9900,2474,49231,34268,42753,58301,43304,126,25568,18606,48660,50313,53837,42734,45946,19485,8361,25523,48659,51848,46415,38325,60013,20266,29106,20470,48387,38356,42765,60077,33569,126,25568,504,59974,52121,44613,58263,43304,17790,10158,11249,41987,35992,36139,51645,58980,16701,25516,21694,43272,52360,59726,42173,64877,16653,9894,21663,57871,45013,42753,58301,58980,16701,25516,17599,33298,52361,62055,41203,46120,21118,13473,17599,57874,49307,57685,44536,41342,3191,7392,31111,36412,34772,46612,61608,47932,17771,28916,18413,58180,34261,62798,60349,61564,17710,9647,18160,48643,49307,61775,58292,46133,32638,7071,25986,59470,38345,46101,64424,48189,4714,9717,6381,62035,36062,58881,42995,60968,21563,9895,22454,58190,49874,62276,46837,41057,84,25568,18680,59904,56456,57937,42482,60960,21563,13960,26545,42003,35999,47617,58272,54871,31238,27524,5370,65110,37071,45593,63400,48186,5432,30457,992,59983,52616,59716,51645,43304,126,25568,504,44820,53384,59731,42173,64877,21782,1449,20397,57861,34261,42795,58301,60456,17456,25546,504,49222,34268,42753,44273,59499,50,14003,17083,47363,35215,58369,45554,52845,18731,32480,20984,43781,51600,57609,44520,64875,20279,27566,497,44820,53384,59731,42173,58473,6715,9863,29356,47107,52362,57922,40117,53591,25604,25064,5359,62291,37320,46100,62122,47676,18027,27362,497,41987,35992,42795,58301,57384,56,14003,17083,47363,34191,59712,58361,58987,17708,13959,433,41490,52121,62721,47096,64381,48,11427,17578,48929,34197,59716,51705,43304,126,9906,21676,42004,59868,58446,45052,58712,22847,12709,30434,41735,58248,62798,43998,58721,2106,7327,31616,57890,37854,45591,63228,48447,5432,30707,5868,65111,37071,42311,60084,60418,17456,18890,20148,43781,34192,62054,37876,64361,20027,25524,485,44801,63112,57664,34040,57469,2422,12234,17079,42503,49372,61017,47086,59233,57,25597,21663,39439,55197,59716,63977,57422,17456,10886,21162,35090,52372,58189,40117,53591,25604,25064,17646,43344,40138,57878,61609,48445,6504,8695,5869,65362,38856,46100,63401,41002,10871,9641,17656,41758,53647,59720,58362,57724,20027,9952,18592,48661,52117,48454,42713,64891,20268,27577,497,41987,44952,42795,44951,60007,19519,4320,20909,42262,53646,58180,41690,60517,45,25597,11171,59974,34268,36186,58301,43304,126,25568,17809,63302,38108,45074,61615,48443,6253,31730,5101,65118,45008,42753,58301,43304,126,8846,17589,63302,64220,57214,34759,43808,5481,9973,18413,65363,49609,46100,64424,48953,4201,29941,5612,43091,36062,36109,58301,43304,126,25568,17035,41748,53644,62836,58353,43317,32513,6552,2460,65348,37273,45843,63407,48446,4203,29347,4321,65119,37064,45846,62124,48176,5487,30630,5354,65027,37071,45845,63406,48189,5229,30452,5357,65375,37316,45587,63150,48432,4460,30456,5357,65375,38046,45592,63145,48177,5228,30629,4283,65119,37273,46658,63231,48493,5485,29428,5601,65362,37071,45841,62120,48177,5435,30451,5359,65108,38089,45592,63231,48191,5432,29432,5857,65363,37017,45639,63144,48236,5485,29432,4587,64082,37578,45585,63402,48188,4412,29683,4588,65360,37320,46663,62382,47420,5224,30629,4283,64085,38344,45591,63480,48187,618,18921,504,59974,35201,42795,58301,61992,84,25568,504,59974,60636,42821,58272,47153,6503,31732,5097,65109,37576,46356,51633,43304,126,25568,504,43819,50824,50505,34020,58473,26939,25508,485,64607,37581,46097,64170,47153,10866,25568,504,59974,34268,62066,37887,59492,17725,25523,485,49181,34268,42753,58301,43304,126,25568,4321,62303,40392,46352,63406,48700,4715,18924,504,59974,34268,42753,58301,43304,5735,29937,4840,62289,38085,42795,58301,43304,126,16096,11252,59974,34268,42753,58301,59462,17715,32480,32504,37433,57766,42249,62379,61245,5226,29172,4844,64851,50377,45328,62378,45117,6507,29172,5613,64851,50377,58900,60095,33572,126,25568,504,59974,50863,61011,47085,64349,50,25597,32391,36926,36280,45571,63480,48442,5228,30710,4589,64261,38085,45848,63145,48447,4463,30456,5353,65024,37070,45892,63150,48444,5229,30453,5611,65362,37065,45592,63397,48186,5485,30712,4330,65374,37065,45592,62207,48177,5482,30457,5610,65027,38047,45848,63480,47211,5436,30629,5355,64338,37317,45589,63150,48440,4459,30457,5309,65365,37067,45843,62120,48177,5436,30455,5310,64350,37829,45585,63483,48444,5228,30451,5359,64263,38351,46869,62635,48184,5479,30713,5354,65362,37067,45632,62204,47419,4202,30454,5612,64256,38351,46869,63403,48493,4413,29683,4588,65360,37273,45586,57769,33569,126,25568,3493,60012,34268,64513,58263,43304,126,25568,26872,59906,34241,46608,63402,47675,4712,29937,5868,64080,35272,42795,58301,43304,126,3808,21945,41477,56510,58982,42736,60737,7550,29408,5096,65108,37316,45848,63145,33572,126,25568,504,59974,53423,55107,41713,60523,45,25597,11171,59974,34268,42753,58301,43304,126,29425,5615,63829,38858,45072,62633,47422,3178,25546,504,59974,34268,42753,58301,47144,4718,30706,5600,65119,37064,42795,58301,43304,126,16096,11252,59974,34268,42753,58301,59462,17715,32480,32504,37433,57766,42249,63402,47677,5743,29172,17645,63827,37837,58134,42408,45373,4459,27362,11252,59974,34268,42753,58301,59995,18732,14256,21389,59914,34241,55422,39365,41292,5500,30629,5610,65108,37322,46868,62206,47153,5223,30452,5615,64343,37060,45584,63483,48186,5179,30451,5612,65109,37065,45842,63145,48189,5479,30712,5354,65365,37316,46611,63141,48189,5479,29346,5345,65362,37061,45843,63480,47211,5223,30629,4283,65284,37273,45586,62121,48433,5482,30451,5608,64339,37061,45636,63150,48191,5228,29429,5345,65284,37067,45639,62117,48689,5482,29427,4587,64082,37322,45587,63224,47163,4205,29684,5870,65282,37018,45593,62124,47419,4202,30454,5612,64256,38351,46869,63403,48493,4413,29683,4588,65360,37273,45586,57769,33569,126,25568,3493,60012,34268,64513,58263,43304,126,25568,26872,59906,34241,46096,62895,47420,4973,30706,6369,64598,35274,42795,58301,43304,126,3552,19641,59907,34241,55422,39365,41292,6012,30449,5305,65375,37064,45590,62204,48702,5481,30456,5615,65362,37065,45892,57851,42273,84,25568,504,59974,63196,62786,46068,56444,19500,32480,32504,37433,57766,42249,42664,47932,4714,30196,5356,43350,40141,48656,63401,48701,4458,31729,4333,44115,38856,57876,61609,48445,4970,30452,4845,65106,37065,48660,64424,47932,4971,31733,5100,62039,37065,48660,41384,45113,5227,31477,5101,44882,50888,48656,42665,59964,17007,9973,4844,65107,40141,45845,61608,47421,5482,31473,17645,63827,37577,46356,63145,45113,17003,29941,18413,62035,40141,46614,41640,45117,5227,29941,16621,63831,37324,45329,62634,45373,5995,30708,5357,44883,50120,46096,63405,48952,5227,9716,4841,65110,37836,57877,41129,47673,5230,30192,17645,63826,37321,44547,58263,43304,23934,18924,504,59974,44935,42753,58301,43304,126,10121,7416,64326,38857,48918,61870,45370,6251,18924,504,59974,34268,42753,41683,60517,7550,7392,31111,36412,34772,58902,61608,60476,18027,31733,4333,63570,40137,48916,62892,47417,5743,30455,6381,62035,37065,48660,63401,47933,2428,18924,504,59974,34268,42753,41166,57466,21550,12693,436,59995,64163,56697,60377,48170,5179,30706,5610,65104,38345,46658,62116,48433,5482,30711,4329,65374,37069,45895,63151,48493,5485,30708,5611,65363,37327,45589,63144,48177,5222,30450,5355,65118,38094,45593,63144,48177,4412,30457,5356,65375,37326,45892,62206,48433,5179,29347,5306,65027,37071,46613,63396,48188,5485,30704,4333,65375,37017,45586,63146,48442,4459,30457,5306,65361,37018,46617,62628,48233,5229,30373,5310,65374,37325,45587,63140,47152,4205,29684,4334,64085,38344,46609,62382,47420,5992,30453,5345,65374,37065,45848,63145,47162,4205,29684,5358,65106,38042,46866,62377,48446,5179,29347,4587,64082,37066,45892,63150,43836,10871,25568,504,58907,34294,42753,47293,43266,126,25568,504,33606,34200,42780,62894,45375,5737,30449,6127,49226,34268,42753,58301,43304,16656,9901,7416,38214,64931,50043,57781,47679,6249,29174,5614,63825,40395,45590,42666,47679,4713,30193,4334,64336,37580,44547,51633,43304,126,25568,504,43317,52366,62289,45512,43364,99,7327,31616,57890,37086,45892,63407,48442,5224,29685,4283,64351,37317,45589,63402,47161,5478,30449,5566,65364,37273,45586,63401,48443,5483,30707,5356,65363,37061,45849,63151,48187,5222,29426,5344,65363,37061,46659,63140,48188,5479,30706,5565,64261,37317,45892,62206,48234,5179,30451,4332,65119,37064,45586,63405,47165,5479,30373,5355,65361,37326,46612,63140,48234,5481,30374,4320,64863,37583,45337,62895,48700,5997,29944,5869,64771,37583,46611,62382,47420,5736,30193,4585,64337,38351,46869,63147,48444,4408,29683,4588,65104,37273,46658,62382,47420,5480,30629,5355,59474,45013,42753,58301,42357,84,25568,23288,60012,34268,42753,58301,49192,58,25597,5601,64340,38347,45589,63145,47931,5480,18924,504,59974,34268,42753,41680,60028,25142,1209,19641,33539,34200,42780,62372,47165,4202,30454,5601,49226,34268,42753,58301,43304,21773,5026,16564,44805,34191,42780,51686,43304,126,25568,504,59974,34268,45848,62127,47423,5482,30452,5099,65360,34294,42753,58301,43304,23934,18924,504,59974,34268,42753,41683,60517,7550,7392,31111,36412,34772,46358,61609,47677,16747,9717,6637,64339,37837,46614,63401,45117,4970,31733,5101,65362,36062,36109,58301,43304,126,25568,17035,41748,53644,62836,58353,43317,32513,6552,2460,65348,37273,45843,63407,48446,4203,29347,4321,65119,37064,45846,62124,48176,5487,30630,5354,65027,37071,45845,63406,48189,5229,30452,5357,65375,37316,45587,63150,48432,4460,30456,5357,65375,38046,45592,63145,48177,5228,30629,4283,65119,37273,46658,63231,48493,5485,29428,5601,65362,37071,45841,62120,48177,5435,30451,5359,65108,38089,45592,63231,48191,5432,29432,5857,65108,37071,45586,63228,48238,5478,29425,4587,64082,37578,45840,63145,48433,5485,30456,5610,64339,38351,46869,63147,48444,4408,29683,4588,65104,37273,46658,62382,47420,5480,30629,5355,59474,45013,42753,58301,42357,84,25568,23288,60012,34268,42753,58301,49192,58,25597,5097,63583,37837,45334,62884,45116,4715,28663,466,59974,34268,42753,36541,64873,18493,14978,16543,44811,49589,47617,62141,48184,4462,30713,6636,64343,45008,42753,58301,43304,126,13971,29114,43786,49311,42834,58272,33651,126,25568,504,59974,34268,42753,61868,47921,5743,30199,6113,62290,38857,36118,58301,43304,126,25568,3493,60012,34268,42753,58301,50984,19775,25509,485,38201,65444,44901,62655,48188,5485,30711,4330,65104,37070,45636,62126,48702,5481,30456,5310,65284,38095,45079,63145,48433,5227,25077,3569,60012,34268,42753,58301,55848,21053,13225,29868,42516,39132,55297,39874,52562,630,9973,5100,63570,37832,45589,41133,45113,6511,30708,5869,64338,40397,46612,42408,47932,17771,28916,5613,63826,37064,46100,63401,48189,6507,31733,5100,63827,40393,46357,64428,48189,6507,8693,6377,65107,40137,46356,42665,59964,6511,9972,17132,43095,49353,46101,63400,45113,5226,28917,4589,65362,40141,57876,61608,48701,4715,30452,6377,43091,37577,57620,64424,45113,5225,28917,5869,63570,38605,45841,62893,47932,17771,28917,4841,65110,37836,45078,64424,61245,17003,28917,4841,65110,37836,45846,64168,48188,5482,28913,5608,64598,37321,57621,61612,48440,5742,9972,17132,63831,37324,45329,42664,47676,5227,27362,466,59974,55516,36109,58301,43304,10789,25568,504,59974,34268,58216,65213,47144,4454,29943,6376,64342,37828,36109,58301,43304,126,25568,16533,43282,59284,49240,44796,49261,58,25597,4334,63568,38091,46356,63397,33572,126,25568,504,59974,53423,55107,41713,60523,45,25597,11171,59974,34268,42753,58301,43304,126,31729,5865,64081,38341,48912,51627,43304,126,25568,504,58907,34294,42753,58301,43304,28286,11937,445,59995,64163,56697,60377,48682,5951,29428,5870,65110,37327,45587,63145,48177,575,28649,466,59974,34268,42753,37053,64363,20535,5812,19882,63302,64220,57214,34759,43808,17771,29172,5100,64594,37064,58385,64172,45113,5226,29941,4332,62039,38089,57620,61865,60477,4970,30709,4844,65362,38601,45845,63144,45117,6251,29172,4845,62035,38856,48912,63144,45117,17003,31473,5613,62291,38857,57877,41129,45113,17770,8436,17385,44883,38600,45844,64172,48444,4971,29685,5356,62295,49353,46100,62632,47933,5482,31473,17389,64851,50121,48916,64172,59455,5227,28913,5608,64598,38347,46101,61865,48445,6507,8949,4841,65110,37836,45844,42409,47673,5230,30192,17644,43346,38605,45841,62893,60477,4970,30709,2298,60012,34268,64001,51633,43304,126,18875,504,59974,34268,42753,42964,46120,4478,29680,5857,64087,37581,46873,62634,45361,10866,25568,504,59974,34268,58988,41193,52064,26407,11937,26813,59906,34241,46864,62891,47166,4711,29688,3560,60012,34268,42753,58301,55848,16939,12176,17081,47363,39132,64513,58263,43304,126,25568,504,59974,38108,46865,62628,47417,5999,29688,5871,62047,34294,42753,58301,43304,23934,18924,504,59974,34268,42753,41683,60517,7550,7392,31111,36412,34772,45846,61609,47165,5743,29687,18413,44882,38601,45589,60095,33572,126,25568,504,59974,50863,61011,47085,64349,50,25597,32391,36926,36280,45571,63480,48442,5228,30710,4589,64261,38085,45848,63145,48447,4463,30456,5353,65024,37070,45892,63150,48444,5229,30453,5611,65362,37065,45592,63397,48186,5485,30712,4330,65374,37065,45592,62207,48177,5482,30457,5610,65027,38047,45848,63480,47211,5436,30629,5355,64338,37317,45589,63150,48440,4459,30457,5309,65365,37067,45843,62120,48177,5436,30455,5310,64350,37573,45845,63150,47161,4205,29684,5870,65366,37274,45636,63406,47165,4205,29684,5358,65106,38042,46866,62377,48446,5179,29347,4587,64082,37066,45892,63150,43836,10871,25568,504,49179,44929,60203,41202,58729,18046,11701,21947,42255,34194,62536,41690,60517,16659,8372,17584,57858,50331,57932,41689,59516,10871,25568,504,42250,50335,42829,46846,64378,20027,5044,16564,44805,53679,42835,58272,59004,21549,10930,18102,44366,51357,43332,45005,60009,26939,27300,466,59974,51676,58446,45052,59944,21035,9906,21942,43809,49297,62322,58351,43317,20266,14259,18602,44296,49876,59968,60920,59471,17715,10121,11249,60012,34268,60929,58363,64619,21036,11685,29100,43786,49311,62322,58351,46133,21630,12463,21420,41999,36251,58950,42736,59468,16682,2798,2236,48710,49300,36175,58301,43304,126,25568,17578,48914,52110,62209,46831,33645,126,25568,20413,49154,34294,42753,43709,43374,16697,9901,16540,43794,63186,58708,45005,60009,21307,8928,17846,48710,54661,59460,60411,59503,17715,8836,16556,39240,51081,60273,41212,64109,119,32509,32504,37433,57766,42249,61865,48701,5227,8949,4845,58180,53724,57929,51699,43304,126,25568,504,42240,34190,43902,45245,60285,17431,10976,438,47631,52381,62547,42165,58473,25659,14241,4025,48949,62878,58957,42750,41083,17534,18863,504,59974,34268,42753,58301,43304,17975,8416,21421,44820,53650,60273,41212,55917,21034,32480,485,42258,53647,61011,42227,64032,16939,10121,497,41490,52121,42795,58301,43304,126,25568,504,59974,34268,62721,47096,64381,48,12724,17581,60012,34268,42753,58301,43304,126,9952,17846,60012,34268,42753,58301,60456,17456,25546,504,44870,49554,36139,58301,43304,17975,9440,19641,36355,53661,43328,41680,60028,25142,1209,19641,33539,34200,59712,58361,64619,21036,11685,26284,42759,63129,62805,65213,43317,20266,14259,18602,44296,49876,59968,34808,64873,3647,8845,17068,34830,57989,59968,35576,41068,21630,9896,11190,59974,34268,42753,58301,60538,21802,11698,22008,48916,44953,42753,58301,59245,10810,25546,504,47174,53657,62804,58355,59502,21298,18853,20413,49154,34294,60203,41202,58729,29566,8884,21676,35093,51603,62798,58350,43317,10789,25568,504,38205,64931,50043,57781,47166,6507,30708,17901,44115,40393,46612,60095,43349,99,11395,20148,63764,50130,59475,37360,52047,6262,28656,5112,64084,34256,46608,60077,33572,126,25568,32387,37433,57766,42249,61611,48956,4715,29941,5100,44115,40393,46612,60095,43349,99,11395,20148,63764,50130,59475,37360,52047,4726,29684,500,62295,35273,45313,60077,33572,126,25568,32387,37433,57766,42249,61866,61245,5482,30453,6381,62035,38856,57620,64424,47676,4971,29173,2298,59963,34241,59490,44273,47738,18032,11442,29621,34849,38868,45587,58289,47421,114,29685,11249,49179,51702,58446,45052,61224,20011,14243,20145,59912,49306,58453,34037,58473,29499,8884,21676,44821,36239,36104,58301,43304,20274,8867,436,48661,53661,62548,45304,46120,23422,18877,504,59974,50069,50177,36306,49230,3609,14227,21945,47379,55209,42829,65251,54824,30721,1946,1008,58180,53724,57929,51699,43304,126,25568,504,42250,50335,42829,46830,60011,21307,28595,21496,47363,39132,63233,41726,58724,18038,11701,21947,42255,36242,36104,58301,43304,126,25568,504,59974,49294,62037,44527,60968,19775,31141,21904,47634,49339,44885,36062,53062,26391,4334,16556,48914,61583,60243,51636,43304,126,25568,504,41987,35992,42795,58301,43304,126,10976,446,48917,50847,62532,58350,59241,58,9906,427,41490,52121,42795,58301,43304,126,25568,504,42566,50835,60224,42941,60013,17457,4261,17069,44805,54927,42765,41721,59516,7550,13280,16571,42506,50132,59732,47102,58977,2096,18921,504,59974,34268,42753,58301,43304,126,25568,17578,48914,52110,52993,47081,55928,21051,10934,17595,32860,60079,50031,41208,60775,2107,9906,2219,60012,34268,42753,58301,43304,126,9952,17846,49231,34268,42753,58301,43304,126,25568,18353,44614,50841,58190,37112,60029,17725,12467,16632,44552,53724,63320,44280,41326,16698,8884,497,63323,64220,57214,34759,43808,4714,29941,5613,43859,38601,44547,47037,60512,10800,25568,504,59974,34268,42753,58301,43304,126,14259,21945,47379,54937,47617,42941,64873,10815,25568,504,59974,34268,42753,58301,59245,10810,25568,504,59974,34268,59716,51705,43304,126,11685,11196,59974,34268,57939,46825,59258,21374,8884,21676,44821,44943,59716,51705,58626,17201,12193,29688,42755,53651,54340,41705,64636,17709,25523,485,44800,50824,49225,44796,55917,16682,14004,17579,57877,45013,60203,41202,58729,18046,11701,21947,42255,34194,57926,34025,58473,29499,8884,21676,57877,50331,57932,41689,59516,10871,25568,504,42250,50335,42829,41712,59233,17431,14227,426,59995,51848,62290,43759,61030,18294,11937,26045,48647,35741,58216,51636,43304,126,11436,16571,59914,53407,62803,44536,55676,16690,9891,21899,59924,34241,59477,47086,57466,18224,9448,19641,58371,51628,58432,35576,41068,84,25568,11256,59974,34268,57672,37309,58477,21553,4261,16556,48914,49295,56402,46846,64378,20027,5044,16564,44805,53679,55891,47037,60512,10800,25568,504,59974,34268,57939,46825,59258,29310,11941,21943,39171,50312,62037,42734,53883,21821,12722,20413,39442,50320,57922,47054,54394,84,25568,17656,44552,34294,42753,43709,43374,17676,11437,17580,48693,53661,62548,45304,58451,18751,2734,29372,47122,34209,61269,44536,43266,126,25568,504,47174,53657,62804,58355,60506,20275,9908,21899,48647,54921,62532,44742,57449,26928,4260,21420,49211,34268,42753,44536,33644,126,25568,17578,48914,52110,55297,39874,52562,630,29430,6381,65106,49609,57620,64424,47165,2428,9930,17846,49260,45020,59469,41726,43364,21816,8366,18604,41993,54748,58957,37092,64615,17456,12520,21687,44552,49589,36104,58301,43304,17975,11744,21943,35142,60339,52839,60890,58971,20011,1700,16566,42500,49561,59393,58351,59003,20011,2724,444,63323,64220,57214,34759,43808,2428,14304,17584,59912,49294,62037,44527,60456,17456,25546,504,42566,50835,60224,45245,64615,17456,32480,26872,47368,50312,58447,60920,60518,2089,7327,31616,57890,37854,45588,63396,48187,5478,25074,2289,60012,34268,62465,46834,60774,29552,13999,17846,44591,39132,62465,46834,60774,17431,25546,504,47430,53395,58191,38323,58727,19755,25509,485,58454,45002,42753,58301,59003,20011,28068,16520,44820,53650,47617,42173,58473,6715,9863,29356,47107,52362,57922,40117,53591,25604,25064,5358,62291,38600,48916,61864,48190,4971,30708,4588,44115,37065,46100,60095,33569,126,25568,20139,42003,40856,60273,47868,40992,84,25568,21240,48905,49554,49679,42995,60781,25444,11695,17590,48645,50132,59732,47102,58977,2096,18921,504,59974,34268,42753,44270,59261,6714,9860,21931,42260,36229,36104,58301,43304,20027,27300,17618,44552,45046,59469,41726,43364,21816,8366,18604,41993,50908,63310,32996,57444,16942,8879,17834,48718,56729,44629,58263,43304,19582,8367,19897,43334,52368,49489,44520,43371,99,8882,18095,48643,49876,62276,42747,65382,2422,25580,32391,36926,36280,45827,63144,48443,5484,30453,5305,65024,37066,45589,63140,48447,5482,25074,2289,42310,34190,58963,42218,64877,18294,14245,17598,48136,36052,42765,40130,54096,2074,30690,5354,65375,37065,45632,63483,48190,5482,30457,5615,65362,34766,44552,44221,43386,21622,13241,20157,57856,49307,57429,44536,41086,7550,25597,32391,36926,36280,45571,63405,48187,5478,30709,5354,65280,37061,42265,58292,59241,58,9448,21949,44801,54162,44553,45235,64877,19517,13225,20154,47111,34200,62798,42173,64877,17721,13742,2288,48712,50835,61005,41453,59495,17452,27369,466,59974,52444,42823,47849,60536,17969,8424,18612,35862,52105,44610,65213,43317,32513,6552,2460,65348,37324,45586,63141,48445,5484,30374,5345,59486,34261,61269,44536,43266,126,25568,504,43334,52368,49489,44520,41323,17706,14264,11249,59974,34268,59716,51705,59245,10810,12234,17079,42503,50140,59732,47102,58977,48,9895,27052,48658,63372,63044,42728,64891,2422,25546,504,42566,50835,60224,42685,65382,7550,27616,22700,44822,50067,57353,47096,60527,22064,25577,7397,38214,64931,50043,57781,47421,4970,31733,5357,63570,50121,48660,64424,41002,16766,10158,18168,48643,49307,61775,60085,43297,21041,9440,21949,44800,54162,44553,58263,43304,21118,14245,21421,59912,52121,43351,42735,64633,21307,25524,21431,44870,54162,61199,47081,54904,17708,14001,21181,59922,55187,44801,44536,42878,22829,25518,20409,59906,52121,43351,47854,42854,17708,14001,21181,58130,51932,42835,42677,65382,18544,14260,424,41991,34200,59716,60907,64864,20522,12782,20669,44819,53647,42760,45554,41256,20027,28086,19902,45587,54921,58881,42995,60456,22064,9710,21684,48926,35727,57939,46828,64109,2346,9930,17846,49260,51856,58946,58353,64622,17200,10932,20407,44102,55187,58956,38889,58465,24891,11431,21744,41736,61828,59976,60152,43266,126,12256,17079,42503,49628,57672,58363,43317,21297,14318,19633,57859,34261,42764,44520,61793,18698,9901,466,59974,52444,42823,43769,61294,7294,30176,488,41490,52121,42795,58301,43304,126,12768,21949,47123,34194,55422,39365,41292,6012,30627,5611,65107,38094,45591,63141,48433,623,18921,504,59974,51609,57938,42484,60712,17975,25510,484,64597,38348,62209,42741,33638,126,25568,504,59974,49294,62037,44527,58408,21567,28072,19902,42249,36238,60997,42491,42536,5758,27376,4088,59976,64163,56697,60377,48170,4412,30454,5359,65367,34757,36104,58301,43304,19515,9907,18353,44614,50069,42823,58273,48944,4202,25584,18860,41987,34294,42753,58301,43304,21118,14245,21421,59912,50321,61269,42419,58980,21041,10216,18353,59904,34259,45330,62381,43297,3696,7392,31111,36412,34772,57876,62892,48701,4459,31477,2298,60012,34268,57857,45297,33645,126,25568,504,59974,49294,62037,44527,58408,21567,28072,19902,42249,36238,60997,42491,42536,6270,30710,4584,59983,35794,55297,39874,52562,630,29173,6121,64851,38089,48660,60095,43266,126,9952,17846,44908,49554,36139,44273,59499,50,13990,17078,41746,52115,57601,47096,57707,19999,11438,20397,44805,49297,62287,60085,43266,126,10976,446,34085,58290,49256,33459,59238,21809,8366,19645,41987,61576,60243,48573,43317,32513,6552,2460,59460,34261,61269,44536,43266,126,25568,504,42566,50835,60224,45245,60029,17725,12467,500,44820,34191,42780,41197,58729,2098,13990,17078,41746,52115,44553,58263,43304,126,25568,504,59974,55260,62276,45544,43366,16697,9901,27106,48658,57996,62276,32949,51015,26904,28039,20377,42248,52105,57922,42736,64870,21003,27308,466,59974,34268,42753,42685,60774,10871,25568,504,59974,34268,57672,45245,60029,17725,12467,16632,44552,55260,62532,41661,60774,894,9906,427,59992,34252,61269,44536,43266,126,25568,504,59974,34268,60161,41202,58729,17534,8357,17847,39171,50825,57922,45294,43300,21300,11695,16540,43794,39132,63233,41726,58724,18038,11701,21947,42255,36242,36104,58301,43304,126,25568,504,59974,34268,42753,42735,64636,20012,3040,21932,39190,55193,61015,42750,49970,28429,1934,17085,44553,36249,57939,60142,43266,126,25568,504,59974,34268,57857,42995,33569,126,25568,504,59974,34268,42753,42484,60712,17211,10159,29373,43283,49311,62546,41661,60774,21630,13241,20157,57856,54934,59726,41689,59516,119,32509,32504,37433,57766,42249,61865,48701,5227,8949,4845,58180,50396,58191,43453,59003,25648,14241,4025,44818,53636,62209,42741,33638,126,25568,504,59974,34268,42753,58301,43304,20274,8867,436,41746,49297,58997,58362,43317,21300,11695,16540,43794,53714,59976,45304,59516,20531,8928,17846,57926,64163,56697,60377,47146,5736,24996,497,58440,50140,62798,41712,56700,19767,677,20159,48718,52115,59988,42751,41338,21300,11695,16540,43794,53714,59976,45304,59516,20531,25577,21431,42310,35727,61013,42736,40992,119,28142,32504,37433,57766,42249,41387,48953,2428,25577,21431,38214,64931,50043,57781,41002,84,25568,504,59974,34268,42753,58301,43304,21118,14245,21421,59912,52360,57932,41673,43375,3696,14304,21175,47122,52117,44870,45303,59239,16666,8884,22006,45571,35976,57371,46830,41322,32513,6552,2460,64580,38552,46147,62974,43882,3191,7392,31111,36412,34772,45328,60095,33569,126,25568,504,59974,34268,42753,45048,60539,84,25568,504,59974,34268,42753,58301,43304,21118,14245,21421,59912,49294,48466,45306,60285,32630,7071,25986,59470,49610,58642,41134,60222,2428,25580,32391,36926,36280,46595,57771,40993,84,25568,504,59974,34268,42753,42685,60774,84,25568,504,59974,49372,58191,58263,43304,17790,10158,466,59974,55260,62276,45544,43366,28445,1422,26257,35912,51613,58701,41212,51299,20016,13999,17078,42755,52121,36181,44536,33644,19540,8367,19897,44102,52105,62274,44276,43366,17709,10158,18588,43285,55187,52037,42226,60960,19775,3493,19641,58115,34294,42753,43709,43374,28445,1422,26257,36424,54933,59458,42991,60511,18492,11439,435,63323,64220,57214,34759,43808,2428,14304,17584,59912,49294,62037,44527,60456,17456,25546,504,48710,54941,43338,46062,65129,2096,13990,17078,41746,52115,44553,58263,43304,126,25568,19960,43273,51613,62721,45816,46120,18302,14245,21904,47634,49326,62032,45304,41340,10871,25568,504,59974,34268,57672,45501,63597,21630,9896,11190,59974,34268,42753,58301,43304,126,11436,16571,59914,50316,60248,41714,43372,99,18875,504,59974,34268,42753,58301,43304,126,25568,32387,37433,57766,42249,61608,60221,5227,28917,5101,65362,36062,42876,58272,62067,84,25568,504,59974,34268,42753,58301,43304,126,25568,31480,38201,65444,44901,63423,48186,5176,30450,5305,59477,63701,47617,40125,53591,25604,25064,17646,43344,51149,57878,61609,48445,5743,30454,5357,65106,50121,45333,61865,48953,4969,9972,4845,65363,38600,46357,61608,47933,2428,18924,504,59974,34268,42753,58301,43304,126,25568,504,59974,64167,57214,34759,43808,5483,31477,16621,62291,37320,44547,58304,43317,5487,29936,6383,63828,45008,42753,58301,43304,126,25568,504,59974,34268,42753,58301,54867,30721,1946,1008,64083,50121,46100,41640,47933,5482,27362,389,59995,44935,42753,58301,43304,126,25568,504,59974,34268,42753,58301,43304,126,6331,32391,36926,36280,45571,63141,48191,5436,25075,31985,63302,64220,57214,34759,43808,5736,8949,5869,44114,38601,45845,60095,43300,32517,7071,25986,59470,38344,45076,41640,47676,4971,27362,389,59995,51888,58946,37873,59492,17703,28082,18588,47637,50320,51544,44796,43373,3696,7392,31111,36412,34772,45328,42668,48959,2428,28128,502,42282,50335,55117,41713,60529,3628,8846,17589,58438,34258,55422,39365,41292,4476,24998,3569,37190,64163,56697,60377,48170,5432,30456,5305,65280,37060,42258,40628,46120,21630,14002,23741,49226,34268,42753,58301,43304,126,25568,504,59974,34268,42753,58301,43304,31525,7327,31616,57890,37086,45593,63146,48234,621,7913,7416,38214,64931,50043,57781,47678,5482,28917,5612,64599,50123,46358,60095,43300,32517,7071,25986,59470,38344,45076,41640,47676,4971,27362,389,59995,51848,62290,43759,61030,27766,8367,19897,42550,56477,62788,38579,60539,26924,27300,500,38205,64931,50043,57781,61245,6251,8949,18413,62035,38601,44547,58304,43317,21034,9909,3493,60012,34268,42753,58301,43304,126,25568,504,59974,34268,42753,58301,61992,32517,7071,25986,59470,40393,45076,41384,47677,2428,25501,485,38201,65444,44901,62911,48189,5485,30369,5355,65107,37070,45586,62127,48702,5487,30455,5306,59477,35285,56321,40130,54096,2074,30690,5352,65361,37277,45586,57774,54305,7550,9440,19641,33795,51357,43844,39101,54871,31238,27524,5370,65280,37060,45632,63227,48176,621,7913,7416,44102,51613,57938,61408,43266,126,25568,504,59974,34268,42753,58301,43304,126,25568,504,45382,64167,57214,34759,43808,6251,29941,17389,63827,36062,42876,58272,54871,31238,27524,6138,65360,37021,45590,63144,47163,5992,29862,1002,58959,65244,55422,39365,41292,5244,30448,5359,65031,37071,42258,40628,46120,21630,12463,21420,41999,36251,58950,42736,55590,16690,9891,17809,58959,65244,55422,39365,41292,5500,30374,5344,65287,37018,45593,57774,54305,7550,14304,21674,46851,34294,42753,58301,43304,126,25568,504,59974,34268,42753,48829,33572,126,25568,504,59974,34268,42753,58301,43304,126,25568,32387,37433,57766,42249,62376,45117,6507,29172,4845,65106,36062,42876,58272,53875,32513,6552,2460,65092,37070,45842,63480,43834,32119,32480,32504,37433,57766,42249,42667,59966,5743,9975,4844,65107,37837,46102,42665,47677,5483,28916,5100,44115,40137,48916,62892,59455,6507,29429,4333,63827,37320,44547,51680,43304,126,25568,504,59974,34268,42753,58301,62581,84,25568,504,59974,34268,42753,48829,43266,126,25568,504,59974,34268,63233,41726,58724,18038,11701,21947,42255,36242,36104,58301,43304,126,25568,504,59974,34268,42753,42735,41337,10789,25568,504,59974,34268,42753,58301,43304,126,25568,504,47155,34192,42780,36062,53062,26391,2030,21169,42245,49550,57974,44031,58983,3125,25546,504,59974,34268,42753,58301,43304,126,25568,504,34630,53657,59465,58361,43317,32513,6552,2460,64580,37578,45336,62888,43834,3191,25546,504,59974,34268,42753,58301,43304,126,25568,504,33350,50329,57925,45295,46120,23422,7323,31111,36412,34772,45590,64168,45373,4714,28917,6637,63570,51149,46359,42409,48956,4971,27362,389,59995,64163,56697,60377,48170,5225,30710,5358,65287,37018,45588,63402,48186,5432,30457,4320,65375,37279,45588,63140,43824,23927,18924,504,59974,34268,42753,58301,43304,126,25568,504,59974,51902,65093,65213,49448,21546,4272,21437,41744,49311,52507,36046,52294,17200,10159,2493,43798,51589,58958,60153,43266,126,25568,504,59974,34268,42753,58301,62504,10871,25568,504,59974,34268,42753,58301,59245,2362,25546,504,59974,34268,57857,42995,43266,126,9952,17846,49231,52121,36165,58263,58626,17201,12193,29432,47109,49305,49231,43752,46120,27006,12462,16556,43272,35737,57935,60394,54871,31238,27524,6138,65363,37321,45589,63150,48187,5990,30705,5355,59392,36053,54315,45566,60525,26416,10933,28662,42759,34201,42780,40130,54096,2074,30178,6077,64517,37573,45892,63150,48956,5991,30370,5615,65107,37070,45842,57769,33569,17165,9906,20413,48929,35733,57971,42734,50812,29488,8880,20399,63302,50140,60224,42734,55810,21053,9893,26294,41747,60626,59718,45554,52845,18731,11657,17579,59922,34241,62805,42728,55810,21053,9893,26294,41747,62930,62784,44536,43388,99,13959,29105,47111,52121,36181,44951,60007,19519,480,17081,36365,51349,47617,35517,64102,16682,8366,4029,44808,36235,55422,39365,41292,6012,30704,5356,65361,37022,42258,60084,51970,17215,1963,19633,39240,57237,42820,58272,52573,19767,28146,17590,57873,35277,46849,58289,42297,4222,18921,16538,41221,52408,43340,41695,57963,21049,13999,17846,42277,51856,46163,65213,51752,19505,12719,4075,47104,51347,49267,60383,42296,4222,25580,2280,34924,50845,49994,44788,52006,17215,9387,20138,42003,61848,58963,45299,59512,17708,8366,417,59995,45005,58979,43262,57420,3635,11394,17834,47107,52399,57947,43725,60528,50,25597,11240,43812,52895,61029,60912,59480,17708,14254,7416,39238,55199,57924,34035,57469,10836,11436,16571,59914,50353,59720,45531,58473,59,25597,20369,48661,52125,57922,44467,65133,32630,7071,25986,59470,38347,45845,62632,60221,4971,27362,11249,43819,52117,62823,44796,42861,16656,9901,7416,38214,64931,50043,57781,60223,5995,9717,6637,64081,37320,45076,41384,47677,2428,3786,18617,35848,50318,57932,37043,62305,59,25597,25997,42767,35790,57935,60394,42296,4222,25580,3560,64070,45013,58988,44532,64334,19775,28069,20104,41749,52360,59726,65213,56360,18714,29101,20470,48387,38356,45583,58289,42296,4222,30446,500,58198,59638,60992,34291,59514,17715,750,17078,42254,62862,61006,47091,46120,30334,8357,20140,63508,52178,61508,62389,48166,114,28144,2285,34668,52381,49487,41711,60517,25200,8353,18099,42260,52105,50245,45042,64359,109,25597,20123,42250,38542,57615,44271,56165,25113,29416,3562,64326,35278,46593,60075,50178,18751,1454,16554,44811,59346,62798,42745,55930,23095,5029,22961,42499,39132,46849,36503,57449,26160,8882,17589,35144,52368,62545,42713,60027,20027,8868,21942,59925,34241,62805,42728,50178,18751,1454,16554,44811,62930,62784,44536,43388,99,8339,17578,41987,53435,36168,44951,60007,19519,5856,25233,47113,49298,42835,58272,59201,21549,11681,17595,42056,53913,55305,39874,52562,630,28918,18415,65361,40137,45845,64424,47677,5226,27362,11249,33587,51903,59731,45560,51750,21041,9902,29610,44551,53397,42834,58272,52573,19767,11758,22205,64078,34256,45840,51636,49245,20253,11698,21437,39496,55197,59716,58345,43317,16659,11689,21406,42759,44953,60203,41202,58729,30078,4233,21420,41225,34201,42780,44500,64891,20031,9891,20470,48387,64212,57214,34759,43808,4968,9719,5358,63570,37320,48660,42920,47677,2428,18921,26765,48693,51854,57930,32947,58727,21041,32480,25336,42505,55187,43282,45563,58471,26380,27522,5098,58966,38620,43796,63421,41021,30036,4233,21420,41225,35737,61301,41204,59235,21307,25523,485,58455,44996,52852,47054,59002,17717,750,20904,45834,53679,59475,42742,58949,17722,32480,25848,48904,35729,63328,45037,55921,21034,10415,27837,44553,35737,59491,42991,64365,30036,4233,21420,41225,35737,58993,42735,64870,7550,3808,18617,35848,50318,57932,51607,58980,16701,25516,16533,41999,55227,58176,42740,64870,7550,2784,21174,43794,50834,43332,42739,41343,32513,6552,2460,64580,37583,45127,63404,48188,5481,30450,5310,65365,37316,42259,60084,50178,18751,1198,16554,41730,52121,43349,44254,58980,44,25597,20123,42250,63118,63044,42728,60006,3643,9902,2479,49181,34268,42753,44254,58980,29484,12965,17581,43272,61081,65092,44269,59233,3626,9902,2479,58966,59100,60238,45554,42811,21048,11951,26250,57892,40397,42765,61868,43300,5231,27369,11252,59974,34268,59490,44273,55930,20795,9909,17078,33027,56473,59473,44532,42876,17712,27575,4072,58962,59100,60238,45554,42811,21048,11951,26250,57892,38861,42765,61868,43300,5743,27369,11252,59974,34268,59490,44273,55930,20795,9909,17078,33027,56473,59473,44532,42876,17712,27575,3561,35142,51603,62798,60846,64366,19761,1170,2458,58974,40412,42765,61868,40993,23892,18921,16533,41999,55227,58176,42740,64870,29296,14255,21945,42255,34194,42780,63150,50178,18751,1198,16554,41730,52121,43349,41677,60538,21552,32480,27896,41735,58258,58963,42736,33538,20274,8867,436,43830,53646,58440,42737,58955,21552,10913,17590,59924,34241,59752,47086,59241,17725,11758,22205,38222,64931,50043,57781,47423,5226,29941,17389,63827,36062,36104,41677,64890,17207,9900,20123,48648,52381,57935,60911,59462,17715,32480,32504,37433,57766,42249,62891,48701,5226,29172,18413,65363,50377,46100,63146,45117,6251,29172,5869,44115,40393,46100,63401,41002,28756,12705,18604,42501,59033,59726,41705,59233,21051,4334,23473,59907,34241,50036,44788,42810,17712,27575,3561,64070,34256,43792,62397,33569,16654,14258,17073,44810,51903,62287,43772,60518,3628,8834,19131,47105,53395,58191,45513,59241,20525,12705,20413,45829,39132,46593,37783,64361,18730,12195,25277,41993,50312,59720,45560,51750,18738,12464,17564,43285,52121,58949,47091,43387,99,12724,17581,39532,55197,61013,45054,51821,20017,8884,20401,47107,65490,59752,42745,43376,99,18929,16520,48660,50837,57933,44254,64870,18751,9902,4010,43830,49294,62287,65213,50216,18751,1454,16554,44811,45046,36097,44273,59499,50,12166,16567,41746,49810,62307,58355,43317,19991,14259,20409,44805,52178,61508,40117,53591,25604,25064,18415,43091,37577,46612,61608,48447,4970,29172,5100,62291,40393,44547,51636,58702,16689,10932,18102,48676,35730,58991,42736,46120,32638,7071,25986,59470,38347,58900,64168,48701,4714,9717,6637,64339,49354,58391,61867,45117,4459,29429,16621,63827,36062,49451,44273,64873,20023,423,20396,39240,57237,42820,58272,52573,19767,28146,17590,57873,35276,45569,61357,47400,114,29685,11249,42528,50323,61013,42227,64842,3632,11408,18603,41746,52115,47617,38589,57420,4659,11758,22205,64078,34256,45587,58289,42808,3179,28384,5354,49231,51642,58958,43753,61030,21532,28078,16538,41221,55195,62030,42995,58955,20274,28850,7416,35142,51603,62798,60846,64366,19761,1170,2458,63575,34256,46352,58289,48953,10871,12166,16567,41746,49810,62307,60915,57438,18733,12194,445,59995,50330,62541,51704,58702,16689,10932,18102,48676,35730,62048,44265,64586,21546,11695,20123,42250,34190,42780,41723,64100,10811,12166,16567,41746,49810,62307,60915,49234,17456,15269,7416,65350,45004,60263,41714,57468,18224,14210,4022,43830,49294,62287,65213,55848,21053,9893,26294,41747,45046,59469,41726,43364,19480,8879,25260,47113,49298,42835,58272,59201,21549,11681,17595,42056,53913,55305,39874,52562,630,28918,18415,65361,40137,45845,64424,47677,5226,27362,11249,42528,50323,50261,45554,60518,3628,11395,20394,47107,50350,60997,45288,46120,30078,10884,4021,44808,36235,43792,62397,33569,19480,8879,25260,47113,49298,43347,41677,60538,21552,32480,26616,42250,53661,59720,33274,59260,10836,11436,16571,59914,51642,58958,37097,64380,19249,25509,485,42031,53647,59712,42750,59174,22331,7400,31111,36412,34772,46103,42410,48190,4714,30708,6381,44627,38601,44547,51636,58702,16689,4276,21420,41225,35737,59490,44273,43386,99,11395,20148,63764,50130,59475,37360,52047,4726,30450,500,65365,34256,45589,51636,58702,16689,4276,21420,41225,35737,61301,41204,59235,21307,25523,485,49236,51642,58958,37097,64380,19249,28069,16520,44820,53650,47617,34237,58980,21567,11689,25535,42002,45046,59469,41726,43364,19480,8879,28076,44297,34195,42780,44500,64891,20031,9891,20470,48387,64212,57214,34759,43808,18025,8693,5869,64339,38601,58902,62632,48445,4971,8949,2298,49231,51642,58958,36841,61031,3633,8846,17589,63302,64220,57214,34759,43808,4201,8949,6381,64851,38856,58902,64168,47165,6507,27362,26578,42250,53661,59501,44282,49190,16691,9895,7416,38214,64931,50043,57781,48444,5227,9972,5869,65362,37064,46100,61865,61245,4715,8432,6377,62295,38092,46353,62637,48440,5742,29936,4328,44118,50124,46097,62637,47928,18030,28912,2298,35948,51856,62272,44241,58991,29552,14761,445,59995,57769,59976,60847,60518,2089,28656,4856,58964,38364,42765,61870,33569,19480,8879,28076,44297,35731,59505,43758,57468,20017,32480,29944,41762,38801,59663,46328,47392,5488,25580,4341,58960,38364,45583,58289,47141,2408,1482,20148,48647,51888,59462,33203,60009,18229,11442,20397,40450,50318,62543,41709,60538,17200,25529,485,49239,51642,58958,36841,61031,3633,8339,19897,40451,54661,42820,58272,59213,19755,4334,16571,44810,56488,57937,34227,64865,26196,11436,21945,42282,51867,56591,44500,60524,38,25597,4333,35948,51856,62272,44241,58991,28784,12705,20413,59922,34241,60263,41714,57468,18224,14210,11190,42604,50835,60224,34237,58980,21567,11404,20159,42277,52110,62788,65213,49192,21296,8884,17078,58371,49298,44886,40130,54096,2074,30178,5867,64768,37065,45848,63145,48176,5229,25076,2289,35948,51856,62272,44241,58991,20253,11698,21437,35144,55187,57935,37359,60777,21815,25523,485,36403,51349,59663,46328,47136,114,27376,26578,42250,53661,59501,44282,58955,20012,12709,29174,47111,52121,42837,58272,58702,16689,4020,18103,49161,51702,58446,45052,61224,20011,14243,20145,59912,53896,57924,60403,60263,17716,14243,500,47126,54675,62788,43753,64109,114,13988,16554,41746,52115,42765,47086,58737,3131,10208,21425,43267,52360,59726,51636,43304,126,11436,16571,59914,52117,59463,65213,56616,17705,11685,20369,42240,52178,61508,42933,64381,21567,11433,438,47113,38364,45839,58289,64891,19495,25509,21431,36678,53394,43340,41688,57467,18224,14227,19873,58371,53421,58176,58289,57452,17708,14243,20145,59912,55187,49665,46835,42853,16667,10931,18102,41762,49294,62274,44276,42854,21777,27316,466,59974,51676,58446,45052,59432,18736,25517,485,48434,49305,54351,45560,57470,17725,250,17578,48647,36249,58702,42743,64875,114,11689,20158,59978,55180,63310,45560,57468,21307,18921,504,59974,52125,59976,37799,59492,2087,18921,504,59974,49294,62037,44527,59432,18736,18861,20413,49154,58358,59469,47100,59233,25145,11700,27894,48905,49295,59748,42729,45946,20253,11694,17085,57874,53402,58447,43753,59239,2422,25546,504,48710,49291,59716,34229,58980,21567,11689,25535,42002,34256,36186,58301,43304,126,25568,18571,44828,39132,53761,43737,47973,20080,13477,4592,59978,37833,42765,61357,48168,2408,18924,504,59974,34268,42753,41695,57963,21049,13999,17846,42277,51856,46163,65213,51752,19505,12719,4075,47104,51347,49267,60383,45369,114,31729,500,65108,45013,42753,58301,42357,4222,29166,3565,36678,53394,43340,41688,57467,18224,14227,19873,58371,50366,60482,58289,59213,19755,1774,21177,41999,57755,62792,41208,57468,20017,3310,21933,49231,34268,42753,58263,43304,21630,9911,20413,35918,51856,62272,44241,58991,114,18875,504,59974,34268,42753,43726,60530,7550,5856,18588,63499,52178,61508,62389,43300,5741,25580,3560,63814,36042,36109,58301,43304,126,25568,20104,41749,52360,59726,65213,56360,18714,29101,20470,48387,38356,45583,58289,47141,3174,29664,5366,59978,38097,44569,51633,43304,126,25568,504,42292,50312,61013,44530,46120,4478,18930,504,59974,35201,46849,61875,42301,25982,13998,4021,43811,52367,57423,47054,58737,3643,8834,19131,59978,52153,59988,34483,64105,20023,1959,21425,43267,52360,59726,36019,64893,10871,25568,504,60012,34268,62209,42730,59245,26230,11436,21945,48693,51854,57930,58289,56691,18742,10403,17590,47381,39132,46337,64435,43300,20253,11436,426,59995,51903,59469,61679,61222,20268,4525,25503,63566,37065,42765,62379,43300,4201,16105,500,58454,37070,36104,44536,41068,10836,12166,16567,41746,49810,62307,60915,58949,21291,4005,16573,44816,59078,59726,42739,64875,18038,11701,21947,42255,36242,36104,58301,43304,22314,9893,2486,42528,50323,61013,42227,64842,3120,14560,466,59974,34268,42753,37053,62305,59,25597,25997,42767,35790,57935,60394,42296,5502,28656,4600,59978,38345,43784,58263,43304,126,25568,25592,43271,49815,59475,44520,51820,19505,12719,491,59995,51903,59469,61679,61222,20268,4525,25503,64334,35278,46593,61359,47144,2408,25546,504,46918,34256,43281,63151,43300,19995,11957,25846,47367,52117,54342,47849,60516,29040,8885,3516,36678,53394,43340,41688,57467,18224,10884,17578,48645,51861,43343,46802,41084,84,25568,11256,59974,34268,61525,42744,41318,19480,8879,28076,44297,35219,64513,58263,43304,126,25568,29432,45071,34201,42780,34760,58465,3692,9902,2479,58966,38620,43795,62397,43300,4717,28649,466,59974,34268,42753,37821,64103,21559,11433,438,59995,57769,59976,60847,60518,2089,28144,3565,59206,37837,42765,60845,42301,3454,30193,3569,60012,34268,42753,58301,56104,21553,14241,20145,59912,34241,36113,58301,43304,3107,29664,5110,58963,57564,62031,60912,59469,18733,9390,21899,42527,35737,62064,43004,43300,19995,11957,25846,47367,52117,49990,45556,60013,18730,11695,28406,48659,45013,42753,58301,43266,126,14304,17583,41987,58324,59469,47100,64859,20268,9899,500,40477,52372,60482,42739,64123,7550,29152,500,42277,51856,42835,58272,58955,20274,28850,18422,42260,63377,50534,61877,48186,114,30451,500,65362,55509,42765,60845,48186,10871,11685,2236,49260,51856,58946,58353,64622,17200,10932,20407,47430,50316,59734,41677,64890,17207,9900,2288,60012,34268,60929,58363,58982,42,3203,26518,36143,62930,62784,43753,58731,21307,11653,17337,44810,34200,61269,44536,64296,21563,12725,438,41987,44952,42753,58301,58980,16701,25516,424,59995,52149,62290,44540,60523,20080,13477,32496,37433,57766,42249,62378,48444,5995,8693,4845,58180,45013,42753,58301,58980,16701,25516,18603,44828,39132,59905,47100,42848,16684,10158,19639,63822,34256,44564,58263,43304,19582,8367,19897,47430,50312,62291,58309,43317,16691,11188,21494,41991,51864,44876,61359,45096,2406,27872,4344,64086,34294,42753,44989,60007,19519,10208,18602,48640,34212,42780,44725,64873,3638,8882,17846,42761,35028,45584,58289,48185,119,25583,4585,58198,34294,42753,44989,60007,19519,9952,17846,59966,34241,58956,44009,59942,16690,13229,21232,43794,53646,42873,58294,64364,17975,7092,500,58454,38860,42765,60845,45361,10871,25568,504,42250,50335,42829,46841,59514,18730,11695,7416,42822,53661,43337,41711,60774,19761,28904,3565,64582,36044,43009,62141,33592,126,25568,466,59974,54748,54287,47604,43373,99,1941,19633,58452,49298,44886,61357,64040,23095,28581,4600,59978,52367,57947,51636,43304,126,28080,20104,41749,52360,59726,65213,56360,18714,29101,20470,48387,54996,58965,47087,42320,4222,25580,4073,65366,34256,44561,58263,43304,20606,494,17081,44301,51854,59732,33017,58727,21041,25587,485,42830,53661,43337,41711,60774,19761,29416,500,58197,39132,42780,60076,59432,17456,224,19895,47113,35791,62791,44786,52826,2076,30450,3565,64326,38344,42765,63148,41016,20350,25522,20123,42250,38542,57615,44271,56165,25113,29160,5355,59978,38344,42765,63144,33569,126,25568,4008,43812,52895,62790,46834,60774,21002,11681,20907,47111,52121,65090,65213,47400,6512,25546,504,47686,59346,62798,42745,55930,23095,5029,22961,42499,39132,46849,58263,43304,20606,6638,20369,44802,34180,42780,51628,43304,126,28080,16520,44820,53650,47617,37821,64361,18730,12195,25277,41993,50312,59720,45560,43266,126,18912,504,59974,51856,58946,58353,51832,21041,9902,426,59995,52149,62290,44540,60523,20080,13477,32496,37433,57766,42249,61611,61247,5481,31477,5612,62035,38601,45845,60095,33569,126,25568,25256,47113,49298,43347,44254,59258,21051,8850,18620,47379,39132,53761,43737,42853,17712,27575,3561,64070,45013,42753,58301,51832,21041,9902,4010,43830,49294,62287,65213,63784,10836,25568,504,43794,52879,62479,41709,59263,18038,11701,21947,42255,36242,36104,58301,43304,126,25568,22188,44803,36242,43857,47293,59466,19261,12711,21687,44552,55208,59712,46062,64361,20027,15011,7416,42822,53661,43337,41711,60774,19761,28904,3565,64582,36041,43009,62141,47416,3107,10208,21421,48647,51861,42831,58295,42808,2413,25546,504,59974,34268,62209,42730,59245,20598,25580,29091,47369,53653,59464,58355,43317,25611,11945,4074,44808,36235,59716,39929,43300,3182,28384,4072,62038,34256,44561,61408,60712,21035,14241,20145,58888,57564,62031,60912,59469,18733,9390,21899,42527,35737,61037,42739,64361,10871,25568,504,59974,34268,58965,43246,65062,18751,27572,21692,43796,52360,59726,59837,47400,6000,18921,504,59974,34268,42753,46313,60525,2096,28592,23288,43812,52895,62790,46834,60774,21002,11681,20907,47111,52121,65090,65213,47144,3107,10208,21421,48647,51861,42831,58295,42808,2413,25546,504,59974,34268,62209,45308,42851,16681,14249,17904,47123,53661,59464,58355,43298,3694,27379,466,59974,34268,42753,46013,52530,21307,12724,22711,58190,34294,42753,42685,60774,10871,11685,11196,48748,54941,43338,46062,65129,2096,13990,17078,41746,52115,44553,58263,43304,22398,10920,17588,34630,52381,49487,41711,60517,28784,12705,20413,59922,51864,42795,58301,43304,126,10976,446,34085,58290,49256,37811,64361,18730,12195,21181,42019,51101,57933,58361,57724,20027,25546,504,59974,34268,42753,58301,64040,16686,11703,16520,48660,50837,57933,60085,43266,126,25568,504,44870,49554,42795,58301,43304,126,14304,21177,58381,50315,62280,44725,64873,3638,8882,17846,42761,37332,42765,60074,42536,4478,27376,466,59974,49372,58191,42647,60774,10871,12234,17079,42503,50140,59732,47102,58977,48,8877,17587,47138,49821,58950,45055,41325,21050,9377,16528,44552,49296,42765,41705,61050,21563,12678,19641,58115,34294,42753,44989,60007,19519,10208,16554,44289,52117,43846,42941,59514,26937,13230,21933,59978,55192,57408,47054,64361,3114,12512,16556,48660,51884,36178,58301,43304,21050,9377,16528,44552,49296,52751,46067,64893,17692,8871,7094,42277,52114,58436,60393,64622,17200,10932,20407,41806,54674,62292,51636,43304,126,25568,504,44047,52444,63311,47080,56358,17709,2738,20918,48659,56488,57937,65213,43317,19995,11957,29942,44821,60558,63311,47080,61532,17710,3822,21687,44821,53438,62293,44530,43321,21041,10976,20918,48659,61650,57938,35567,63846,21547,14996,17576,63302,34241,59748,44776,56358,17709,2738,20918,48659,56488,57937,38835,64615,18493,14304,17584,49160,34268,42753,58301,43304,126,25568,21436,44295,52379,57423,65213,64808,21804,18853,504,59974,34268,42753,58301,43304,21050,9377,21899,47111,34184,42780,44532,64632,3626,11408,18603,41746,52115,42795,58301,43304,126,25568,504,47430,50312,62291,44237,43387,99,8884,18090,48643,55226,59968,60920,58968,18733,10932,20407,60012,34268,42753,58301,43304,126,10976,20918,48659,59090,58953,42227,60781,25444,11695,17590,48645,50132,59732,47102,58977,2096,18921,504,59974,34268,42753,58301,43304,126,25568,18353,41798,54674,62292,38579,60539,26924,13230,21933,48693,53661,42820,65184,52264,21808,28077,21133,47107,52149,62033,37097,59516,17706,1774,17846,48710,49300,36175,58301,43304,126,25568,504,59974,34268,42753,58301,43304,21050,9377,18623,44296,39132,57601,45052,60539,84,25568,504,59974,34268,42753,58301,43304,17790,10158,466,59974,34268,42753,58301,43304,17790,10158,11249,59974,34268,42753,58301,59245,10810,25568,504,41987,35992,42795,58301,60712,16684,2983,20409,42498,35737,59752,46829,51836,16694,9390,17853,35164,52115,57935,47102,61216,20011,14243,20145,57864,52117,62033,60137,43266,126,25568,504,41798,34202,59720,46829,42876,21259,12709,20369,48918,61832,63320,58360,46133,25982,13998,4021,47411,55193,59752,46829,56700,20519,28069,20117,47379,59545,61774,44792,59245,42,12719,18680,47624,53641,53775,42734,49274,20528,14261,22668,44822,39132,42780,44504,58493,30064,9907,26794,47624,53641,65141,42733,56614,21809,11171,22008,44814,44946,42753,58301,43304,126,25568,504,47106,49821,59752,46829,43388,99,11689,21672,49170,34268,42753,58301,43304,20027,18852,504,59974,52121,44613,58263,43304,30078,9907,26794,47624,53641,57970,46575,60001,3643,11657,21672,35090,50324,57423,43000,51762,20017,9902,21947,44110,52105,62274,44276,41318,20023,14000,2220,60012,34268,42753,58301,57384,56,11438,428,43794,49806,62276,45531,58473,3643,8848,17578,48648,53724,57929,58355,60538,21802,11698,17656,44552,34294,42753,58301,43304,18814,25510,20401,48918,34184,47644,42941,59514,26937,13230,21933,43846,49554,58113,41711,61039,20023,25511,18860,41987,34294,42753,58301,43304,126,25568,19960,43273,51613,58113,45048,59516,7550,10976,20918,48659,62930,62542,47092,58977,48,25581,21436,44295,53679,62784,51689,43304,126,25568,504,59974,34268,58965,42223,64877,21016,11937,4029,42294,52367,61013,44530,46120,30078,10884,5045,42056,53913,62473,41705,64890,20238,28083,3968,43317,51613,43844,45245,59516,21548,11408,4011,58430,50099,62535,47096,41512,17534,12197,16556,37448,34256,62290,45564,55676,21297,6894,29430,43781,49296,42765,47086,64361,28714,12463,30966,34120,50074,57938,58345,43299,17722,14252,4025,58175,34294,42753,58301,43304,17790,10158,466,59974,49372,58191,51636,59245,10810,11978,19129,36355,50318,57414,41468,60516,26230,11436,21945,41999,59291,59733,58289,58702,16689,10932,18102,48676,35986,36139,44273,59499,50,13990,17078,41746,52115,59905,43260,56173,21307,14761,17337,44810,52692,59712,45049,42349,21630,12705,17599,35858,50318,57932,58289,57445,30512,25580,18613,33288,45013,42753,58301,58980,16701,25516,17578,41749,52358,57423,65213,61224,19519,9907,466,59974,51676,58446,45052,64040,16682,14258,20104,58901,55004,58965,47087,57435,17700,25546,504,41542,52125,60229,60920,59201,21806,436,18109,41991,59078,59726,42739,64875,18038,11701,21947,42255,36242,59720,46829,41084,84,25568,504,59974,52444,42823,44532,64632,3626,12437,21437,42031,53388,54101,46052,43373,7523,1760,21686,58379,54953,62788,44500,64632,29738,13241,4029,42283,54921,50500,47080,59004,4400,11488,426,41999,53388,43349,45256,64365,19991,14000,30124,47647,34201,47644,34493,64614,3635,12437,21437,42031,53388,54101,46052,42861,20234,8373,432,41490,52121,42795,58301,43304,126,25568,504,47174,54937,64840,44532,43375,99,12724,17581,60012,34268,42753,58301,43304,126,12512,16556,48660,51884,42834,58272,59233,21806,28084,20104,41749,52360,59726,58263,43304,126,25568,504,59974,55004,58965,47087,57435,17700,32480,22008,47111,49307,49493,41711,60517,24944,12450,19895,48659,63129,64840,51704,43304,126,25568,504,59974,34268,59720,46829,42876,18461,11681,17599,61442,51903,59727,41208,41340,21816,8366,18604,41993,36052,42795,58301,43304,126,25568,504,59974,34268,60929,58363,59233,21806,28084,21133,47107,52149,62033,37097,59516,17706,32480,485,42019,51337,53775,42734,49274,20528,14261,21899,48647,35737,59748,58361,57724,20027,25546,504,59974,34268,42753,58301,43304,126,25568,504,47174,54937,64840,44532,43375,99,8870,21172,49155,34268,42753,58301,43304,126,25568,504,59974,52121,36165,58301,43304,126,25568,504,59974,52121,44613,58263,43304,126,25568,17656,44552,34294,42753,42685,60774,10871,25568,504,47411,55193,59752,46829,55932,21051,10934,17595,33608,54674,62292,43998,59241,17721,31140,20123,41992,50841,44885,46843,60006,18730,11695,18672,47624,53641,36104,58301,43304,126,25568,18353,42054,53651,62209,45564,60527,26154,8882,17589,39496,55197,59716,58345,57724,20027,12768,21949,47123,34194,59716,51705,43304,126,25568,504,44047,55260,62532,47604,59233,57,11681,444,41806,54674,62292,38579,60539,26924,13230,21933,45874,49292,47617,58272,59213,19755,5870,17579,33556,54674,62292,47817,60536,28016,13999,17579,42283,49290,57932,47091,58920,44,11689,21672,58386,54953,62788,44500,64632,29738,13241,445,63323,57564,62031,60912,64093,21051,11657,21672,40466,54661,43332,44233,60029,2358,14304,17584,49160,34268,42753,58301,43304,126,25568,20148,43781,34192,57925,47089,43369,99,11689,21672,58386,51884,61010,43753,59239,3454,12512,16556,48660,51884,36178,58301,43304,126,25568,504,59974,51856,58946,58353,60518,30505,32480,19704,48647,35732,58956,60389,57445,30512,11488,426,64083,35276,62465,41705,64890,18701,9914,31222,57670,49628,60228,41705,53542,10871,25568,504,59974,34268,42753,58301,58980,16701,25516,17590,33297,39132,59905,47100,42848,16691,27576,18613,33288,51932,42835,64430,42296,21374,8884,21930,41781,49286,56847,59581,60712,19515,8884,30966,49231,34268,42753,58301,43304,126,25568,16556,44308,53657,62823,44796,42861,18701,9914,7416,40774,52408,46412,44467,65133,4214,25580,17590,40209,34256,43793,44477,65133,2326,25546,504,59974,34268,57857,42995,43266,126,9952,17846,49231,52121,36165,58263,58626,17201,12193,26104,47375,51871,58195,41690,60540,16681,5561,17585,59921,34241,59752,47086,59241,17725,11758,22205,38222,64931,50043,57781,47423,5226,29941,17389,63827,36062,36104,43737,60027,21041,1188,21945,48387,56477,61047,46328,50982,19775,25509,485,38201,65444,44901,62655,48186,5176,30453,5357,65119,37064,45075,63148,48447,5484,30707,5353,65105,37786,45585,63227,48443,623,18921,18588,43285,55187,49221,47100,65133,22847,10902,22205,39240,57237,42820,58272,52573,19767,28146,17590,57873,35277,46849,58289,42297,4222,18921,18588,43285,55187,49221,47100,65133,22847,10902,22205,34888,50845,57418,44271,59261,29754,8882,21174,43798,49294,58447,58340,43317,10863,10884,17067,47113,58008,62272,46328,61545,18696,13477,31734,42031,49304,42841,58272,33594,18714,8371,21431,36098,53661,61508,47868,57438,22331,5102,21433,41987,34184,42780,41680,59233,21016,11937,11197,43787,49303,62821,42236,59503,19516,27557,18588,43285,55187,49221,47100,65133,22847,10902,22205,59978,50353,59720,45531,58473,2363,18890,20148,43781,34192,58982,42729,59519,24871,8355,20413,59922,34241,59752,47086,59241,17725,11758,22205,38222,64931,50043,57781,47423,5226,29941,17389,63827,36062,36104,41690,60540,16681,697,17083,41987,35720,61042,42727,46120,30078,10884,5045,42056,53913,46601,58289,42296,4222,25580,2283,36204,53661,61508,47868,59977,17725,14254,25590,47113,49304,54355,47604,55661,22583,12197,7416,64070,58102,62272,46328,61545,17183,9891,21942,34888,50845,57418,44271,59261,25402,12207,21431,59989,34241,59490,44273,47738,18032,11442,29621,34849,38868,45587,58289,48187,114,30452,11249,43809,49288,58966,33508,60011,20027,28084,26754,44552,56729,47617,61629,52738,21567,13477,22713,43303,49311,62287,37811,64361,20027,25524,485,41762,50831,62798,34041,64873,22331,15009,18574,48387,45046,59469,41726,43364,16665,9908,16559,40479,53653,57933,65213,49192,21296,8884,17078,58371,49298,44886,40130,54096,2074,30178,5354,65109,37273,45075,63228,48191,5482,30451,953,58191,58102,62272,46328,61545,18698,12212,4029,44850,53636,47617,40125,53591,25604,25064,16616,64083,40137,48916,61865,48953,5483,31477,16621,62291,37320,58641,63404,48444,4459,30709,17641,65110,37068,46097,41644,48953,4718,30192,16617,64599,38604,46097,42412,48441,6254,8944,5613,62038,49354,58391,62892,60479,4968,30711,16616,62295,37321,48913,41645,45113,4203,31477,6637,63570,40396,45328,41388,48953,5481,31479,17391,43089,38602,48918,42410,47934,18024,27362,26322,48647,53913,65088,43721,58748,3643,10898,18875,44850,53636,47617,47037,64634,10811,8839,17580,43793,61829,62280,42737,53030,20017,25524,485,42019,51337,49423,44530,42876,20249,11188,19641,42276,49552,49195,47100,65133,22847,10900,19884,58371,49320,62297,43726,60530,7550,29408,11246,43809,49288,58966,38884,64865,17714,6126,22973,35090,51603,62798,58286,43317,20253,11436,4778,44104,51854,54604,33242,47904,5483,25580,5354,58963,38876,45588,51636,59471,17706,8887,30113,48655,49296,55055,45298,64865,20279,25518,485,36403,51349,43283,42739,41343,3182,29152,3564,64070,34256,46867,51636,59471,17706,8887,30113,48655,49296,54287,47604,43373,99,1941,19633,58452,49298,44886,61356,42024,4201,25580,3560,63558,36046,49195,47100,65133,22847,10900,19884,58371,49320,62297,33477,57444,20025,9901,21942,63302,57564,62031,60912,60508,21542,664,18612,41985,49297,62287,36787,61293,10794,8839,17580,43793,61829,62280,42737,52006,17215,9387,20138,42003,61848,58963,45299,59512,17708,8366,417,59995,45005,58982,42729,59519,29735,14249,17588,36936,52149,57925,58341,43317,10861,8839,17580,43793,61829,62280,42737,55590,21055,11685,428,59995,52408,58450,45554,52844,21567,13477,22713,41776,53913,36139,44273,59499,50,8839,17580,43793,59013,59469,42734,46120,27006,12462,16556,43272,35737,57935,60394,54871,31238,27524,6138,65364,37327,45892,62639,48444,5229,30706,5354,65375,34756,44552,33943,64873,22331,15009,19867,47369,35737,61042,42727,46120,30078,10884,5045,42056,53913,46857,58289,48442,114,28656,5112,58194,58102,62272,46328,61545,19485,12463,4029,42294,52367,61013,44530,46120,30078,10884,5045,42056,53913,46601,58289,47653,3174,29664,500,62039,45013,58982,42729,59519,25383,11436,17579,34888,50845,57418,44271,59261,25402,12207,21431,59989,34241,59490,44273,47738,18032,11442,29621,34849,38868,43795,61885,42298,4734,27382,26322,48647,53913,65088,45022,64103,3643,9876,21920,63302,64220,57214,34759,43808,17768,27362,26322,48647,53913,65088,45022,64103,3643,11398,21942,63302,57564,62031,60912,58958,21552,1262,21943,43790,59281,60238,51705,59471,17706,8887,25249,42250,49295,54031,48120,55932,23095,25509,485,64343,58102,62272,46328,61545,19485,12463,4029,44850,53636,59490,44273,47738,7550,224,19895,47113,35791,62791,44786,52826,2076,30193,3560,64326,38346,42765,62636,41016,26452,14241,22205,45831,51647,62542,60920,64585,20266,13954,21932,41993,51903,59469,58351,43317,16696,12460,11197,43809,49288,58966,32996,58980,17709,6638,20369,44802,34180,42780,51630,59471,17706,8887,25249,42250,49295,55055,45564,59245,42,25597,18588,43285,55187,49221,47100,65133,22847,10902,22205,49260,51856,58946,58353,59471,17706,8887,25249,42250,49295,59490,44527,64365,7550,2784,21174,43794,50834,43332,42739,41343,32513,6552,2460,64580,37583,45127,63144,48433,5482,30456,5611,59474,36053,49195,47100,65133,22847,12163,21175,35075,55187,57935,60911,58955,20012,12709,16522,41730,54921,47617,38589,57420,3635,9902,2479,58966,37852,36104,41690,60540,16681,185,20148,44821,51903,59731,45560,55590,21055,11685,428,59995,50363,57941,41706,51825,20274,9907,11218,42250,50335,42829,41690,60540,16681,1977,21181,59909,34241,59752,47086,59241,17725,11758,22205,38222,64931,50043,57781,47934,4971,9972,5100,43857,37577,45844,61608,59453,2428,18921,16543,44818,50315,50008,45304,42859,17674,14264,7416,38214,64931,50043,57781,59967,6507,9717,6637,64599,40137,46101,63401,48953,6507,29685,4589,44115,37065,57620,62632,59453,5743,29175,18413,65362,37065,48660,63401,47933,5743,30452,4845,65106,38344,46100,63401,48953,4714,31477,6121,65106,38601,45588,61608,61245,4202,28917,6121,63570,49353,46100,62892,59453,5995,29172,4845,65362,38856,45328,63145,48189,5226,9717,6124,63570,37837,46101,62889,47933,5995,29172,4845,65362,50381,45328,42920,47677,18026,8949,4845,65362,37064,45328,61608,60476,4971,30453,4844,63570,50121,48660,64424,48953,5738,28917,5612,44627,37064,58896,62892,48701,6251,29173,6121,65110,38860,48656,62125,48953,4714,28917,5357,44883,40393,57620,63144,48701,16747,30193,5356,63826,37832,45333,64168,48444,4714,31729,2298,36204,53661,61508,47868,60492,17197,1518,20407,59922,34241,59748,44776,53030,20017,28084,20127,41490,51357,49195,47100,65133,22847,9860,17067,40520,56729,54357,47604,43373,99,29169,26322,48647,53913,65088,42713,60027,29808,15269,25260,42505,55187,42770,58272,58955,20274,28850,18422,42260,63377,50534,62133,47422,114,30193,3560,64326,38347,36104,41690,60540,16681,1977,21181,58373,51884,61010,43753,59239,7550,5856,18588,63499,52178,61508,62389,43300,5228,25580,3560,65350,36046,49195,47100,65133,22847,9860,17067,39240,57237,42820,58272,52573,19767,28146,17590,57873,35277,43521,64425,43300,3182,30688,2272,36204,53661,61508,47868,60492,17197,6126,22973,40210,50318,63313,43000,46120,21630,14002,11197,43809,49288,58966,34788,64109,3645,9876,21920,35646,52368,59718,42736,64870,7550,1760,21686,58379,49320,62297,33477,57444,20025,9901,21942,34376,50073,36181,41690,60540,16681,1977,21181,58373,50366,60482,45562,64615,17456,12692,20409,47637,55197,59716,47870,46120,4478,1226,21945,48387,56477,57957,41198,54054,19991,9892,416,59995,45007,58982,42729,59519,25639,12453,4027,43830,49294,62287,65213,52520,21303,11427,17834,43809,49288,58966,38372,60513,10793,12234,17079,42503,58076,62272,46328,61545,20244,11689,21914,59912,34241,59752,47086,59241,17725,11758,22205,38222,64931,50043,57781,47934,4971,9972,5100,65105,38600,46357,61865,45117,6251,27362,11249,43809,49288,58966,35300,57447,25136,11700,29430,45071,34201,42780,34760,58465,3692,9902,2479,58454,35273,43521,62382,43300,3182,28896,2286,36204,53661,61508,47868,58946,20023,14210,4022,42294,52367,61013,44530,46120,30078,10884,5045,42056,53913,46857,58289,48442,114,28657,3320,65107,45013,58982,42729,59519,27175,10927,25526,42002,59346,58432,42230,59002,20011,164,19895,47113,34255,42780,44254,58980,4908,9710,20138,38923,59323,46345,62383,43300,5485,25580,5356,49231,50363,57941,41706,50033,18737,430,20396,40520,56729,42837,58272,54871,31238,27524,5882,64773,37573,45127,62117,48958,5995,30195,6124,64854,37839,42261,51636,59471,17706,8887,27553,41737,59282,59733,34227,59239,42,25597,20381,42771,58322,59726,60905,58959,18474,11937,20122,44554,58102,62272,46328,61545,20244,11689,21914,58376,49320,62297,43726,60530,7550,29408,11242,43809,49288,58966,35300,57447,25136,11700,30198,45571,59016,60238,45554,43323,99,11395,20148,63764,50130,59475,37360,52047,4726,30453,500,65364,35273,46337,63144,33569,16665,9908,16559,32799,52371,50511,44521,51238,21547,431,21933,42258,59026,60238,45554,46120,18046,12193,17579,36204,53661,61508,47868,58946,20023,14210,4022,33596,49554,65348,65213,47656,26452,14241,22205,45831,51894,59720,47071,42854,16654,9906,21942,63302,57820,62536,44286,60794,16665,9908,16559,39967,49301,36182,44951,60007,19519,1248,21945,48387,56477,59499,44532,58955,20012,12709,7416,33606,54930,58965,41203,42861,17712,27575,32391,36926,36280,45315,62638,48750,5483,30713,5356,65374,37327,42261,60084,52738,21567,13477,22713,42284,52117,59490,44527,64365,25456,12719,17590,38932,49565,62024,58350,43317,25611,11945,20470,48387,38356,42765,60069,52738,21567,13477,22713,42284,52117,59490,44527,64365,28784,12705,20413,59922,34241,58982,42729,59519,27175,10927,25526,42002,45046,59469,41726,43364,16665,9908,16559,36383,50841,61005,42739,64842,48,25597,20369,48661,52125,57922,44467,65133,32630,7071,25986,59470,38858,46100,42665,47932,5225,28916,5100,63570,40137,48916,60095,33569,16665,9908,16559,36383,50841,61005,42739,64842,3632,10899,17570,63302,61660,61029,61936,59174,22331,29672,5366,59978,38609,43793,62397,43300,5741,18921,16543,44818,50315,50008,41208,57444,17712,14210,4022,42294,52367,61013,44530,46120,30078,10884,5045,42056,53913,46857,63155,43300,3176,29408,500,65355,36040,49195,47100,65133,22847,9860,19899,41999,59289,59733,33203,60009,18229,11442,20397,35074,51603,62798,58286,43317,20253,11436,4778,44104,51854,54604,33242,47904,3180,29152,3562,63558,36036,49195,47100,65133,22847,9860,19899,41999,59289,59733,38835,61805,42,25597,32391,36926,36280,45059,62632,48689,5734,29938,5822,64606,37583,42258,51636,59471,17706,8887,26017,43267,52368,57935,47071,42854,20248,14254,7416,36678,53394,43340,44251,64870,26480,14255,16560,34827,51603,36165,41690,60540,16681,1977,17085,41738,49298,62307,60915,60508,21542,10899,17570,63302,38108,36115,41690,60540,16681,1977,17085,41738,49298,62307,60915,60508,21542,11395,20148,63764,39132,50177,45042,64359,3693,12710,19639,36148,36286,48912,61357,47144,4198,25580,6377,58198,58102,62272,46328,61545,17690,12195,20401,34819,52104,50703,47080,52071,21547,11444,25270,42505,55187,47617,42429,58729,17709,1226,21945,48387,56477,57957,45054,59233,25147,11700,31734,42031,49304,42841,58272,33595,16665,9908,16559,36383,50841,61005,42739,64842,3632,8848,17578,48648,39132,49921,45300,58987,17452,8839,17580,43793,62341,57928,51690,58626,17201,12193,26360,48647,53913,65088,42713,58731,20023,165,21431,44808,34190,42780,44500,64891,20031,9891,20470,48387,64212,57214,34759,43808,4968,9719,5359,62291,37320,48916,61608,48444,2428,18921,16543,44818,50315,50008,41208,57444,17712,11395,20394,47107,59090,62798,42739,56186,17471,13993,427,59995,57769,59976,44467,65133,4214,25580,2272,36204,53661,61508,47868,60492,19517,11689,25277,47113,49298,43347,41677,60538,21552,32480,26360,48647,53913,65088,42713,58731,20023,421,20396,49260,45020,59469,41726,43364,17677,9900,21947,47113,52394,61508,65213,49192,21296,8884,17078,58371,49298,44886,40130,54096,2074,29922,5608,65362,37067,45635,57774,40993,29524,12197,17085,42258,62350,57928,60906,59462,17715,32480,32504,37433,57766,42249,63147,47677,16747,28917,5357,63570,40137,45845,62379,61245,4971,29428,2298,39276,51609,58436,44265,57210,17719,28087,18571,44828,39132,53761,43737,47973,20080,13477,4336,59978,35276,46593,58289,41016,29524,12197,17085,42258,62350,57928,60906,59466,19261,12711,21687,44552,55208,59712,46062,64361,20027,15011,7416,64326,63222,60228,41208,59004,30252,9897,4015,41776,52367,60227,58360,43317,16696,12460,11197,44853,49296,62274,45554,57438,22331,6638,20369,44802,34180,42780,51631,60507,17714,14243,21431,41776,53913,55055,45564,59245,42,25597,16533,41999,55226,59968,51704,43266,19540,8367,19897,39238,49557,58692,45564,46120,27006,12462,16556,43272,35737,57935,60394,54871,31238,27524,5882,65110,37064,45590,63231,43835,2423,4298,17841,43011,55197,51471,44796,43373,99,7327,31616,57890,37854,45588,63227,48186,5485,30452,5615,59474,45013,61042,42745,59498,3628,10899,17570,63302,61660,61029,61936,59174,22331,29672,500,62039,35276,46593,58289,41016,29524,10153,17341,47111,59346,58432,42230,59002,20011,164,19895,47113,34255,42780,44254,58980,4908,9710,20138,38923,59323,46601,61355,47144,3176,29152,2282,39276,49557,58692,45564,52006,21041,9892,29354,45071,62873,65352,45048,46120,4222,4298,17841,43011,55197,56591,44500,60524,38,25597,11243,41781,49304,58947,60911,59480,17708,14254,7416,39238,51609,58436,44265,57210,17719,18871,16565,44813,55224,57408,41722,58730,2107,10899,17596,43780,35214,51713,43772,53094,16684,9901,11249,42604,50835,60224,37053,60769,16955,12705,20123,42004,55193,47617,35517,64102,16682,8366,4029,44808,36235,55422,39365,41292,5756,29939,5822,65363,37317,45589,63141,48443,618,27369,29394,44559,51097,62784,44254,59258,21051,238,21431,44808,63374,58176,46836,43387,99,1941,19633,42056,53913,46857,58289,48441,10871,10899,17596,43780,59022,62798,42739,42874,16654,9906,21942,63302,63196,58184,41464,64361,10836,11436,16571,59914,52399,57925,41727,52858,16684,10916,20413,59922,34241,59752,47086,59241,17725,11758,22205,38222,64931,50043,57781,47678,18025,29431,5612,64851,38857,57620,61608,45373,4714,27362,11249,41781,49304,58947,34031,59514,18746,11685,4012,42277,51856,42835,58272,58955,20274,4274,20669,44819,50834,43332,42739,41343,10789,25568,504,42277,51856,54355,45816,60541,17200,2213,22717,42262,52117,43349,42739,41343,3182,224,19895,47113,35791,62791,44786,52826,2076,31729,500,62039,34256,45843,60084,33572,126,25568,20123,42250,63118,63044,42728,60006,27451,15013,20136,41999,35720,57935,60394,42808,3176,224,19895,47113,35791,62791,44786,52826,2076,30705,500,65111,34256,48912,60084,33572,126,25568,20123,42250,63118,63044,42728,60006,27451,15013,20136,41999,35720,57935,60394,42297,25470,12207,21431,58453,55194,59982,33999,41290,4716,25580,5097,59978,37069,44552,48791,33569,18701,9892,16570,36116,50318,60997,44536,42876,20236,8884,18604,41993,39132,48641,51629,57435,17722,8866,26282,43796,52376,59716,60905,59480,17708,14254,7416,39238,49557,58692,45564,33538,20274,8867,436,41781,49304,58947,37359,61025,21558,11394,17834,47107,39132,52737,45299,59516,17200,28069,17590,57873,64163,56697,60377,48682,5230,30452,5359,65284,34767,44552,37015,60769,16955,12705,18570,41473,59272,62798,42745,42874,18701,9914,7416,40774,52408,46412,44467,65133,4214,25580,3561,64326,34256,44561,37015,60769,16955,12705,18570,41473,59272,62798,42745,42874,20238,10931,18604,41993,39132,53761,43737,47973,20080,13477,4336,59978,38097,42765,61357,47400,10871,10899,17596,43780,63374,57416,47093,58954,17452,12709,25590,43271,49815,59475,44520,51820,19505,12719,491,59995,51903,59469,61679,61222,20268,4525,25503,63822,35278,46081,61359,48424,2414,4298,17841,43011,55197,61043,44026,52092,21041,9892,4010,42276,49550,62788,43726,60530,18702,9912,436,59995,45004,61042,42745,59498,29228,9385,21936,42276,49550,62788,39347,59201,17722,25528,485,49237,52399,57925,41727,56186,18231,14248,20122,44564,55193,55055,45564,59245,42,25597,18571,44802,50334,36179,44951,60007,19519,4320,17841,34819,50318,58191,65213,49192,21296,8884,17078,58371,49298,44886,40130,54096,2074,30178,5354,65109,37273,45075,63228,48191,5482,30451,953,58191,63222,58184,33272,59514,17456,6126,22973,59922,34241,55422,39365,41292,4220,30369,5352,65375,37316,46611,63147,48189,5479,30369,5601,64082,38046,45845,63145,48185,4458,29605,4588,64083,38095,46656,62379,47418,4456,29345,4590,64085,38095,46663,62377,47408,5439,29684,6112,64515,38303,46656,63140,47420,4198,29345,5345,65366,37061,45849,62383,47152,5992,30117,5867,59474,45013,61042,42745,64330,20031,28068,18570,41477,49320,62297,65213,64808,21804,18853,18571,44802,55230,59712,60921,58958,21552,32480,25848,48904,35729,59495,47091,52774,21553,8872,25525,42505,44952,61042,42745,64330,20031,28068,17548,48670,52399,57947,65213,47144,10857,10899,17596,47140,52125,43333,42697,64880,20253,11436,4778,63302,59100,60238,45554,42811,21048,11951,26250,57892,37070,43796,61885,48189,114,30450,2285,39276,49557,50500,41711,60774,28784,12463,21937,42255,34194,42780,34760,58465,3692,9902,2479,58966,38108,43799,62397,43300,5231,18921,18571,44802,55230,59712,60921,57435,17700,32480,29944,41762,38801,59663,46328,47136,114,28909,3562,64070,34256,48912,51636,57435,17722,12674,20409,58370,49320,62297,33477,57444,20025,9901,21942,63302,57564,62031,60912,60508,21542,664,18612,41985,49297,62287,32947,59245,17706,18866,18571,44802,55230,59712,60921,59466,19261,12711,21687,44552,55208,59712,46062,64361,20027,15011,7416,64326,63222,58184,33272,59514,17456,6638,20369,44802,34180,42780,51625,57435,17722,12674,20409,58370,50348,57939,47091,46120,29566,10153,17341,47111,45046,36097,44273,59499,50,12688,18359,42511,59033,62784,58361,43317,19991,14259,20409,44805,52178,61508,40117,53591,25604,25064,4591,65106,37577,58644,61608,41002,10871,12688,18359,42511,59033,62784,60921,59462,17715,32480,32504,37433,57766,42249,62891,48444,6507,29685,18413,43859,38601,45590,62632,48444,4715,27362,29138,42260,52378,57933,41694,60794,29552,14761,445,59995,57769,59976,60847,60518,2089,28657,3320,64084,34256,43793,62141,47930,10871,12688,18359,42511,59033,62784,60921,58968,18733,10932,20407,63302,61660,61029,61936,59174,22331,29672,500,64087,34256,43793,61629,41008,28756,11442,18622,44810,50367,58195,33203,60009,18229,11442,20397,35074,51603,62798,58286,43317,20253,11436,4778,44104,51854,54604,33242,47904,3182,29152,3560,63558,36042,55083,44271,57454,17714,8835,17834,34888,50845,57418,44271,59261,29754,8882,21174,43798,49294,58447,58340,43317,3694,18933,21384,44041,51605,50244,45564,42860,20252,10162,21437,41781,49286,61041,42725,43364,99,18928,21384,44041,51605,50244,45564,42860,26884,10158,22973,63302,37340,55083,44271,57454,17714,8835,17834,39496,55197,59716,58345,43317,18701,9892,16570,49172,51702,58446,45052,55592,20268,10918,17588,43813,49550,59490,44527,64365,7550,2784,21174,43794,50834,43332,42739,41343,32513,6552,2460,64580,37583,45127,63144,48433,5482,30456,5611,59474,36053,55083,44271,57454,17714,8835,17834,42277,52110,62788,32947,64359,17712,4530,17849,48911,34191,42780,34760,58465,20080,13477,4592,59978,36036,55083,44271,57454,17714,8835,17834,42277,52110,62788,37811,64361,20027,25524,485,47158,50067,60232,33016,64361,10810,12234,17079,42503,62940,59475,43771,60516,16669,10162,21899,42260,49303,47617,35517,64102,16682,8366,4029,44808,36235,55422,39365,41292,5756,29939,6078,65107,37326,45589,63140,48236,621,27369,29138,42260,52378,57933,41694,60794,21517,11442,17587,35144,51603,62798,65213,51752,19505,12719,4075,47104,51347,49267,60383,48955,114,30195,500,65106,45013,62833,42482,58721,25403,12705,29372,47122,52883,43332,43977,60001,20021,12453,427,59995,45005,62833,42482,58721,25403,12705,29372,47122,52883,43332,41677,60538,21552,32480,29176,42260,52378,57933,41694,60794,10836,11436,16571,59914,54205,62272,45564,64351,20543,9904,426,59995,52149,62290,44540,60523,20080,13477,32496,37433,57766,42249,62378,48444,5995,8693,4845,58180,45013,61792,47100,64361,21001,13217,17576,58388,52399,57947,65213,56360,18714,29101,20470,48387,38356,42765,61864,43300,3182,30432,2282,35692,50314,58965,38127,59514,20526,12709,29174,47369,53653,59464,58355,43317,25611,11945,4074,44808,36235,43281,61352,42024,5740,25580,3560,64326,36044,50731,41707,59516,30508,8882,20904,47107,59346,58432,42230,59002,20011,6052,16554,47368,50316,57939,41203,43377,99,18929,22425,48647,55197,62838,46076,60536,3628,2714,17846,45571,39132,45569,33431,59518,16682,5298,16554,47638,55193,55055,45564,59245,42,25597,21384,44041,51605,50244,45564,33644,19540,8367,19897,39238,49557,50756,41707,59516,44,25597,20369,48661,52125,57922,44467,65133,32630,7071,25986,59470,50123,58644,62632,47165,4971,8951,5869,65107,38601,58900,60095,33569,18701,9892,22425,48647,55197,54287,47604,43373,99,1941,19633,58452,49298,44886,61356,47400,114,28657,4600,49231,52399,57925,46556,64873,21055,494,17081,44301,51854,59732,33017,58727,21041,25587,485,42277,51856,46163,42419,59002,29235,391,5104,58962,38876,43797,61629,41016,19540,8367,19897,47430,49557,50756,41707,59516,29484,8373,17595,47381,34256,61010,42745,65353,21567,12705,19601,44295,34201,42780,41197,58729,2098,13990,17078,41746,52115,44553,58263,43304,21118,14245,21421,59912,51628,65088,45560,45947,17689,5812,17579,40468,53396,58700,41715,58721,21279,11705,2491,42282,50335,55117,41713,60529,3628,12437,21437,44591,34256,59748,44776,56614,21814,8621,16566,42511,56488,57937,35763,59501,29498,11432,3500,36678,53394,43340,43977,58493,20028,10913,29364,45071,35737,61042,42727,47417,22638,29681,2280,44908,49554,36104,43726,60524,22047,14241,21433,33608,50321,57926,65213,64040,17463,677,16558,43794,63118,58452,42750,64123,16766,10158,21240,44559,58521,58967,41705,49274,16691,9895,20216,59924,64163,56697,60377,43818,10871,10899,17596,48167,53661,62784,39347,59201,17722,25528,485,49235,52399,57925,46556,64873,21055,5102,21433,41987,34184,42780,46556,64873,21055,12695,20921,44822,44942,60203,41202,58729,29566,10153,24765,43792,50312,50259,45554,60518,44,25597,20369,48661,52125,57922,44467,65133,32630,7071,25986,59470,38602,57622,63146,45117,5226,31733,4845,65106,36062,36104,43726,60524,22047,14241,21433,42277,52110,62788,32947,64359,17712,4530,17849,48911,34191,42780,34760,58465,20080,13477,4336,59978,36044,54315,42996,51309,16680,8884,25258,47113,49298,43347,41677,60538,21552,32480,29432,44559,58521,58967,41705,33658,19540,8367,19897,39238,49557,50756,41707,59516,29484,12724,19127,59907,34241,59752,47086,59241,17725,11758,22205,38222,64931,50043,57781,47678,18025,30454,5100,65106,40137,58132,61608,41002,10871,10899,17596,48167,53661,62784,47054,59002,17717,238,19895,47113,39132,50177,45042,64359,3693,12710,19639,36148,36286,46355,61352,47656,3179,30688,2285,39276,49557,50756,41707,59516,29484,12724,19127,58371,52648,58440,44534,64109,45,25597,4073,49246,52399,57925,46556,64873,21055,14227,20138,44813,62930,62784,44536,43388,99,10899,17596,48167,53661,62784,51607,58980,16701,25516,18571,44802,52408,63314,41713,51057,19775,25509,485,42031,53647,59712,42750,59174,22331,7400,31111,36412,34772,46359,61608,60476,4714,8951,5869,65107,38601,58900,60095,33569,18701,9892,18588,47637,50320,51544,44796,42861,17674,14264,7416,34374,50835,60224,45005,61545,21051,2030,21169,42518,56477,58991,42736,55810,17463,1957,21169,42518,56477,58991,42736,53030,20017,25524,485,42019,51337,49423,44530,42876,20249,11188,19641,42276,49552,54315,42996,52589,21303,12208,22713,43816,49297,54031,48120,55932,23095,25509,485,64343,63222,58184,34808,64097,19502,15009,16534,44811,61906,65348,33001,58727,21041,25587,485,42277,51856,46163,42419,59002,29235,391,5104,64082,34256,45843,61357,47912,5482,18921,18571,44802,52408,63314,41713,51057,19775,28069,20104,41749,52360,59726,65213,56360,18714,29101,20470,48387,38356,42765,61349,47400,114,31734,11249,41781,49304,61029,46062,59492,28199,11937,4029,41781,49286,47617,38589,57420,4659,11758,22205,64334,34256,46604,61355,47400,114,30705,11249,41781,49304,61029,46062,59492,28199,11937,4029,44850,53636,62837,44520,59499,17706,32480,25848,48904,35729,57973,47077,64348,20011,8867,17580,35656,57480,58191,37015,60769,25659,12457,19880,45831,50354,57932,38835,61805,30762,12161,18097,42760,52121,42837,58272,59213,19755,6126,22973,37394,51645,57416,44787,59245,3626,9859,21942,47107,63222,58184,34808,64097,19502,15009,16534,44811,59346,58432,42230,59002,20011,6052,16554,47368,50316,57939,41203,43377,99,18929,18571,44802,52408,63314,41713,51057,19775,28069,26754,44552,56729,47617,63165,55810,17463,1957,21169,42518,56477,58991,42736,55590,21055,11685,428,59995,55212,57678,45044,51821,21055,18852,19922,43273,51613,54273,42996,56429,17709,11698,19641,59907,34241,59752,47086,59241,17725,11758,22205,38222,64931,50043,57781,47934,4971,9972,5100,43857,37577,45844,61608,59453,2428,18921,18571,44802,54953,62788,41715,60517,29808,15269,428,59995,64163,56697,60377,48682,616,25577,4086,34374,50835,60224,45005,61545,21051,3566,19641,49155,52399,57925,45256,64365,16688,9901,26614,41993,34184,42780,44504,58493,26224,11695,4012,42273,52616,59968,37015,60769,30011,9907,20394,42759,35737,57973,47077,57435,17700,32480,6392,39276,49557,53828,42734,59258,19775,28069,17548,48670,51903,59469,61679,46120,25470,12207,21431,58453,55194,59982,33999,41290,5231,28656,4344,64082,34256,45584,60077,55810,17463,5797,17579,42004,51357,43332,44237,57467,18730,11695,7416,40774,52408,46412,44467,65133,4214,25580,3552,64070,34256,46361,51636,57435,17722,12437,21437,43784,49297,54287,47604,43373,99,1941,19633,58452,49298,44886,61356,42024,5743,25580,3560,64326,36040,54315,42996,56429,17709,11698,19641,58371,49320,62297,45513,59261,16701,9908,7416,36678,53394,43340,42697,64880,21002,11701,16571,44818,58578,49749,42995,55810,17463,5797,17579,42004,51357,43332,42697,64880,24838,10924,20415,44811,53650,47617,34493,64614,3635,9876,21920,35646,52368,59718,42736,64870,25456,11685,17580,49172,52399,57925,45256,64365,16688,9901,25590,43271,49815,59475,44520,56684,16684,12462,16552,44820,50834,42840,58272,33593,18701,9892,21133,47107,50322,57932,39347,59201,17722,25528,485,49235,52399,57925,45256,64365,16688,9901,29174,47111,52121,42837,58272,64344,17969,12201,25277,47111,44952,60203,41202,58729,29566,10153,29885,44821,59278,58176,42746,46120,27006,12462,16556,43272,35737,57935,60394,54871,31238,27524,6138,65364,37327,45892,62639,48233,5481,30452,5355,59399,36053,54315,42996,56429,17709,434,17849,44801,61906,65348,58345,43317,32513,6552,2460,64836,37579,45332,62639,49006,5998,29427,5870,64772,37583,45123,62633,48955,618,18921,18571,44802,54953,62788,41695,61036,3643,11398,21942,63302,57564,62031,60912,58958,21552,1262,21943,43790,59281,60238,51705,57435,17722,12437,21437,43812,49816,43332,42697,64880,18701,9914,7416,64838,63222,58184,38648,60539,25132,10145,17599,40520,56729,50261,45042,64359,109,25597,20123,42250,38542,57615,44271,56165,25113,29160,4586,59978,37071,42765,63145,33569,18701,9892,21133,47107,50366,57413,60920,59466,19261,12711,21687,44552,51903,59469,61679,46120,25470,12207,21431,58453,55194,59982,33999,41290,4205,25580,4586,59978,37326,36104,43726,60524,21259,12709,16538,44290,35737,59505,43758,57468,20017,32480,29944,41762,38801,59663,46328,47392,5488,25580,5621,58964,38364,42765,62380,41016,29524,10153,29885,44821,59278,58176,42746,55846,23095,25509,485,36403,51349,43283,42739,41343,3182,31712,3564,64070,34256,45840,51636,57435,17722,12437,21437,43812,49816,43332,35527,60774,22587,32480,5368,39276,49557,53828,42734,52090,17471,9895,29174,47111,52121,42837,58272,64344,17969,12201,25277,47111,44952,60203,41202,58729,29566,10153,25533,44551,49307,59490,44527,64365,7550,2784,21174,43794,50834,43332,42739,41343,32513,6552,2460,64580,37583,45127,63144,48433,5482,30456,5611,59474,36053,54315,42996,52077,17471,9895,20123,42004,55193,50191,45554,60518,29228,10145,21681,59925,34241,50036,44788,59174,22331,29672,500,58197,63222,58184,33272,60777,17721,11395,20394,47107,62930,62784,44536,43388,99,10899,17596,47411,55193,58979,42233,33645,28756,11442,18622,44810,50367,58195,36531,64615,17709,11653,17580,61460,51903,59727,41208,41340,21816,8366,18604,41993,36052,42795,58301,64808,17705,11685,29168,42260,52378,57933,41694,60794,21517,11442,17587,59978,59015,60238,45554,46120,25470,12207,21431,58453,55194,59982,33999,41290,4716,28661,4856,58963,37340,44564,61408,47400,4720,27381,466,59974,53724,57942,44536,55584,20268,10918,17588,43813,49550,42765,33254,60009,18229,11442,20397,35074,51603,62798,58286,43317,20253,11436,4778,44104,51854,54604,33242,47904,3176,29152,3562,63558,36036,42765,41695,57963,21049,13999,17846,47154,52125,63314,45564,59245,22845,32480,4600,63560,35201,46849,61875,41021,84,25568,22008,44817,52121,50697,41707,59516,30508,8882,20904,47107,34256,54362,47604,43373,99,1941,19633,58452,49298,44886,61357,48168,3176,29664,500,64595,35285,55041,45298,64865,20279,25518,485,36403,51349,43283,42739,41343,3694,28661,3320,62036,34256,43793,64445,62497,114,28144,5354,59978,52153,59988,34483,64105,20023,4263,22700,44810,59346,58432,60150,43266,126,14304,17583,41987,63188,58184,33528,59518,16682,4274,21420,41225,35225,64513,43977,60001,20021,12453,427,59995,35790,43797,32957,58727,21041,32480,25336,42505,55187,43282,45563,58471,26380,27522,5354,58963,37852,43793,62653,41016,3107,29664,5110,58195,49398,58191,51636,55554,20268,10918,17588,43813,49550,51727,46834,60539,17682,13729,7101,42277,52114,58436,60393,64622,17200,10932,20407,58190,34294,42753,47037,60543,20027,5096,20138,41728,49296,58978,42991,64859,20268,9899,500,35101,51603,62798,65213,51752,19505,12719,4075,47104,51347,49267,60383,48955,114,30195,500,65106,55509,42765,60845,48186,10871,25568,504,48402,49305,44879,45517,61287,19511,165,21433,58882,57052,58979,43262,64367,21809,10158,20123,42250,38542,47617,32957,58727,21041,28147,21438,42761,58030,44899,62383,43300,4204,25580,6122,58959,59356,58432,42230,59002,20011,6052,16554,47368,50316,57939,41203,43377,99,28144,23789,59978,35788,45587,51636,43304,126,13492,17597,57864,54205,62272,45564,64351,20543,9904,3498,45382,52399,57947,65213,56360,18714,29101,20470,48387,38356,42765,61864,43300,3182,30432,2282,59978,51884,61010,43753,59239,7550,5856,18588,63499,52178,61508,62389,48166,114,29165,3566,64070,34256,46864,48820,43300,3694,30450,11249,59974,34268,61525,42744,41318,18701,9892,22425,48647,55197,62322,44271,60515,114,6075,18608,41221,49298,62546,65213,47144,6256,25580,20123,42250,34190,42780,44254,58980,4908,9710,20138,38923,59323,46345,63151,43300,5485,25580,5356,46927,34256,43281,63151,33569,20027,27300,11218,49222,51856,58946,58353,60504,17964,12678,19641,59907,34241,59752,47086,59241,17725,11758,22205,38222,64931,50043,57781,47423,5226,29941,17389,63827,36062,36104,42701,61306,21016,11937,4029,41781,49286,47617,38589,57420,4659,11758,22205,64334,34256,46348,61357,47400,114,30196,11249,44854,50062,62823,44796,42861,20238,10931,18604,41993,39132,53761,43737,47973,20080,13477,4592,59978,38349,42765,61357,47144,6248,18921,17544,44052,55226,59968,60920,59466,19261,12711,21687,44552,51903,59469,61679,46120,25470,12207,21431,58453,55194,59982,33999,41290,4204,25580,4586,59978,37838,36104,42701,61306,21016,11937,4029,42276,49550,62788,43726,60530,18702,9912,436,59995,45004,57969,42479,64334,19775,28069,26754,44552,56729,47617,63421,55554,21051,1446,16554,44811,62930,62784,44536,43388,99,10899,17596,43780,44942,60203,41202,58729,28798,12709,25278,47113,49298,42835,58272,59201,21549,11681,17595,42056,53913,55305,39874,52562,630,28918,18415,65361,40137,45845,64424,47677,5226,27362,11249,44854,50062,59490,44527,64365,25456,12719,17590,38932,49565,62024,58350,43317,25611,11945,20470,48387,38356,42765,60075,55554,21051,166,21431,44808,35726,58993,42735,64870,7550,5088,21437,35840,50318,57932,51607,58980,16701,25516,17544,44052,53679,59475,42742,46120,27006,12462,16556,43272,35737,57935,60394,54871,31238,27524,6138,64853,37786,45844,63407,48188,5479,30372,1003,58191,62966,62788,37115,64380,19249,28069,20123,42250,34190,42780,44254,58980,4908,9710,20138,38923,59323,46089,61355,47656,3176,30688,2284,39532,55193,54343,45545,57959,3643,11156,17073,41997,54937,42834,58272,33593,17678,9650,21899,42260,49303,55055,45564,59245,42,25597,17544,44052,55226,59968,51704,58626,17201,12193,26616,39222,50352,57923,58353,43317,19991,14259,20409,44805,52178,61508,40117,53591,25604,25064,5102,63827,49352,46357,41642,48701,5227,28917,16621,58180,45013,55143,36814,60265,19515,6126,22973,59922,34241,55422,39365,41292,6012,30192,6126,64083,38047,46615,62207,43882,10871,4998,28043,43015,51609,49423,44530,43388,99,11653,19629,35912,52115,43349,44250,57724,19775,11394,17844,35948,63148,58989,42751,42852,17674,14264,18571,44828,39132,46593,51629,55630,27661,8609,19901,40520,56729,50261,45042,64359,109,25597,20123,42250,38542,57615,44271,56165,25113,31720,3560,63558,38349,42765,61868,41016,26196,4240,16532,44804,35728,59505,43758,57468,20017,32480,29944,41762,38801,59663,46328,47392,114,29681,500,58966,37852,36104,37851,50523,16959,12197,29430,45071,34201,42780,34760,58465,3692,9902,2479,58967,35036,46867,58289,42296,4478,27381,26578,39222,50352,57923,60913,60508,21542,664,18612,41985,49297,62287,65213,52264,21808,28077,17548,48670,58532,61005,44538,60517,21552,4078,18365,49170,62906,52082,41468,58733,25200,8353,18099,42260,52105,54085,41711,64102,16686,9906,17078,59935,34241,36112,37851,50523,16959,12197,31734,42031,49304,42841,58272,33597,28696,3987,17337,42499,62930,62784,44536,43388,99,9872,18346,47136,51357,36164,44951,60007,19519,5088,20401,34305,51101,60228,65213,49192,21296,8884,17078,58371,49298,44886,40130,54096,2074,30178,5354,65109,37273,45075,63228,48191,5482,30451,953,58191,62966,59720,36858,60265,19515,6126,22973,59922,34241,55422,39365,41292,5756,29942,5822,64862,38349,46658,62123,47210,4412,30454,5562,59475,45013,61041,42227,59460,17724,28076,20126,48648,39132,49665,46835,42853,20248,14254,26358,48649,50324,50508,45042,33644,18702,9390,16532,44804,35728,57973,47077,57435,17700,32480,4344,49238,52396,57423,41681,60522,3634,9876,21920,42277,51856,46163,65213,51752,19505,12719,4075,47104,51347,49267,60383,47930,3179,29408,4576,59978,38347,36104,43725,61030,16658,9890,4020,42294,52367,61013,44530,46120,30078,10884,5045,42056,53913,46857,58289,47417,114,28656,5112,58197,62966,59720,36858,60265,19515,4334,23473,59907,34241,50036,44788,42810,17712,27575,3561,59206,38350,42765,61357,47144,2411,5066,20401,34305,51101,60228,38835,61805,30762,12161,18097,42760,52121,42837,58272,59213,19755,6126,22973,37394,51645,57416,44787,59245,3626,9868,21950,39532,52117,52038,41468,58733,25200,8353,18099,42260,52105,54085,41711,64102,16686,9906,17078,59935,34241,36112,43725,61030,16658,9890,4020,33596,49554,65348,65213,48168,28756,11689,28095,43015,51609,55055,45564,59245,42,25597,17544,44052,55226,59968,51704,58626,17201,12193,18424,43796,49297,59490,44520,43388,99,18928,20148,43781,34192,58957,47086,63822,29997,10160,21945,59907,34241,61013,43262,40992,10836,13222,25259,41993,49298,62274,44276,43366,99,13970,29366,47107,52362,57922,37299,59245,17722,4274,17580,47638,49561,50203,44530,60518,21565,9704,20397,48645,51861,44879,51636,43304,126,9641,18680,36373,54937,62805,47858,60781,20350,25522,20150,59922,62906,52082,41468,58733,28784,12705,20413,59922,52616,59716,45501,64877,21035,25518,20413,49154,34268,42753,45563,58473,25403,13999,21942,63302,50140,58963,42736,58955,20011,25524,499,49239,34268,42753,44273,59499,50,11438,431,59995,52360,60482,60085,43266,126,10976,446,42248,34187,42764,41713,64891,20504,5811,17832,48647,34201,47647,62397,48166,21630,9896,11190,59974,34268,42753,58301,58980,16701,25516,21691,47124,52121,49493,45293,46120,19838,14241,4016,42496,51859,44883,45563,58473,25403,13999,21942,58694,36316,59471,58346,43301,16690,14259,20894,40725,49548,62272,60152,33569,126,25568,504,59974,62906,52082,41468,58733,29808,15269,428,59995,64163,56697,60377,48682,5742,30198,4589,64261,34762,42760,60851,64808,21297,12724,20401,57857,53407,62803,44536,53116,21294,18921,504,59974,34268,42753,45563,58473,25403,13999,21942,63302,38364,42795,58301,43304,126,12256,21177,35858,54924,63348,41721,60540,7550,11744,22199,60012,34268,42753,58301,33576,126,25568,504,59974,51856,58946,58353,57464,18224,8854,436,59995,45004,42753,58301,43304,126,8368,19897,57866,53402,58447,43753,59239,2422,25546,504,59974,34268,42753,58301,63784,20023,5543,19897,63302,51420,62272,60917,58734,20273,27570,21899,48647,63119,62788,43755,60523,28272,14245,20143,41236,63186,62788,42731,55930,16682,12468,21905,42755,64167,57214,34759,43808,4713,29941,5100,64851,37837,45335,42408,45373,4459,27362,7045,44833,62344,60224,42728,40992,10871,25568,504,59974,34268,59716,60153,43266,126,25568,504,39494,52117,52038,41468,58733,29808,15269,428,59995,64163,56697,60377,48938,5992,29862,5856,64087,38047,42263,58292,42790,21630,12463,21420,41999,36251,61009,42227,59486,2354,28128,502,38201,65444,44901,62143,48190,5180,25077,11249,59974,34268,59716,51705,59245,2362,18890,11256,42250,50335,42829,41673,52074,20010,11395,21942,41735,49298,42835,58272,59201,21549,11681,17595,42056,53913,55305,39874,52562,630,29687,5612,64851,51145,46100,60095,33569,16650,418,20396,42277,53650,60992,42739,42874,18701,9914,7416,40774,52408,46412,44467,65133,4470,25580,5109,58966,38364,42765,61866,33569,16650,418,20396,42277,53650,60992,42739,42874,20238,10931,18604,41993,39132,53761,43737,47973,20080,13477,4592,59978,38349,42765,61357,47912,4716,18921,16524,34820,52104,59490,47091,57449,17712,28082,16538,41221,55195,62030,42995,64348,20031,13235,21433,41987,56479,47617,62141,56578,16959,14210,25270,41993,50312,59720,45560,54054,19991,9892,416,59995,45000,58997,33279,59260,20253,14254,18617,44808,35726,58993,42735,64870,7550,4320,17841,43011,55197,36139,44273,59499,50,8839,17589,40469,51101,62307,58355,43317,19991,14259,20409,44805,52178,61508,40117,53591,25604,25064,5102,63827,49352,46357,63402,47676,4714,29172,6381,62035,36062,36104,41690,60517,29741,8609,21914,58376,52399,57947,65213,56360,18714,29101,20470,48387,38100,42765,61357,47400,114,29171,11249,43809,49297,54098,41468,64842,3632,11408,18603,41746,52115,47617,38589,57420,4659,11758,22205,64078,34256,43793,62397,43300,2414,1226,19641,47363,50344,50499,44521,52006,17215,9387,20138,42003,59032,60238,45554,43323,99,11395,20148,63764,50130,59475,37360,52047,4726,29682,500,65365,34256,45589,51636,59471,17715,6067,17337,48676,35730,57973,47077,46120,32638,7071,25986,59470,38091,45078,41386,47679,5480,27362,26322,42759,54937,58997,33279,59260,26224,11695,428,59995,52153,59988,34227,59239,3626,11399,18860,42759,51902,58189,33943,58473,21307,8852,25530,42002,61906,65348,37097,62305,59,25597,4329,36204,51357,62532,41673,52074,20010,6126,22973,35090,51603,62798,58286,43317,20253,11436,4778,44104,51854,54604,33242,47904,5483,25580,5354,58963,38876,45588,51636,59471,17715,6067,17337,48676,35730,62048,44265,64586,21546,11695,20123,42250,34190,42780,41723,64100,10811,8839,17589,40469,51101,62307,60915,49234,17456,15269,7416,65350,58102,59968,45304,59484,25148,11700,29174,47111,52121,42837,58272,59484,25148,11700,20123,48648,52381,57935,51695,58626,17201,12193,26360,42759,54937,58997,33023,64359,17712,25522,485,42031,53647,59712,42750,59174,22331,7400,31111,36412,34772,46103,42410,48191,6507,30708,6637,63827,37320,44547,51636,59471,17715,6067,17337,42277,52110,62788,32947,64359,17712,4530,17849,48911,34191,42780,34760,58465,20080,13477,4592,59978,36042,49195,44796,64109,16650,162,21431,44808,35726,58993,42735,64870,7550,1248,19641,47363,50344,50499,44521,33538,20274,8867,436,43809,49297,52818,42995,60001,21567,12719,7416,33606,54930,58965,41203,42861,17712,27575,32391,36926,36280,45059,63405,48188,5481,30370,1003,58191,58102,59968,45304,59201,18746,8867,20140,58388,52399,57947,65213,56360,18714,29101,20470,48387,38356,42765,61358,47400,114,30193,11249,43809,49297,52818,42995,60001,21567,12719,29174,47369,53653,59464,58355,43317,25611,11945,4074,44808,36235,43793,64445,43300,3694,28661,3320,58206,58102,59968,45304,59201,18746,8867,20140,58388,50366,60482,45562,64615,17456,11395,20148,63764,39132,50177,45042,64359,3693,12710,19639,36148,36286,45587,61352,47912,5483,25580,5354,58195,58102,59968,45304,59201,18746,8867,20140,58388,51902,58195,45560,57435,17700,10896,17568,59914,34241,36113,41690,60517,26925,10158,17073,48647,55187,56591,44500,60524,38,25597,11246,43809,49297,52818,42995,60001,21567,12719,29174,47111,52121,42837,58272,59471,17715,6067,17337,48676,44946,60203,41202,58729,26494,11937,21181,42031,52376,58946,44265,51834,21041,9902,426,59995,52149,62290,44540,60523,20080,13477,32496,37433,57766,42249,61611,61247,5481,31477,5612,62035,38601,45845,60095,33569,16665,9901,26795,44552,50837,62272,45554,58955,20012,12709,25334,47113,49298,54611,43004,64609,45,25597,25997,42767,52178,61508,62133,43300,2414,1226,19641,47363,52149,60997,41726,59004,25388,12719,17590,58388,50348,57939,47091,46120,26494,11937,21181,42031,52376,58946,44265,33658,19540,8367,19897,39238,53657,61013,42227,56699,16959,14210,438,59995,52149,62290,44540,60523,20080,13477,32496,37433,57766,42249,61867,47677,17770,29172,5615,63826,38856,46357,64168,45373,2428,18921,17547,48658,52117,62534,41673,52074,20010,4334,23473,59907,34241,50036,44788,42810,17712,27575,3561,64070,34256,43793,61629,41018,29524,14245,18604,44296,61839,58688,47071,42854,20238,10931,18604,41993,39132,53761,43737,47973,20080,13477,4592,59978,35276,46849,58289,45371,10871,9875,21932,41999,54939,58997,33279,59260,25200,8353,18099,42260,52105,50245,45042,64359,109,25597,20123,42250,38542,57615,44271,56165,25113,29160,3560,63558,35276,46337,60075,55810,21563,10932,18102,40469,51101,62307,60915,60508,21542,32480,32504,37433,57766,42249,63147,47679,4712,29174,18415,62033,38091,45591,60095,55810,21563,10932,18102,40469,51101,62307,60915,58958,21552,32480,25848,48904,35729,59495,47091,52774,21553,8872,25525,42505,44952,57970,47081,59233,21305,8852,25530,42002,61906,65348,37097,62305,59,25597,4329,39276,53657,61013,42227,56699,16959,14210,4022,44850,53636,59490,44273,47738,7550,224,19895,47113,35791,62791,44786,52826,2076,30193,3560,64326,38346,42765,62636,41016,29524,14245,18604,44296,61839,58688,47071,42854,21791,11444,21658,48658,52115,59490,44273,43386,99,8870,21172,49155,49327,62293,44532,64111,16650,418,20396,36936,52149,57925,58341,43317,10859,9875,21932,41999,54939,58997,33279,59260,28784,12705,20413,59922,34241,58997,33279,59260,20253,14254,18617,44808,44942,60203,41202,58729,29566,14245,18604,44296,61839,58688,44254,59258,21051,32480,26872,47368,50312,58447,60920,60518,2089,7327,31616,57890,37854,45074,62715,48189,5223,30452,5344,65109,34760,44552,37015,64877,18730,9390,30123,43015,51903,59731,45560,51750,21041,9902,29610,44551,53397,42834,58272,52573,19767,11758,22205,64078,34256,44567,37015,64877,18730,9390,30123,43015,51903,59731,45560,55590,21055,11685,428,59995,49327,62293,44532,64111,16650,418,20396,49260,51856,58946,58353,60507,21546,11689,21183,43826,63134,62805,43250,43373,99,11657,21931,41991,49311,59663,46328,54816,30721,1946,1008,63824,50123,45591,61865,48444,6507,10229,4845,58180,45013,57970,47081,59233,21305,8852,29370,47122,52883,43332,44254,58980,44,25597,20123,42250,38542,57615,44271,56165,25113,28904,3566,63814,35274,45825,60073,55810,21563,10932,18102,40469,51101,62322,44271,60515,29808,10920,19131,44808,54927,47617,62141,55810,21563,10932,18102,40469,51101,62322,44271,60515,28784,12705,20413,59922,34241,57970,47081,59233,21305,8852,25530,42002,45046,59469,41726,43364,17677,14260,20401,47361,52149,60997,41726,59004,44,25597,20369,48661,52125,57922,44467,65133,32630,7071,25986,59470,38347,45845,62632,60221,4971,27362,11249,44853,53640,59720,45306,59201,18746,8867,20140,58388,52399,57947,65213,56360,18714,29101,20470,48387,38356,42765,61357,47400,114,30193,11249,44853,53640,59720,45306,59201,18746,8867,20140,58388,51884,61010,43753,59239,7550,5856,18588,63499,52178,61508,62389,43300,3174,29664,5366,59978,40401,36104,42702,64892,20023,12455,20369,41730,50335,59477,60911,59466,19261,12711,21687,44552,51903,59469,61679,46120,25470,12207,21431,58453,55194,59982,33999,41290,5484,28661,5112,65363,34256,45587,60072,55810,21563,10932,18102,33557,49554,58440,47100,64359,25200,12719,17596,39188,57237,55108,48116,58733,7550,29664,29394,48643,52360,57423,35566,60774,17207,14241,21431,34888,50845,57418,44271,59261,29754,8882,21174,43798,49294,58447,58340,43317,10863,9875,21932,41999,54939,59752,43769,59499,20266,28082,26754,44552,56729,47617,62909,55810,21563,10932,18102,33557,49554,58440,47100,64359,28784,12705,20413,59922,34241,57970,47081,59233,21305,8852,25530,42002,45046,59469,41726,43364,17677,14260,20401,47361,52149,60997,41726,59004,25388,12719,17590,59924,34241,59752,47086,59241,17725,11758,22205,38222,64931,50043,57781,47678,18025,30455,6381,65106,40393,46100,63401,41002,10871,9875,21932,41999,54939,59752,43769,59499,20266,178,21431,44808,35726,59490,44527,64365,16652,10916,21165,63302,61660,61029,60912,60518,2089,28657,4600,49231,49327,62293,44532,64111,19991,10916,16571,42258,59022,62798,42739,42874,16654,9906,21942,63302,63196,62276,43753,61030,26925,10158,17073,48647,55187,36139,44273,59499,50,10899,17596,41762,50831,62798,33273,59260,7550,2784,21174,43794,50834,43332,42739,41343,32513,6552,2460,64580,37070,45842,63480,48698,5226,30707,5610,65364,37061,42265,60084,55810,17463,1957,21169,42245,49550,62307,60915,57435,17700,32480,29944,41762,38801,59663,46328,47136,114,29165,3560,64070,34256,48915,51636,57435,17722,10884,17067,47113,59288,59733,37811,64103,21559,11433,438,59995,57769,59976,60847,60518,2089,28656,4344,58966,38108,42765,61616,41008,29524,10153,26045,47375,51871,58195,47071,42854,16668,10403,21439,48905,49554,59490,44273,47738,7550,224,19895,47113,35791,62791,44786,52826,2076,29170,500,63572,34256,48915,51636,57435,17722,10884,17067,47113,59288,59733,38835,61805,42,25597,32391,36926,36280,45059,62639,49006,5995,29941,6113,64850,34766,36104,43726,60524,18714,8371,21431,34818,52104,49423,44530,43388,99,11653,19629,35912,52115,43349,44250,57724,19775,11394,17844,39276,49557,49988,45300,58987,17452,14210,4022,44850,53636,61042,42727,46120,4478,18929,18571,44802,52408,58450,45554,52076,20010,6126,22973,35090,51603,62798,58286,43317,20253,11436,4778,44104,51854,54604,33242,47904,5484,25580,5355,59978,37064,36104,43726,60524,18714,8371,21431,34818,52104,50703,47080,52071,21547,11444,25270,42505,55187,47617,42429,58729,17709,4298,17841,36355,54933,59458,42991,64842,3632,2714,17846,45571,39132,45825,37015,60769,25659,12457,20155,44564,53694,43343,41677,60538,21552,32480,29432,44559,51097,62784,51607,58980,16701,25516,18571,44802,52408,58450,45554,51820,21041,9902,426,59995,52149,62290,44540,60523,20080,13477,32496,37433,57766,42249,61611,61247,5481,31477,5612,62035,38601,45845,60095,33569,18701,9892,18588,43285,55187,50245,45554,60518,3628,11395,20394,47107,50350,60997,45288,46120,30078,10884,4021,44808,36235,43793,62909,33569,18701,9892,18588,43285,55187,50245,45554,60518,3628,8848,17578,48648,39132,54273,42996,52589,21303,11427,17834,48676,44946,60203,41202,58729,29566,10153,26045,47375,51871,58195,47054,59002,17717,32480,26872,47368,50312,58447,60920,60518,2089,7327,31616,57890,37854,45074,62971,48445,5228,30452,5345,65282,34767,44552,37015,60769,25659,12457,20155,44564,53679,59475,42742,51750,19505,12719,7416,35142,51603,62798,60846,64366,19761,1170,2458,65362,34256,46866,58289,48187,10871,10899,17596,41762,50831,62798,37113,64380,19249,28069,18828,43279,52119,62532,58350,43317,10863,10899,17596,41762,50831,62798,37113,64380,19249,28069,16520,44820,53650,47617,37053,60769,25659,12457,20155,44564,53694,36175,58263,58626,17201,12193,25336,41993,49288,62287,45531,58473,59,25597,20369,48661,52125,57922,44467,65133,32630,7071,25986,59470,38347,45845,62632,60221,4971,27362,11249,42277,53650,59716,34281,59514,17715,3566,19641,59907,34241,55422,39365,41292,6012,30453,5345,65118,37070,45586,63397,48698,5230,30452,5359,65284,34767,36104,44254,64870,20027,1460,16554,44811,63186,64840,58360,43317,25611,11945,4074,44808,36235,43792,61117,45369,3182,29408,500,58198,59126,59726,42729,64870,21016,11937,4029,42294,52367,61013,44530,46120,30078,10884,5045,42056,53913,46857,58289,45369,3182,29664,500,58198,59126,59726,42729,64870,21016,11937,4029,43812,52895,62790,46834,60774,21002,11681,20907,47111,52121,65090,65213,47144,25428,11695,17580,48648,55226,59968,60920,58699,20535,1971,21181,44805,49554,59712,45289,46120,21630,14002,11197,42277,53650,59716,34281,59514,17715,6638,20369,44802,34180,42780,51630,58955,21552,11685,26540,43796,49297,55055,45564,59245,42,25597,17547,44810,53663,62798,43723,65133,10836,11436,16571,59914,49332,58176,45560,46120,27006,12462,16556,43272,35737,57935,60394,54871,31238,27524,5882,65110,37064,45590,63231,43835,2423,3018,16573,44802,35726,61042,42727,46120,30078,10884,5045,42056,53913,46601,58289,42296,4222,25580,6124,49231,49332,58176,45560,52006,17215,9387,20138,42003,61848,58963,45299,59512,17708,8366,417,59995,45005,57961,43004,64365,31344,11657,17596,59934,34241,36114,42709,60777,21051,5102,21433,41987,34184,42780,44254,64870,20027,1460,16554,44811,51446,60480,34808,59514,18233,8609,17588,33358,50329,57925,61423,50216,18751,1454,16554,44811,45013,60203,41202,58729,29822,14249,17588,43818,49310,42829,58272,59201,21549,11681,17595,42056,53913,55305,39874,52562,630,29174,4845,44882,38856,58902,62632,48445,4971,8949,2298,49231,52392,60245,36856,60265,19515,6126,22973,59922,34241,55422,39365,41292,6012,29937,5871,64772,38095,45335,62632,48699,5951,29939,6125,64852,37829,42261,51636,57436,19498,4005,17337,42499,58322,59726,58345,43317,19995,11957,26614,41993,35720,59494,44009,58473,20252,10156,30162,48655,49296,58989,42751,42852,17674,14264,18571,44828,39132,46593,51624,57436,19498,4005,17337,42499,61906,65348,33001,58727,21041,25587,485,42277,51856,46163,42419,59002,29235,391,5104,65363,34256,45587,61352,47912,5483,18921,18572,42514,59801,58688,45048,55590,21297,14249,20145,59912,34241,50036,44788,42810,17712,27575,3560,63558,35276,46849,58289,47929,10871,10900,19884,34307,51101,60228,37043,62305,59,25597,25997,42767,35790,57935,60394,42297,3454,30457,500,58966,38876,44561,38807,64865,17714,8844,17594,58378,49320,62297,33477,57444,20025,9901,21942,63302,57564,62031,60912,60508,21542,664,18612,41985,49297,62287,36787,61293,10794,10900,19884,34307,51101,60228,33203,60009,18229,11442,20397,40450,50318,62543,41709,60538,17200,25529,485,49239,52392,60245,36856,60265,19515,6638,20369,44802,34180,42780,51625,57436,19498,4005,17337,42499,62930,62784,44536,43388,99,9864,17849,47107,45046,59469,41726,43364,18707,10926,18613,44828,53438,62293,44530,46120,27006,12462,16556,43272,35737,57935,60394,54871,31238,27524,6138,65364,37327,45892,62639,48444,5229,30706,5354,65375,34756,44552,36503,59233,19767,14761,25533,48659,51848,43343,43726,60530,7550,5856,18588,63499,52178,61508,62389,43300,5228,25580,3560,63558,36040,51755,44532,58465,23095,421,21933,42258,35730,59505,43758,57468,20017,32480,29944,41762,38801,59663,46328,47136,114,30189,3564,64070,34256,46864,51636,57413,18736,10925,17570,48932,53640,59726,33203,60009,18229,11442,20397,35074,51603,62798,58286,43317,20253,11436,4778,44104,51854,54604,33242,47904,3178,29152,3564,63558,36036,51755,44532,58465,23095,421,21933,42258,35730,57973,47077,46120,32638,7071,25986,59470,37272,45379,61948,41002,27988,11689,19633,45071,59289,62292,44265,42854,20248,14254,7416,36678,53394,43340,44251,64870,26480,14255,16560,34827,51603,36165,43728,57446,18739,9914,21658,48658,52115,54031,48120,55932,23095,25509,485,64087,59638,59720,44788,62305,25147,14261,20140,58376,49320,62297,44254,58980,4908,32480,25336,42505,55187,43282,45563,58471,26380,27522,6633,58966,38108,46873,58289,45113,2414,3786,20401,42767,57237,50500,47080,59004,3632,13953,20140,48932,53640,59726,44254,58980,44,25597,16574,47370,44953,61036,43763,57445,17700,13954,21932,41993,65490,59752,42745,43376,99,18932,18581,41736,52369,57947,46815,64892,20017,5102,21433,41987,34184,42780,42709,60777,21051,18890,20148,43781,34192,61036,33011,64359,17712,25522,485,42031,53647,59712,42750,59174,22331,7400,31111,36412,34772,46103,42410,48191,6507,30708,6637,63827,37320,44547,51636,57413,25392,12719,17590,58388,51903,59731,45560,59482,18746,12469,7416,40774,52408,43340,42739,41343,3182,30176,11249,41771,59026,62798,42739,42874,16654,9906,21942,63302,59612,59720,44788,62305,25147,14261,20140,49160,51702,58446,45052,51752,20274,9907,21658,48658,52115,47617,35517,64102,16682,8366,4029,44808,36235,55422,39365,41292,5756,30450,5611,65027,37582,45845,63406,48442,5484,30457,992,58191,59126,59469,42734,64586,21546,11695,29430,45071,34201,42780,34760,58465,3692,9902,2479,58966,38876,43797,62397,43300,5228,18921,19867,47369,59289,62292,44265,42854,20238,10931,18604,41993,39132,53761,43737,47973,20080,13477,4336,59978,38609,43799,62397,43300,4207,18921,19867,47369,59289,62292,44265,42854,16668,10403,21439,48905,49554,59490,44273,47738,7550,224,19895,47113,35791,62791,44786,52826,2076,30706,500,65108,34256,48915,51636,58699,21297,421,21933,42258,35730,57973,47077,46120,32638,7071,25986,59470,49354,44547,32919,58980,17709,13954,21932,41993,58322,59726,58345,43317,19995,11957,26614,41993,35720,59494,44009,58473,20252,10156,25298,42250,49295,62051,47081,59239,29808,15269,29356,45071,34201,42780,62124,51714,20274,9907,21658,48658,52115,54031,48120,51836,19505,12719,491,59995,51903,59469,61679,61222,20268,4525,25503,64334,38340,42765,64428,42296,4478,29689,11249,42533,54931,50500,47080,59004,3632,13953,20140,48932,53640,59726,44254,58980,44,25597,16574,47370,44953,60258,45298,52077,21547,11444,4022,33596,49554,65348,65213,48424,25428,11436,17579,48932,53640,59726,37811,64361,20027,25524,485,44846,49565,62788,51607,58980,16701,25516,19867,47369,59033,62798,42739,43386,99,11657,21931,41991,49311,59663,46328,54816,30721,1946,1008,63824,50123,45590,64168,48444,6251,28917,5612,58180,45013,60258,45298,51821,21041,9902,4010,42277,52110,62788,41679,57452,21291,32480,29944,41762,35729,57935,60394,42296,5758,18921,19867,47369,59033,62798,42739,42874,16654,9906,21942,63302,59100,59469,42734,64586,21546,11695,11218,42250,50335,42829,42703,57467,17700,8840,17846,44810,39132,52737,45299,59516,17200,28069,17590,57873,64163,56697,60377,48682,5432,30370,5359,65367,37583,45845,63406,48442,5484,30457,992,58191,63478,62532,47604,49517,20031,12196,4029,43816,49297,47617,40125,53591,25604,25064,5614,63827,37064,57620,41129,47677,17769,29941,6637,63571,50377,46100,60095,56066,21307,14761,27069,41991,51608,43332,43726,60530,7550,5856,18588,63499,52178,61508,62389,43300,5743,25580,3560,64326,36042,54571,45304,62305,26683,11681,19900,58371,51884,61010,43753,59239,7550,5856,18588,63499,52178,61508,62133,43300,4467,28662,4344,59978,38097,44567,37271,64109,23095,2981,20409,42498,35737,58979,43262,64367,21809,10158,21388,41991,54671,62784,44536,61547,7550,29408,29650,47363,57237,53060,44540,58732,3643,11913,18105,59907,34241,55422,39365,41292,5244,30452,5612,65283,37323,45844,63144,48443,5484,30374,4586,64261,38085,46872,62381,47422,4203,29687,4590,64000,38350,46865,62380,43885,10871,9874,18603,44828,50356,58191,42737,49190,16691,9895,20123,42250,38542,47617,32957,58727,21041,28147,21438,42761,58030,44899,61871,42296,4990,28661,5624,58195,63478,62532,47604,49517,20031,12196,4029,42799,49821,54084,41711,64102,16686,9906,17078,59935,34241,43281,51630,60506,18733,9914,16528,44552,49296,56591,44500,60524,38,25597,4585,39020,54937,64840,35832,59241,19514,28069,16520,44820,53650,47617,36541,57449,26160,8882,17589,49260,50321,57930,42703,57467,16676,12194,2493,44852,52367,57947,41685,60774,17714,25580,16533,41999,55226,59968,61432,48168,4206,25580,6635,58198,45046,36097,44273,59499,50,8839,17589,39957,49301,42838,58272,59201,21549,11681,17595,42056,53913,55305,39874,52562,630,29687,5612,64851,51145,46100,60095,33569,16665,9901,30635,44815,35723,58991,42736,46120,32638,7071,25986,59470,38091,45076,41384,47677,5482,29686,18413,63827,38088,44547,33943,58473,21307,10902,22205,39240,57237,42820,58272,52573,19767,28146,17590,57873,35277,46849,58289,42297,4222,18921,16543,44811,62351,57928,60906,58968,18733,10932,20407,63302,61660,61029,61936,59174,22331,29672,500,58966,38364,42765,60077,52738,19775,12453,18574,48387,59346,58432,42230,59002,20011,6052,16554,47368,50316,57939,41203,43377,99,18929,16543,44811,62351,57928,60906,49234,17456,15269,7416,63814,58102,59968,45304,57438,22331,5102,21433,41987,34184,42780,44254,64870,20027,1460,16554,44811,45046,59469,41726,43364,16665,9901,30635,44815,59019,59712,41707,52859,20268,13237,7416,33606,54930,58965,41203,42861,17712,27575,32391,36926,36280,45059,63144,48191,5222,30448,5615,64851,37325,45589,63396,48443,616,27369,26322,42759,54937,61047,46328,59467,22064,12449,21407,48905,35724,58991,42736,46120,32638,7071,25986,59470,38091,45076,41384,47677,5482,30455,5869,62035,38344,45076,63145,47167,5226,31477,4844,64594,36062,49195,44796,64109,18696,13477,16539,48136,54941,62822,46834,42872,18701,9914,7416,40774,52408,46412,44467,65133,4470,25580,3560,64326,34256,44561,33943,58473,21307,10902,22205,43813,54162,62528,45530,64615,3630,8834,19131,47105,53395,58191,45513,59241,20525,12705,20413,45829,39132,46593,33943,58473,21307,10902,22205,43813,54162,62528,45530,64615,3630,12679,21687,40470,50318,62543,41709,60538,17200,25529,485,49238,50363,57932,38382,60513,25385,11681,16558,36117,51854,63316,39347,59201,17722,25528,485,49237,50363,57932,38382,60513,25385,11681,16558,36117,51854,63316,37811,64361,20027,25524,485,43809,49297,53586,42740,33663,19540,8367,19897,33862,53651,58440,34296,59514,17715,32480,26872,47368,50312,58447,60920,60518,2089,7327,31616,57890,37598,45841,63145,48191,5436,25075,2289,33900,53651,58440,34296,59514,17715,4334,23473,59907,34241,50036,44788,42810,17712,27575,3561,59206,38344,42765,61357,47912,2410,3530,21943,43279,58265,58963,42736,55590,21297,14249,20145,59912,34241,50036,44788,42810,17712,27575,3560,63558,35276,46849,58289,48444,10871,11406,18604,44805,55226,59968,60920,59466,19261,12711,21687,44552,51903,59469,61679,46120,25470,12207,21431,58453,55194,59982,33999,41290,5228,25580,6633,59978,38862,36104,44243,57468,17725,12678,19641,58371,51902,58195,45560,57435,17700,10896,17568,59914,34241,36113,44243,57468,17725,12678,19641,58371,51647,63304,34798,64109,17725,10158,20409,47378,39132,62209,46831,33645,20240,10932,17595,47136,51357,43332,35527,60774,22587,32480,4856,33900,53651,58440,34296,59514,17715,5102,21433,41987,34184,42780,41690,60517,30253,9897,25263,41991,50314,49234,44271,63869,10836,11436,16571,59914,51890,61013,42750,58955,20012,12709,7416,33606,54930,58965,41203,42861,17712,27575,32391,36926,36280,45315,62638,48750,5483,30713,5356,65374,37327,42261,60084,50946,21553,8361,25277,47113,49298,43347,44254,59258,21051,8850,18620,47379,39132,53761,43737,42853,17712,27575,3560,65350,45013,59503,43753,60523,20253,11698,21437,39496,55197,59716,58345,43317,20240,10932,17595,47136,51357,36164,44951,60007,19519,3552,21943,43279,63129,62805,43250,43373,99,11657,21931,41991,49311,59663,46328,54816,30721,1946,1008,63824,50123,45591,61865,48444,6507,10229,4845,58180,45013,59503,43753,60523,21517,11442,17587,35144,51603,62798,65213,51752,19505,12719,4075,47104,51347,49267,60383,47422,114,30450,500,64085,45013,59503,43753,60523,21517,11442,17587,40520,52372,60482,42739,64123,7550,29408,28626,48649,50837,54340,45545,57959,3643,8848,17578,48648,39132,51457,47090,60001,26171,8882,17589,49260,51856,58946,58353,58950,18730,9891,16532,44804,34192,42780,44500,64891,20031,9891,20470,48387,64212,57214,34759,43808,4712,28917,17644,63570,50379,45076,63400,47677,16747,27362,11249,42280,52360,57922,41681,60522,3634,9876,21920,63302,64220,57214,34759,43808,16745,31479,5871,63569,50123,48918,62122,45369,6255,31729,2298,33900,53651,58440,36856,60265,19515,1518,20407,59922,34241,59748,44776,53030,20017,28084,20127,41490,51357,57964,43769,58493,28244,14255,17073,34307,51101,60228,38835,61805,29482,14761,445,59995,38349,51499,47090,60001,27707,8609,19901,40520,56729,50261,45042,64359,109,25597,20123,42250,38542,57615,44271,56165,25113,29160,4587,59978,38350,43793,61885,48184,10871,11406,18604,44805,50352,57923,60913,58968,18733,10932,20407,63302,61660,61029,61936,59174,22331,29416,500,64087,34256,43793,62397,33569,20240,10932,17595,43818,49310,43341,43726,60530,7550,5856,18588,63499,52178,61508,62389,43300,4207,29680,500,58967,38364,36104,44243,57468,17725,8844,17594,58378,49320,62297,33477,57444,20025,9901,21942,63302,57564,62031,60912,60508,21542,664,18612,41985,49297,62287,36787,61293,10794,11406,18604,44805,50352,57923,60913,59466,19261,12711,21687,44552,55208,59712,46062,64361,20027,15011,7416,64326,60406,62286,41204,50541,16959,12197,31734,42031,49304,42841,58272,33596,20240,10932,17595,43818,49310,43341,41677,60538,21552,32480,28664,48649,50837,49476,41711,60517,10836,8884,19115,47432,50316,59734,42421,59261,21565,11433,2486,49231,34268,42753,44273,59499,50,9908,21920,63302,50140,62276,44030,59209,20272,11701,17595,44811,53650,44553,58263,43304,28286,14255,17073,34307,51101,60228,38835,61805,42,25597,17580,48670,34294,42753,51645,43304,126,11436,16571,59914,49288,62297,43726,60530,7550,6112,22973,39186,55193,61015,42750,52786,21563,9876,21920,41781,49286,62217,48120,42364,4478,28656,25848,48904,35729,59495,47091,52774,21553,8872,27829,44547,53397,43852,38333,60013,20266,29106,20470,48387,38100,46865,62381,43300,5228,27369,466,59974,51676,58446,45052,64808,22587,5300,17841,41490,39132,59905,47100,42848,16691,27576,17580,48670,52399,57947,39859,41512,5758,28656,5112,64083,45013,42753,58301,58950,18730,9891,16532,44804,35728,61042,42727,46120,30078,10884,5045,42056,53913,46857,58289,60540,21542,10903,21948,58894,38108,42765,60077,43266,126,18912,504,59974,52619,60232,58360,58950,18730,9891,21406,42759,35737,58993,42735,64870,17534,18863,504,59974,34268,42753,44273,59499,50,11427,21942,41735,49298,53331,42996,57724,7550,3552,21943,43279,58265,58963,42736,51238,21308,12207,21933,39171,57237,43332,51653,43304,126,25568,504,44047,50908,59726,41705,59233,21051,10903,21948,59918,39105,46849,47037,60512,48,11427,21942,41735,49298,53331,42996,57724,7550,28896,4590,44870,49554,42795,58301,43304,126,18912,504,59974,34268,42753,44243,57468,17725,8844,17594,58378,51884,61010,43753,59239,7550,5856,18588,63499,52178,61508,62389,43300,20285,14254,18617,44808,62094,58184,44009,41512,4734,28656,4600,59978,36044,42795,58301,43304,126,12256,17079,42503,53724,62286,45052,57420,21549,11681,17595,63302,50908,59726,41705,59233,21051,10903,21948,59918,34263,57941,47077,57439,21562,25512,499,64082,34294,42753,58301,43304,19582,8367,19897,47430,55199,60238,34801,64381,21567,11433,438,59995,51848,58965,34801,64097,16682,8366,445,59977,37065,42795,58301,43304,126,18912,504,59974,34268,42753,44273,59499,50,8371,20138,42506,53928,57924,58355,43317,22282,9893,29366,47107,52362,57922,32935,60538,21567,27557,466,59974,34268,42753,58301,43304,28286,14255,17073,34307,51101,60228,51633,43304,126,25568,504,59974,34268,61557,42744,49254,17968,28079,17590,57873,50831,59475,45041,64588,16684,10932,20407,59978,52153,59988,34483,64105,20023,4263,22700,44810,59858,59720,41720,42362,25982,13998,4021,43811,52367,57423,43737,60538,21565,11433,4022,42031,53427,44629,51633,43304,126,25568,504,59974,34268,55130,45298,64865,20279,25518,485,36403,51349,43283,42739,41343,3182,28384,17580,48670,52395,62277,58357,43301,4204,25580,3560,64070,55509,42795,58301,43304,126,27360,466,59974,34268,42753,45245,64363,19505,6060,17583,41987,62918,58957,60388,33569,126,25568,504,59974,50831,59475,45041,65116,17723,28078,20123,47627,49296,57941,63993,59487,21559,27368,466,59974,49372,58191,42647,60774,10871,12234,17079,42503,59100,59726,45545,58727,26157,8882,17589,63302,60636,62543,41705,60006,3643,9902,2479,38201,65444,44901,62655,48440,5482,30455,5306,59477,36053,50219,44530,64380,19505,1459,16554,44811,63186,64840,58360,43317,25611,11945,4074,44808,36235,43792,61117,47420,114,28656,4856,58198,59126,59726,45545,58727,26157,8882,17589,39496,54931,62280,44276,43366,99,1941,19633,58452,49298,44886,61357,47912,3182,29664,500,64593,45013,59490,47091,59002,21298,12678,19641,58371,50366,60482,45562,64615,17456,12692,20409,47637,55197,59716,47870,46120,4478,202,20407,47122,51603,49490,41711,60517,31344,11657,17596,59934,34241,36114,44254,64870,20268,12460,21406,42759,35737,58993,42735,64870,7550,1248,19641,47363,52394,61508,41694,65382,21311,12679,21687,49174,51702,58446,45052,55848,16699,8370,25520,45577,39132,52737,45299,59516,17200,28069,17590,57873,64163,56697,60377,48938,5484,30707,5565,64852,37064,45848,57848,40993,29524,8869,17066,34830,56723,54287,47604,43373,99,1941,19633,58452,49298,44886,61356,42024,4719,28656,4344,59978,36044,54315,41720,60026,25142,15279,25590,43271,49815,59475,44520,51820,19505,12719,491,59995,51903,59469,61679,61222,20268,4525,25503,64334,35268,46593,61349,47912,2410,4298,16573,43284,59284,65358,37811,59492,17725,11432,17844,47107,49320,62297,65213,54824,30721,1946,1008,65360,38601,45076,63401,48189,17771,30193,4333,64851,51145,46100,63145,45369,6255,31729,2298,39276,50329,58451,33269,61799,28784,8876,17595,42254,49552,62788,44254,58980,4908,32480,25336,42505,55187,43282,45563,58471,26380,27522,4585,58966,38108,46865,58289,47161,2414,4298,16573,43284,59284,65358,38835,61805,42,25597,32391,36926,36280,42243,51636,60507,21055,11171,20122,58398,49320,62297,44254,58980,4908,32480,25336,42505,55187,43282,45563,58471,26380,27522,5610,58966,38876,46869,58289,48442,2411,4298,16573,43284,59284,65358,34227,59239,42,25597,20381,42771,58322,59726,60905,58959,18474,11937,29394,43779,50830,50505,48114,56614,22587,4276,23473,59907,34241,46608,37015,59501,17196,424,22967,40520,56729,57173,45020,61025,19760,11685,428,59995,52153,59988,38835,61805,30762,12161,18097,42760,52121,43349,42705,64878,29524,8869,17066,34830,56723,56591,44500,60524,38,25597,11244,44853,55197,61250,44255,42864,16654,9906,21942,63302,59100,59726,45545,58727,26157,8882,17589,49260,51856,58946,58353,60507,21055,11171,16520,59906,34241,59752,47086,59241,17725,11758,22205,38222,64931,50043,57781,47678,18025,30198,5869,63571,38857,57620,64424,47165,2428,18921,17547,47111,52639,58993,60921,59480,17466,11689,28095,44035,34184,42780,34760,58465,20080,13477,4592,59978,38349,36104,42702,64361,18493,8848,4028,43830,49294,62287,65213,55848,16699,8370,25520,45577,45046,59469,41726,43364,17677,12705,18875,42277,52110,62788,65213,49192,21296,8884,17078,58371,49298,44886,40130,54096,2074,30178,5867,64768,37065,45848,63145,48176,5229,25076,2289,39276,50329,58451,33013,64359,17712,28082,20123,42004,55193,58995,43769,64125,7550,5856,18588,58379,49298,44886,61357,48936,10871,9875,21433,41477,51903,59731,45560,55590,21055,11685,428,59995,49327,62784,44030,58954,10790,12234,17079,42503,63196,58948,41199,55904,21034,10415,445,59995,52149,62290,44540,60523,20080,13477,32496,37433,57766,42249,61611,61247,5480,29172,5612,62291,49609,46100,60095,33569,17677,12705,18875,48693,51854,57930,32947,58727,21041,32480,25336,42505,55187,43282,45563,58471,26380,27522,6635,59978,40399,42765,63401,33569,17677,12705,18875,48693,51854,57930,38835,57440,19261,9902,21163,63302,38108,54315,41720,60026,29494,12724,19127,58371,50348,57939,47091,46120,29566,8869,17066,34830,56723,36139,44273,59499,50,13953,20140,42031,49302,62274,47071,43366,99,11657,21931,41991,49311,59663,46328,54816,30721,1946,1008,63568,38601,57877,61865,48447,4970,29172,5100,62291,40393,44547,51636,64585,20266,11657,17586,48645,53694,43343,43726,60530,7550,5856,18588,63499,52178,61508,62389,43300,4463,28656,4344,59978,36044,50731,47080,49255,18992,8357,25516,42002,62930,62542,47092,58977,48,25597,25997,42767,35790,57935,60394,42297,3454,29425,3560,64070,34256,44561,33431,64893,26929,10670,17085,34834,52104,50447,41212,61027,20268,11701,25276,42505,55187,42770,58272,58955,20274,28850,18422,42260,63377,50534,61877,47418,114,30451,500,65362,45013,62048,44265,59201,17716,14243,21914,58376,49320,62297,65213,54824,30721,1946,1008,64849,38602,46359,64170,48953,18025,31735,17135,63825,37067,46359,60095,51202,21547,2735,19382,43267,59272,59733,34227,59239,42,25597,20381,42771,58322,59726,60905,58959,18474,11937,20122,44554,58614,62292,35570,58214,17211,436,20396,40520,56729,54357,47604,43373,99,29425,24786,48659,60563,60751,41208,52092,20010,6126,22973,35090,51603,62798,58286,43317,20253,11436,4778,44104,51854,54604,33242,47904,5483,25580,5354,58963,38876,45588,51636,64585,20266,11657,17586,48645,53694,43343,46812,59004,21788,14260,20407,42277,51856,42835,58272,59502,21298,18853,21657,42258,52149,57931,47102,64842,3632,2714,17846,45571,39132,45825,33431,64893,26929,10670,17085,34834,52104,55055,45564,59245,42,25597,20123,48648,51854,62541,45531,58473,10811,12234,17079,42503,58588,62292,33010,64359,17712,25522,485,42031,53647,59712,42750,59174,22331,7400,31111,36412,34772,46103,42410,48191,6507,30708,6637,63827,37320,44547,51636,64585,20266,11395,20394,47107,59090,62798,42739,56186,17471,13993,427,59995,57769,59976,44467,65133,4214,25580,2286,35692,53641,50254,45554,60518,3628,8848,17578,48648,39132,50689,47080,49255,18992,8357,25516,42002,45046,59469,41726,43364,19487,12709,25516,41991,49298,42835,58272,59201,21549,11681,17595,42056,53913,55305,39874,52562,630,29174,4845,44882,38856,58902,62632,48445,4971,8949,2298,49231,51645,62788,33257,59241,17712,28082,18571,44828,39132,53761,43737,47973,20080,13477,4336,59978,37329,43793,62397,43300,5228,18921,19865,47107,59272,59712,42739,42874,20238,10931,18604,41993,39132,53761,43737,47973,20080,13477,4592,59978,38350,42765,61357,47144,4719,18921,19865,47107,59272,59712,42739,42874,16668,10403,21439,48905,49554,59490,44273,47738,7550,224,19895,47113,35791,62791,44786,52826,2076,31729,3560,63814,35276,46081,60077,51202,17714,14258,16538,41992,55193,50447,41212,61027,20268,11701,30140,43796,54930,58961,42735,60006,39,25597,11241,42535,55193,50517,44540,60518,3628,11398,21942,63302,57564,62031,60912,58958,21552,1262,21943,43790,59537,58180,46836,33637,19487,12709,25516,41991,49298,43347,42697,64880,18701,9914,7416,64326,45004,60256,45560,52092,20031,9902,4010,44850,53636,59490,44273,47738,7550,224,19895,47113,35791,62791,44786,52826,2076,30450,3565,63558,37065,42765,63151,41021,24916,9900,21930,43812,52114,62788,38835,61805,29738,8882,21174,43798,49294,58447,58340,43317,10863,12161,21437,34834,52125,57935,60911,49234,17456,15269,7416,65350,58614,57933,47087,59466,20016,12709,29174,47111,52121,42837,58272,58955,21552,11685,26540,43796,49297,36139,44273,59499,50,12161,21437,35090,55187,57935,58351,43317,19991,14259,20409,44805,52178,61508,40117,53591,25604,25064,4846,44113,37067,48660,63401,45373,4971,30708,2298,49231,51645,62788,33001,64359,17712,28082,20123,42004,55193,58995,43769,64125,7550,5856,18588,58379,49298,44886,61357,48936,10871,12161,21437,35090,55187,57935,60911,59480,17708,14254,7416,35654,49296,62291,41695,59238,21051,18890,20148,43781,34192,58978,42991,58955,21552,10913,17590,59924,34241,59752,47086,59241,17725,11758,22205,38222,64931,50043,57781,48190,5483,30708,6381,43859,50377,57620,64424,47165,4201,30708,5869,43091,38601,44547,51636,59467,17452,11395,21942,41735,49298,43347,43726,60530,7550,5856,18588,63499,52178,61508,62133,43300,5235,28656,4344,59978,38097,48917,51636,59467,17452,11395,21942,41735,49298,43347,44237,57467,18730,11695,7416,40774,52408,46412,44467,65133,4214,25580,4586,59978,35276,46593,61865,33569,16669,10162,20123,48648,52381,57935,60911,59466,19261,12711,21687,44552,55208,59712,46062,64361,20027,15011,7416,64326,59126,62784,33017,59239,16682,11689,21437,34888,55187,57925,37103,62305,28731,15273,19901,63302,38364,50219,45564,51820,20017,8884,20401,47107,63186,62786,45042,52068,21055,11156,17073,41997,54937,42834,58272,33596,16669,10162,20123,48648,52381,57935,60911,59995,20268,12204,16538,33556,50321,57926,44254,58980,4908,32480,25336,42505,55187,43282,45563,58471,26380,27522,4590,59978,37070,42765,64431,33569,16669,10162,20123,48648,52381,57935,60911,64585,20266,8877,18604,35077,52125,58967,37102,62305,59,25597,20381,42771,58578,62292,44786,64873,17207,10899,17570,37704,59126,62784,33017,59239,16682,11689,21437,35144,52125,58967,37102,62305,59,25597,25997,42767,35790,57935,60394,42296,4222,25580,3560,64070,45013,58978,42991,58955,21552,10913,17590,58388,60582,58191,48120,46120,4990,202,21433,35074,52115,58965,44532,64365,28784,12705,20413,59922,34241,58982,42736,57211,17719,183,20409,43792,57999,59475,46056,33538,20274,8867,436,33587,55227,58184,65213,49192,21296,8884,17078,58371,49298,44886,40130,54096,2074,30178,5867,64768,37325,45589,63227,48698,5439,30711,5310,65119,37327,42259,60084,56322,26391,10930,4028,44837,51600,61042,42727,46120,30078,10884,5045,42056,53913,46857,58289,48185,3180,29664,500,65111,36036,53803,34004,57466,3642,9859,19892,43830,49560,59720,58362,43317,25611,11945,4074,44808,36235,43793,62141,42298,4222,25580,5097,49231,60585,62822,42996,55846,21041,3252,17834,47107,39132,49665,46835,42853,20237,14258,21399,44802,35726,58989,44260,64893,21009,9892,11178,33587,55227,58184,37811,64361,20027,25524,485,43813,49550,59490,47091,57449,17712,18866,466,42604,50835,60224,37053,64877,18730,9390,30635,44815,34187,42780,44500,64891,20031,9891,20470,48387,64212,57214,34759,43808,4201,30708,5869,43091,38601,44547,51636,60507,21546,11689,21183,41776,53913,51471,44796,43373,99,7327,31616,57890,37854,45588,63406,48442,5484,30374,5344,65111,37833,45585,63227,48443,623,18921,17547,48658,52117,62534,43723,65133,29552,14761,445,59995,57769,59976,60847,60518,2089,28657,4600,59978,35277,46849,51636,60507,21546,11689,21183,41776,53913,55055,45298,64865,20279,25518,485,36403,51349,43283,42739,41343,3182,29664,500,58966,38364,36104,42702,64892,20023,12455,18574,48387,59346,58432,42230,59002,20011,6052,16554,47368,50316,57939,41203,43377,99,18929,17547,48658,52117,62534,43723,65133,30320,12457,17329,44810,39132,57601,45052,60539,29524,14245,18604,44296,62351,57928,60906,49234,17456,15269,7416,63814,63222,62276,43753,61030,30253,9897,4015,43830,49294,62287,65213,51752,20017,9908,21942,47136,51357,36164,44951,60007,19519,4320,21949,41746,49810,50258,44540,59518,26413,11442,20909,63302,60636,62543,41705,60006,3643,9902,2479,38201,65444,44901,62655,48189,5481,30712,5352,65105,37577,45840,63145,48433,5229,25078,2289,39276,53657,61013,42227,51835,20031,8886,26283,42260,54665,51471,44796,43373,99,7327,31616,57890,37854,45588,63406,48442,5484,30374,5344,65111,37577,45588,63146,48432,5486,30711,5869,65111,37064,45848,63406,43838,10871,9875,21932,41999,54939,58978,46579,64105,21017,13999,4008,41781,49286,47617,38589,57420,4659,11758,22205,64334,34256,45836,61357,47144,114,30189,2286,39276,53657,61013,42227,51835,20031,8886,26283,42260,54665,55055,45298,64865,20279,25518,485,36403,51349,43283,42739,41343,3182,29152,3560,64070,34256,46356,51636,60507,21546,11689,21183,43813,54162,62528,45530,64615,3630,8834,19131,47105,53395,58191,45513,59241,20525,12705,20413,45829,39132,46593,37015,64877,18730,9390,25259,41991,50314,49234,44271,63869,26480,11442,20909,47154,52125,63314,45564,59245,22845,32480,4600,39276,53657,61013,42227,51835,20031,8886,26283,42260,54665,56591,44500,60524,38,25597,11243,44853,53640,59720,45306,59467,22064,12449,21407,48905,35724,58993,42735,64870,7550,4320,21949,41746,49810,53586,42740,33663,19540,8367,19897,39238,53657,61013,42227,50555,21303,25524,485,42031,53647,59712,42750,59174,22331,7400,31111,36412,34772,46103,42410,59455,18027,30452,5100,43857,37577,57621,64168,47676,4714,27362,11249,44853,53640,59720,45306,57412,21549,5102,17849,41730,49810,47617,38589,57420,3635,9902,2479,58966,38108,44563,37015,64877,18730,9390,28075,47375,35720,59506,47087,64327,17722,25522,485,42019,51337,54287,45554,50812,17452,12709,28150,45831,53395,51285,42991,64365,29524,14245,18604,44296,59791,62536,60905,59480,17708,14254,7416,39238,53657,61013,42227,51835,20031,8886,26283,42260,54665,36139,44273,59499,50,13990,17078,41746,52115,58369,42735,64873,29499,14245,18604,44296,51880,57414,42737,64800,21559,9900,17548,48670,34256,57925,41198,60508,21542,25580,17596,43776,51593,54357,41705,60540,114,8867,19892,43780,52895,36104,58301,43304,20274,8867,436,48661,53661,42820,58272,60524,16696,12213,29356,43794,49288,42795,58301,33576,126,25568,20148,43781,34192,59509,42234,60516,16669,10162,7416,33606,54930,58965,41203,42861,17712,27575,32391,36926,36280,45059,63405,48188,5481,30370,1003,58191,34294,42753,38845,61031,19513,165,21433,58370,52399,57947,65213,56360,18714,29101,20470,48387,38100,42765,61357,47400,114,30197,11249,59974,34268,59509,42234,60516,16669,10162,25590,43271,49815,59475,44520,51820,19505,12719,491,59995,51903,59469,61679,61222,20268,4525,25503,64334,35268,46593,61349,47912,2410,25546,504,40518,49811,60230,33016,64361,3642,11394,17834,47107,52399,57947,43725,60528,50,25597,11240,59974,34268,59509,42234,60516,16669,10162,31734,42031,49304,42841,58272,33596,126,25568,20108,44289,49296,58978,42991,55590,21055,11685,428,59995,49327,62293,44532,64111,16669,13742,21177,47137,53395,36177,58263,43304,19582,8367,19897,35142,55197,50245,45554,60518,44,25597,20369,48661,52125,57922,44467,65133,32630,7071,25986,59470,38602,57622,63146,45117,5226,31733,4845,65106,36062,36104,58301,43304,16669,10162,20123,42004,55193,50191,45554,60518,29228,10145,21681,59925,34241,50036,44788,59174,22331,29672,500,58206,34294,42753,32957,64361,25402,12719,17590,58388,50348,57939,47091,46120,29822,9391,19903,35075,55197,36165,58263,43304,19582,8367,19897,35142,55197,54341,45545,57959,59,25597,20369,48661,52125,57922,44467,65133,32630,7071,25986,59470,38602,57622,63147,47932,5226,31477,17901,63827,36062,36104,58301,43304,16669,10162,21899,42260,49303,50191,45042,64359,7550,224,19895,47113,35791,62791,44786,52826,2076,30195,500,64597,34256,45845,51636,43304,126,8835,17834,48693,51854,57930,38835,57440,19261,9902,21163,63302,38108,42795,58301,51752,21055,4260,21420,41225,35737,58993,42735,64870,7550,6112,18103,42497,59033,62784,51705,43266,126,12256,17079,42503,61916,62280,42737,46120,27006,12462,16556,43272,35737,57935,60394,54871,31238,27524,6138,65364,37327,45892,62639,48233,5481,30452,5355,59399,36053,42795,58301,56616,21559,9900,30198,45571,34184,42780,43753,58748,29755,15269,11180,59974,34268,61045,45033,42861,20248,14254,7416,36678,53394,43340,44251,64870,26480,14255,16560,34827,51603,36165,58301,43304,18698,12212,4029,44850,53636,61042,42727,46120,4478,18930,504,59974,52392,60245,60920,60508,21542,11395,20148,63764,39132,50177,45042,64359,3693,12710,19639,36148,36286,45843,61357,47912,4202,25580,5610,58195,34294,42753,38845,64865,17714,5102,21175,48655,51861,42831,58272,52573,19767,28146,17590,57873,35276,46593,61353,47400,114,29681,11249,59974,34268,61045,45033,42861,18701,9914,7416,40774,52408,46412,44467,65133,4470,25580,6389,58966,38364,42765,62892,33569,126,25568,18572,42514,35737,57973,47077,51280,18738,11687,17589,48648,39132,49665,46835,42853,17674,14264,24704,41738,52123,57932,47091,50470,17979,18868,504,59974,52392,60245,60920,59466,19261,12711,21687,44552,55208,59712,46062,64361,20027,15011,7416,64326,34294,42753,38845,64865,17714,6638,20369,44802,34180,42780,51624,43304,126,10900,19884,58371,50348,57939,47091,46120,29822,9391,19903,35075,55197,36165,58263,43304,19582,8367,19897,36422,54937,42818,58272,59201,21549,11681,17595,42056,53913,55305,39874,52562,630,29174,4845,44882,38856,58902,62632,48445,4971,8949,2298,49231,34268,42753,42713,60027,29808,15269,428,59995,49304,58450,42697,64880,84,25568,26104,47363,35743,59495,47091,46120,25982,13998,4021,42272,53650,49167,47090,59488,10803,25568,504,44834,50831,54031,48120,55932,23095,25509,485,64087,34294,42753,34749,64109,3645,9876,21920,42277,51856,46163,65213,51752,19505,12719,4075,47104,51347,49267,60383,48441,3182,29408,4588,59978,37069,44561,58263,43304,25726,12453,4027,42294,52367,61013,44530,46120,30078,10884,5045,42056,53913,46857,58289,48441,114,28656,5112,58206,34294,42753,34749,64109,3645,10899,17570,63302,61660,61029,61936,59174,22331,29416,500,62283,35276,46849,58289,48953,10871,25568,504,44834,50831,54031,48120,53628,19487,9385,19638,41987,34184,42780,44504,58493,29808,15269,31148,42535,49813,59983,44536,42876,17682,14246,466,59974,57820,62532,60926,59466,19261,12711,21687,44552,55208,59712,46062,64361,20027,15011,7416,64326,34294,42753,34749,64109,3645,2714,17846,45571,39132,45569,58263,43304,25726,12453,4027,43830,49294,62287,65213,56616,18225,12199,25277,47111,44952,42795,58301,58664,17201,12193,29432,41745,50824,50505,44521,46120,27006,12462,16556,43272,35737,57935,60394,54871,31238,27524,6138,65364,37327,45892,62639,48444,5229,30706,5354,65375,34756,44552,58263,43304,29566,10935,17068,34830,52104,54287,47604,43373,99,1941,19633,58452,49298,44886,61357,48424,3174,29664,500,65108,45013,42753,58301,65115,21559,11171,21914,58376,51884,61010,43753,59239,7550,5856,18588,63499,52178,61508,62133,43300,5747,28658,4600,65352,34256,46604,60079,43266,126,4320,18607,43282,59284,59733,33203,60009,18229,11442,20397,35074,51603,62798,58286,43317,21549,14241,445,41991,34200,59490,44273,47738,18032,11442,29621,34849,38868,46867,58289,48187,114,30452,497,47113,59100,60238,45554,42811,21048,11951,26250,57892,38863,42765,61870,43300,4202,18921,504,59974,53935,62280,44030,64842,3632,9876,21920,63302,64220,57214,34759,43808,2428,25546,504,39238,52363,58453,33269,59260,24944,14261,25527,48659,51848,50255,45042,64359,7550,9696,19897,44821,34294,42753,37053,57471,17194,424,20396,36936,52149,57925,58341,43317,10859,25568,504,48437,53653,61250,47071,42854,16654,9906,21942,63302,61916,57422,45050,51821,21055,18852,466,59974,51676,58446,45052,55848,18729,8372,25264,47113,49298,42835,58272,59201,21549,11681,17595,42056,53913,55305,39874,52562,630,28918,18415,65361,40137,45845,64424,47677,5226,27362,11249,59974,34268,61554,47092,57707,20253,11698,21437,35144,55187,57935,37359,60777,21815,25523,485,36403,51349,59663,46328,47136,114,27376,466,59974,63196,61014,41193,51808,21041,9902,4010,43830,49294,62287,65213,55848,18729,8372,25520,42002,45046,42753,58301,58980,16701,25516,20124,59922,34241,59752,47086,59241,17725,11758,22205,38222,64931,50043,57781,47423,5226,29941,17389,63827,36062,36104,58301,43304,20250,28084,18571,44828,39132,53761,43737,47973,20080,13477,4592,59978,40397,42765,61357,47144,2406,25546,504,36422,53651,55055,45298,64865,20279,25518,485,48661,53661,42820,44540,43372,25611,11945,4074,44808,36235,43792,61117,47162,114,28144,3565,59206,36037,59393,58351,52573,19767,28146,17590,57873,35276,46081,58289,42808,3179,28384,2273,60012,34268,49921,47090,52006,17215,9387,20138,42003,59032,60238,45554,43323,99,11395,20148,63764,50130,59475,37360,52047,4726,30453,500,65364,35273,46337,63144,33569,126,25568,20124,58386,51902,58195,45560,57435,17700,10896,17568,59914,34241,36113,58301,43304,20250,28084,26754,44552,56729,47617,62909,43266,126,2016,21943,39496,55197,59716,58345,43317,22285,14249,18875,48676,44946,42795,58301,58664,17201,12193,26104,48649,51903,59731,45560,46120,27006,12462,16556,43272,35737,57935,60394,54871,31238,27524,6138,64853,37530,45588,63396,48188,5478,30707,1004,58191,34294,42753,34749,64871,20253,11698,21437,35144,55187,57935,37359,60777,21815,25523,485,36403,51349,59663,46328,47136,114,27376,466,59974,57820,62286,44254,59258,21051,5102,21433,41987,34184,42780,44249,33660,84,25568,29432,41745,50824,50505,44521,50214,21809,9907,21658,48658,52115,50192,43761,57963,25444,11695,17590,48645,50132,59732,47102,58977,2096,18921,504,59974,34268,42753,45037,61545,20237,11701,2492,34085,58290,49256,37043,64615,17456,28083,19867,43279,35991,42795,58301,43304,126,12512,16556,44818,39132,59649,47090,64040,16682,9908,466,59974,34268,42753,43709,43374,21549,14241,445,41490,52121,42795,58301,43304,126,25568,504,48710,49291,59716,37045,57471,17194,424,20396,59978,59271,58432,42230,59002,20011,164,19895,47113,34255,42780,44254,58980,4908,9710,20138,38923,59323,46345,62383,43300,5485,25580,5356,46927,34256,43281,63151,33569,126,25568,504,59974,34268,42753,46313,60525,2096,11396,3500,45382,51884,61010,43753,59239,7550,5856,18588,63499,52178,61508,62133,43300,4723,28657,4600,65352,34256,48652,48820,43300,3694,30450,500,42019,51337,49679,45308,59233,29497,15028,17588,34888,50845,44618,58263,43304,126,25568,17656,47370,44953,42753,58301,43304,126,25568,504,48402,49305,44879,46286,64865,18493,14210,3510,45382,50366,60482,45562,64615,17456,11395,20148,63764,39132,50177,45042,64359,3693,12710,19639,36148,36286,46354,58289,47931,114,29684,23793,59978,35788,45587,51636,43304,126,25568,504,59974,34268,61525,42744,41318,20250,28596,23288,42294,52367,61013,44530,46120,30078,10884,5045,42056,53913,46857,58289,42299,4222,30446,500,62283,55509,42765,60845,48186,114,11653,19629,36680,54941,59720,37114,61564,17714,494,17081,58125,34294,42753,58301,43304,17790,10158,466,59974,34268,42753,41149,58729,16946,8353,2483,48661,53661,44612,58263,43304,17790,10158,11249,41987,44952,60203,41202,58729,18046,11701,21947,42255,34194,62786,41720,60540,17685,8633,20401,39170,53657,61013,42227,64800,21559,9900,17548,48670,34256,57925,41198,60508,21542,25580,17596,43776,51593,52309,47864,43300,16701,12204,16570,41221,45013,42753,58301,58980,16701,25516,21691,47124,52121,52309,47864,46120,17534,9637,21689,48650,49335,36184,58301,43304,20274,8867,436,47375,52400,62290,44536,59233,57,25597,16574,47370,44953,42753,58301,43266,126,12256,17079,42503,61148,65092,41694,60794,7550,2784,21174,43794,50834,43332,42739,41343,32513,6552,2460,64836,37324,45589,63146,48234,621,27369,466,59974,61148,65092,41694,60794,29552,14761,445,59995,57769,59976,60847,60518,2089,28657,4600,59978,35276,45569,60075,43266,126,2272,22717,43813,49550,50447,41212,61027,20268,11701,25276,42505,55187,42770,58272,58955,20274,28850,18422,42260,63377,50534,62133,42288,4478,28664,5112,58194,34294,42753,35005,61549,16669,10162,25590,47113,49304,54355,47604,55661,22583,12197,7416,64070,34294,42753,35005,61549,16669,10162,31734,42031,49304,42841,58272,33596,126,25568,17555,35103,55197,43333,41677,60538,21552,32480,29432,48643,52360,57423,33006,59241,16680,1203,20138,47635,45046,42753,58301,58980,16701,25516,16539,44564,51903,59731,45560,46120,27006,12462,16556,43272,35737,57935,60394,54871,31238,27524,6138,64853,37530,45588,63396,48188,5478,30707,1004,58191,34294,42753,32957,64361,25402,12719,17590,58388,51903,59731,45560,59482,18746,12469,7416,40774,52408,43340,42739,41343,3182,31712,11249,59974,34268,58978,42991,58955,20012,12709,29174,47111,52121,42837,58272,60483,25383,12705,11196,60012,34268,60161,41202,58729,25470,12705,29372,47122,52883,42820,58272,59201,21549,11681,17595,42056,53913,55305,39874,52562,630,28918,18415,65360,38856,45845,64168,60733,4971,27362,11249,59974,34268,58978,42991,64859,20268,9899,25334,42505,55187,47617,32957,58727,21041,28147,21438,42761,58030,44899,62894,43300,5741,25580,5612,49231,34268,42753,41694,60794,21517,11442,17587,40520,52372,60482,42739,64123,7550,29408,466,59974,59100,62784,37113,64380,19249,28069,16520,44820,53650,47617,35005,61549,16669,10162,11218,59974,34268,59469,41726,43364,18698,12212,445,59995,52149,62290,44540,60523,20080,13477,32496,37433,57766,42249,61867,47677,17770,29172,16623,64851,37321,46100,41640,41002,10871,25568,504,41778,51592,43332,42697,64880,7550,14304,21937,44810,49320,62297,58263,43304,29822,14249,17588,35912,52115,42837,58272,59213,19755,1518,20407,58386,51899,61269,44796,58954,17458,25546,504,40518,53653,57933,38835,61805,29482,14761,445,59995,38861,42795,58301,56616,21559,9900,30198,45571,59016,60238,45554,43323,99,11395,20148,63764,50130,59475,37360,52047,4726,29684,500,65108,35276,46337,63145,33569,126,25568,18572,42514,35737,59505,43758,57468,20017,32480,29944,41762,38801,59663,46328,47392,114,30705,500,58966,38108,44561,58263,43304,29822,14249,17588,39240,57237,42820,58272,52573,19767,28146,17590,57873,35277,43521,61868,42296,4222,25580,6121,49231,34268,42753,43721,58748,3643,9876,21920,35646,52368,59718,42736,64870,7550,1760,21686,58379,49320,62297,33477,57444,20025,9901,21942,34376,50073,36181,58301,43304,18698,12212,4029,43812,52895,62790,46834,60774,21002,11681,20907,47111,52121,65090,65213,47144,84,25568,30200,48655,49296,56591,44500,60524,38,25597,11245,59974,34268,61045,45033,42861,16654,9906,21942,63302,61148,65092,41694,60794,10836,25568,504,42250,50335,42829,42713,60027,7550,2784,21174,43794,50834,43332,42739,41343,32513,6552,2460,64580,37070,45842,63480,48698,5439,30455,5356,65365,34717,44552,58263,43304,25726,12453,4027,44850,53636,47617,42941,64109,29757,15269,11180,59974,34268,57957,41198,53030,20017,25524,485,42019,51337,49423,44530,42876,20249,11188,19641,60012,34268,49921,45304,42859,17674,14264,18571,44828,39132,46593,51629,43304,126,9860,17067,40520,56729,50261,45042,64359,109,25597,20123,42250,38542,57615,44271,56165,25113,29416,4588,59978,37325,43793,62141,47421,10871,25568,504,44834,50831,55055,45298,64865,20279,25518,485,36403,51349,43283,42739,41343,3182,29408,3564,64070,34256,48915,51636,43304,126,9860,17067,39240,57237,42820,58272,52573,19767,28146,17590,57873,35277,43521,61868,42296,4222,25580,6121,49231,34268,42753,42713,60027,29808,15269,31148,42535,49813,59983,44536,43388,99,11653,19629,40520,56729,57173,45020,61025,19760,11685,4012,44842,53658,42795,58301,52520,21307,28067,16538,41221,55195,62030,42995,64348,20031,13235,21433,41987,56479,47617,62141,43266,126,2016,21181,58373,60582,58191,48120,46120,5502,25546,504,36422,54937,43330,41677,60538,21552,32480,27384,45827,50367,58195,51607,43304,126,11436,16571,59914,49335,50520,44521,46120,27006,12462,16556,43272,35737,57935,60394,54871,31238,27524,6138,65364,37327,45892,62639,48444,5229,30706,5354,65375,34756,44552,58263,43304,27518,15013,21914,58376,52399,57947,65213,56360,18714,29101,20470,48387,38356,42765,62884,43300,3182,29152,2286,60012,34268,52225,47864,64842,3632,11408,18603,41746,52115,47617,38589,57420,4659,11758,22205,64334,34256,46604,64429,43300,3694,28661,3320,63831,45013,42753,58301,60483,25127,11700,25590,43271,49815,59475,44520,51820,19505,12719,491,59995,51903,59469,61679,61222,20268,4525,25503,63566,35274,46337,61355,47656,2410,25546,504,33094,56473,62307,60915,60508,21542,32480,32504,37433,57766,42249,42923,41002,3710,25582,21691,47124,52121,52309,47864,50982,19775,25509,4086,38214,64931,50043,57781,60222,2428,25546,504,33094,56473,62307,60915,58958,21552,32480,25848,48904,35729,59495,47091,52774,21553,8872,25525,42505,44952,42753,58301,60483,25127,11700,30198,45571,63112,64840,58360,43317,4207,25546,504,33094,56473,62307,60915,60508,21542,11395,20148,63764,39132,50177,45042,64359,3693,12710,19639,36148,36286,46355,61357,47656,3179,30688,2285,60012,34268,52225,47864,64842,3632,13953,20140,48932,53640,59726,44254,58980,44,25597,16574,47370,44953,42753,58301,60483,25127,11700,31734,42031,49304,42841,58272,33597,126,25568,17555,34847,52104,55055,45564,59245,42,25597,17555,35103,55197,36165,58263,43304,19582,8367,19897,33094,56473,59490,44527,64365,7550,2784,21174,43794,50834,43332,42739,41343,32513,6552,2460,64580,37583,45127,63144,48433,5482,30456,5611,59474,36053,42795,58301,49704,22843,11395,20394,47107,59090,62798,42739,56186,17471,13993,427,59995,57769,59976,44467,65133,4214,25580,2286,60012,34268,52225,47864,58955,20012,12709,29174,47111,52121,42837,58272,60483,25127,11700,11218,59974,34268,59469,41726,43364,17685,4281,21420,41225,34201,42780,44500,64891,20031,9891,20470,48387,64212,57214,34759,43808,4968,9719,5358,63570,37320,48660,42920,47677,2428,18921,504,59974,49335,54360,45545,57959,3643,11395,20148,59924,34241,59490,44273,47738,18032,11442,29621,34849,37332,43801,63421,42288,5502,27384,466,59974,61148,65092,47054,59002,17717,6126,18608,41221,49298,62546,65213,47144,84,25568,27384,45827,53679,59475,42742,55590,21055,11685,428,59995,49335,50520,44521,33538,126,25568,17555,34847,52104,51727,46834,60539,21788,14260,20407,35159,52368,60482,32935,59239,17712,14243,18416,42003,53663,59464,60403,33569,126,25568,504,59974,50069,60929,36846,64097,17706,10926,18102,48710,49300,42831,42735,64636,20012,9952,17846,60012,34268,42753,58301,57384,27693,12457,17580,41736,49810,47617,47037,64634,10811,25568,504,59974,34268,62536,42710,50545,21303,9908,18614,44296,39132,62209,46831,33645,126,25568,504,59974,51596,65088,44238,59261,2106,3203,26518,36143,63186,62030,42995,42875,19485,8361,2227,60012,34268,42753,58301,49704,22843,14210,4022,44850,53636,47617,40125,53591,25604,25064,17902,62039,40397,48912,41387,41002,84,25568,504,59974,61148,65092,47071,42854,17674,14264,20123,42250,38542,47617,32957,58727,21041,28147,21438,42761,58030,44899,63151,42301,4734,30453,500,65364,36041,42795,58301,43304,126,14304,17583,41987,61140,65092,47054,59002,17717,25580,25251,42505,55187,47617,32957,58727,21041,28147,21438,42761,58030,44899,61871,42296,4990,28661,5624,58195,35201,46849,61875,33569,126,25568,504,59974,34294,42753,58301,43304,19582,8367,19897,43334,52115,57935,47102,58977,10800,25568,504,59974,34268,59458,44531,60013,18730,11695,7416,40774,49295,52819,46067,64893,17677,13746,17073,58371,52149,62033,33257,61037,20031,250,20407,44808,53663,57609,44520,64875,20279,27566,20401,48918,35208,63233,44271,60523,21293,10149,11249,59974,34268,42753,58301,43304,126,9641,18680,36373,54937,62805,47858,60781,21630,9896,11190,59974,34268,42753,58301,43304,126,25568,504,42245,52114,58436,43753,59239,25700,12457,20155,41992,50841,44885,51636,43304,126,25568,504,59974,34268,42753,58301,60538,21802,11698,466,59974,34268,42753,58301,43304,17790,10158,466,59974,34268,42753,58301,43304,18814,25510,20401,48918,35720,62580,45560,59201,21806,6068,20897,59907,39105,49665,46835,42853,21259,12709,20369,48918,61832,63320,60920,60483,16935,8879,17834,48710,49300,36175,58301,43304,126,25568,504,59974,34268,42753,42484,57384,20528,14261,27382,45827,51903,57925,65213,43317,19995,11957,27382,45827,51903,57925,34483,60027,20543,25509,18860,41987,34294,42753,58301,43304,126,25568,504,59974,34268,42753,35005,61549,21532,28078,17548,48670,39132,55297,39874,52562,630,10230,2298,58438,34258,62018,45551,59245,27434,15013,28662,42759,34201,43279,40125,53591,25604,25064,17390,58180,34294,42753,58301,43304,126,25568,504,59974,34268,42753,35005,61549,21532,28078,17548,48670,51903,59469,61679,46120,25470,12207,21431,58453,55194,59982,33999,41290,4716,28656,4856,58963,37340,44564,58263,43304,126,25568,504,59974,34268,42753,58301,43304,21630,9911,20413,33102,56473,62322,44271,60515,114,187,19895,47113,39132,50177,45042,64359,3693,12710,19639,36148,36286,48917,58289,45372,114,31733,23793,59978,35788,44563,58263,43304,126,25568,504,59974,34268,42753,58301,43304,18814,2227,22717,41770,53647,59716,44532,43375,99,8870,21172,49155,34268,42753,58301,43304,126,25568,504,59974,34268,42753,45300,57412,21549,11685,20401,59905,34241,58951,45297,33645,126,25568,504,59974,34268,42753,58301,43304,126,25568,20155,41992,50841,61013,44530,52530,21303,11427,20406,43267,36232,36104,58301,43304,126,25568,504,59974,34268,42753,58301,43304,17708,14004,20394,60012,34268,42753,58301,43304,126,25568,504,44870,49554,42795,58301,43304,126,25568,504,59974,34268,60929,58363,59233,21806,28084,17555,35103,49555,42820,65251,52264,21808,28077,17555,35103,49555,43332,44488,59235,22321,25518,18860,41987,34294,42753,58301,43304,126,25568,504,59974,34268,42753,41149,64381,17708,14254,17555,59935,34241,59720,46829,42876,17685,185,17847,49155,34268,42753,58301,43304,126,25568,504,59974,34268,42753,42710,52081,20010,6126,22973,59922,34241,55422,39365,41292,5756,24996,497,58440,50908,62804,42735,64870,17685,28089,16534,44811,35804,42767,40130,54096,2074,30178,954,49231,34268,42753,58301,43304,126,25568,504,59974,34268,42753,42710,52081,20010,6126,22973,35090,51603,62798,58286,43317,20253,11436,4778,44104,51854,54604,33242,47904,4204,25580,5355,59978,37064,36104,58301,43304,126,25568,504,59974,34268,42753,58301,43304,22314,9893,2486,44845,63109,62805,43250,42349,23422,11395,20148,59924,34241,59490,44273,47738,18032,11442,29621,34849,37332,43801,63421,42288,5502,27384,3493,64070,38866,36104,58301,43304,126,25568,504,59974,34268,42753,58301,43304,16701,12204,16570,41221,50900,62804,42735,64870,17685,27321,466,59974,34268,42753,58301,43304,126,25568,504,59974,55004,61760,37112,64877,18730,9390,2475,49231,34268,42753,58301,43304,126,25568,504,59974,34268,42753,45037,61545,20237,11701,2492,34085,58290,49256,37043,64615,17456,28083,21643,43269,54937,44626,58263,43304,126,25568,504,59974,34268,42753,58301,43304,18814,2227,22717,41770,53647,59716,44532,43375,99,8870,21172,49155,34268,42753,58301,43304,126,25568,504,59974,34268,42753,45300,57412,21549,11685,20401,59905,34241,58951,45297,33645,126,25568,504,59974,34268,42753,58301,43304,126,25568,20155,41992,50841,61013,44530,52530,21303,11427,20406,43267,36232,36104,58301,43304,126,25568,504,59974,34268,42753,44536,33644,126,25568,504,59974,34268,42753,44536,33644,126,25568,504,59974,52121,44613,58263,43304,17790,10158,11249,41987,44952,58411,42735,64873,29499,14245,18604,44296,51880,57414,42737,54816,30721,1946,1008,65360,40137,46101,64424,47933,5743,28919,4589,64083,38601,45588,61865,48188,5743,9969,5358,64081,49354,57616,60095,43300,32513,6552,2460,64580,37066,45632,63402,47214,5480,30711,5355,65364,37018,46616,63147,48177,4454,30454,5612,65109,37326,45587,63140,48432,4459,30454,5359,65374,38094,45591,63227,48176,5437,30451,5613,65364,37018,45592,62117,48190,5229,30448,5355,65118,37326,42260,61364,51752,28177,2694,3999,42293,52105,49733,41715,58730,17467,25580,21694,43272,52360,59726,46517,58729,10871,25568,504,34085,58290,49256,37043,64615,17456,11653,17337,44810,34200,42780,41707,33636,126,25568,16555,44816,49327,62293,44532,64111,2422,9930,17846,49231,50934,57939,47100,55917,21563,10932,18102,42290,49819,57933,40117,53591,25604,25064,5615,64851,37065,58132,62120,48444,6507,28916,6637,63571,37837,45335,62632,48444,4714,9717,5357,43859,38601,45589,60095,43300,32513,6552,2460,64836,37071,45593,63146,48188,5439,29427,5358,65366,37021,45592,63402,48186,5432,30456,4329,65360,37067,45635,63145,48238,5485,30712,4330,65104,37066,45846,63401,48186,5432,30453,5305,65109,38089,45591,63149,48433,4458,30710,5357,65284,37061,45848,63151,48237,5229,29428,5614,65366,37274,45844,63150,48191,4415,30454,5355,65366,37068,45586,63400,48442,619,28649,25336,33833,60602,43366,41677,64890,17207,9900,25771,43784,51614,58180,58289,64622,17200,10932,20407,48206,51613,36104,58301,43304,28445,1422,26257,39496,55197,61013,45054,64109,19995,8609,17588,59906,34241,58967,51697,43304,126,8883,17582,44853,53640,59720,45306,40992,84,25568,18680,59904,51858,42837,41707,43364,18474,11685,466,59974,34268,42753,37821,64361,18730,12195,25277,41993,50312,59720,45560,51762,17714,12705,19865,35082,52372,58189,42735,41318,10871,25568,504,41987,44952,59716,60153,33538,21053,8869,17580,44853,53640,59720,38906,61031,19513,27557,32391,36926,36280,45059,63402,48443,5484,29433,5818,65280,37060,45634,63150,48445,4460,30198,5357,65107,37064,45895,63403,43834,3191,7392,31111,36412,34772,45078,61609,47932,6507,8693,5869,63570,50121,45588,62632,59453,16747,9716,6121,44115,40393,58388,61608,48189,4714,30193,18413,64083,37837,46357,42664,47677,5743,30453,4844,65106,37320,46100,64424,47932,5743,29429,5869,43091,38601,45328,42408,48188,5743,30452,4844,64594,37832,48660,63401,47932,4971,29173,2298,59978,60095,49519,34004,51238,21547,2735,19382,43267,57480,58959,45055,60781,114,13990,17078,41746,52115,61705,45052,33569,126,25568,28315,35880,58037,50703,47080,49255,18992,8357,25772,43784,51614,58180,65213,65320,19519,25546,504,47430,54173,54340,47096,57468,18224,27571,11249,41987,35992,36139,45566,59501,17706,9867,17313,41999,63128,62276,43753,61030,32630,7071,25986,59470,38858,48660,62120,47165,16747,28917,6121,44625,38601,57621,63400,61245,6251,29173,2298,59978,64163,56697,60377,48682,5434,30707,4286,65104,37070,46616,63403,48189,5435,30713,4329,65375,37017,45639,63151,47163,5224,30450,5309,64341,37066,45635,63146,48238,4454,30454,5565,65365,38088,45591,63231,48187,5222,25075,3569,35142,60339,52839,60890,58972,18233,9900,17555,58911,50140,59732,47102,58977,2096,9902,27311,45827,45013,42753,58301,50763,26128,1161,30198,44297,51611,52292,47864,46120,20094,13477,17555,49183,34268,42753,41710,60542,17677,14260,20401,47361,36052,57899,42995,33569,84,12234,17079,42503,50908,62804,42735,64870,16650,25506,485,38201,65444,44901,62655,48185,5481,30370,5611,59475,45013,59469,41726,43364,21303,13459,21937,41477,52117,54086,41468,46120,18046,12193,17579,49260,51856,58946,58353,64622,17200,10932,20407,47430,52363,58453,38901,60265,21622,8609,16534,44811,45013,42753,58301,61281,17278,12725,17578,48648,50344,42819,65184,64808,16959,8846,17589,42310,34190,62536,46286,64865,18493,11689,30143,43015,53724,57929,58355,60538,21802,11698,17656,44552,34294,42753,43709,55931,18729,8372,18608,44296,50344,42819,58272,64380,17707,25546,504,47686,50320,54360,46834,60774,25462,3471,26782,58401,51887,59732,45305,51750,18738,10403,11249,59974,34268,42795,58301,57384,56,8884,28602,42759,34201,47644,40125,53591,25604,25064,4335,64851,51145,46100,63145,41002,21630,9896,11190,59974,34268,42753,58301,64619,21036,11685,30124,43015,39132,55297,39874,52562,630,29431,5869,43091,38601,45589,60095,43266,126,25568,504,40518,53653,57933,41681,60522,3634,9876,21920,63302,64220,57214,34759,43808,4457,29943,17391,63825,37837,45591,61610,59455,4969,30455,5102,62289,37322,44547,58263,43304,126,25568,11256,59974,34268,42753,58301,65148,17723,27566,16543,44811,61839,58688,47071,42342,23422,8834,19131,47105,53395,58191,44254,58980,4908,32480,25336,42505,55187,43282,45563,58471,26380,27522,5098,58966,38620,43796,63421,41021,114,9876,21920,42277,51856,46163,65213,51752,19505,12719,4075,47104,51347,49267,60383,48186,3179,29152,5357,59978,37070,44564,61408,47400,4720,27381,466,59974,34268,42753,47037,60543,20027,1256,19641,47363,52149,60997,41726,59004,3116,14560,18571,44828,39132,53761,43737,47973,20080,13477,4592,59978,35279,46849,58289,48953,3191,480,17081,44301,51854,59732,38905,59514,21296,8880,17578,43272,34181,42780,48813,43300,3694,30450,11249,59974,34268,42753,58301,43266,126,25568,504,48710,49291,59716,37045,64877,18730,9390,30123,43015,53694,43855,47293,59466,19261,12711,21687,44552,51903,59469,61679,46120,25470,12207,21431,58453,55194,59982,33999,41290,4204,25580,4586,59978,37838,43784,38845,61805,25386,12207,21431,59989,34241,59490,44273,47738,18032,11442,29621,34849,38100,46871,58289,48953,3182,29408,4591,46927,34256,43281,63151,33569,126,25568,504,59974,53896,57924,60403,60507,21546,11689,21183,42031,52376,58946,44265,42362,23422,10899,17570,63302,61660,61029,61936,59174,22331,29672,500,58966,38364,42765,62892,42273,25214,8353,18099,42260,52105,54085,41711,64102,16686,9906,17078,59935,34241,64016,58289,42808,5484,18921,504,59974,34268,42753,58263,43304,126,25568,22008,44817,52121,54281,47096,57468,18224,179,20409,43792,57999,59475,46056,43300,26405,11442,20909,47154,52125,63314,45564,59245,22845,32480,4344,59978,51884,61010,43753,59239,7550,5856,18588,63499,52178,61508,62389,43300,4202,25580,3560,65350,36046,43868,62397,47910,3179,1760,21686,58379,50361,61010,42227,64859,19495,28069,21641,44551,34256,59748,44776,52262,21311,11689,26047,47119,50841,61013,44530,50726,21547,18921,504,59974,34268,42753,41705,57979,22384,10913,2476,58454,36046,42795,58301,43304,126,4320,21949,41746,49810,53586,42740,42879,18696,10931,19898,59907,34241,58951,45297,33645,126,25568,504,59974,34294,42753,58301,43304,26494,11937,21181,41776,53913,53519,45300,60257,17714,32480,22008,48916,44953,42753,58301,43304,126,8839,17589,39957,49301,50262,44540,59518,26413,11442,20909,36168,51854,63316,45513,59241,20525,12705,20413,45829,39132,46593,58263,43304,126,25568,26360,42759,54937,61047,46328,59467,22064,12449,21407,48905,35724,59505,43758,57468,20017,32480,29944,41762,38801,59663,46328,47392,114,29165,3565,64070,34256,44561,58263,43304,126,25568,11256,59974,34268,42753,58301,65148,17723,27566,16543,44811,62351,57928,33002,59241,16680,1203,20138,47635,34256,49242,44271,63869,21002,11681,20907,47111,52121,65090,65213,47400,114,11408,18603,41746,52115,47617,38589,57420,4659,11758,22205,64078,34256,43793,62397,43300,2414,28605,4600,63816,34256,59748,44776,52262,21311,11689,29375,45842,49296,50447,41212,42339,25982,13998,4021,43811,52367,57423,43737,60538,21565,11433,4022,48937,35976,42795,58301,43304,126,14304,21177,58381,50315,62280,62389,47654,10871,25568,504,42499,49295,57672,47037,60265,16656,9901,7416,59995,64163,56697,60377,48938,5483,30707,5610,65364,37018,45593,63404,43837,119,11188,20413,60012,34268,42753,58301,59944,21035,9906,21942,43826,34206,42780,40130,54096,2074,30178,5357,65109,37326,45587,63227,48176,5231,25077,11249,59974,34268,42753,58301,57436,19498,4005,17337,42499,61906,65348,58345,43317,32513,6552,2460,64836,37785,45074,62121,48958,5995,30195,6122,64852,37530,45081,62892,43837,10871,25568,504,59974,34268,42795,58301,43304,126,14304,17583,41987,63188,62276,43753,61030,29741,8609,21914,58888,57052,58979,43262,64367,21809,10158,20123,42250,38542,47617,32957,58727,21041,28147,21438,42761,58030,44899,61871,42296,4990,28661,5624,58195,34256,57973,47077,58955,20274,28850,7416,35142,51603,62798,60846,64366,19761,1170,2458,65364,35273,46337,63144,43300,5484,27381,3493,64070,38866,44564,58263,43304,126,25568,22008,44817,52121,54281,47096,57468,18224,2739,17846,43279,53661,62798,58289,55923,23095,25509,485,36403,51349,43283,42739,41343,3182,28896,500,58966,38108,44567,58289,59466,19261,12711,21687,44552,55208,59712,46062,64361,20027,15011,7416,64070,35201,46849,61875,41021,84,25568,504,59974,45020,42753,58301,43304,126,13492,17597,57864,50363,57932,38894,60265,21532,28590,23288,43812,52895,62790,46834,60774,20253,11436,4778,63302,59100,60238,45554,42811,21048,11951,26250,57892,38350,42765,62383,43300,5740,28649,30200,45571,59016,60238,45554,43323,99,11395,20148,63764,50130,59475,37360,52047,4470,29686,500,64599,35276,46593,62378,62497,114,28144,5354,49231,34268,42753,58301,43304,22314,9893,2486,43809,49297,52818,42995,60001,21567,12719,500,39197,57237,42820,58272,52573,19767,28146,17590,57873,35276,46849,58289,42296,4478,27382,500,43812,52895,62790,46834,60774,21002,11681,20907,47111,52121,65090,65213,47144,3107,29664,5110,58195,34294,42753,58301,43304,10878,25568,504,59974,34268,61525,42744,41318,16665,9901,30635,44815,59019,59712,41707,52859,20268,13237,500,36125,51854,63316,45513,59241,20525,12705,20413,45829,39132,46593,58289,58968,18733,10932,20407,63302,61660,61029,61936,59174,22331,29672,500,63563,35273,46849,58289,41016,3107,29664,5110,58963,57564,62031,60912,59469,18733,9390,21899,42527,35737,62064,43004,43300,19995,11957,25846,47367,52117,49990,45556,60013,18730,11695,28406,48659,45013,42753,58301,43304,126,8884,19115,48456,52381,44885,60845,41018,84,25568,504,59974,58076,59968,45304,57438,22331,5614,21169,43023,49296,47617,42429,58729,17709,25546,504,59974,34268,36097,58301,43304,126,25568,17547,48658,52117,62534,43723,65133,30320,12457,17329,44810,39132,62209,46831,33645,126,25568,504,59974,49327,62293,44532,64111,16669,13742,21177,47137,53395,43345,45530,64615,29742,8882,21174,43798,49294,58447,58340,43317,10863,25568,504,59974,34268,57970,47081,59233,21305,8835,22454,47367,55227,62030,60909,58968,18733,10932,20407,63302,61660,61029,61936,59174,22331,29672,500,65362,34256,43793,63165,41018,84,25568,504,59974,45020,42753,58301,43304,126,13492,17597,57864,49327,62293,44532,64111,16669,13742,21177,47137,53395,43857,47293,64335,21809,6064,16554,47368,50316,57939,41203,43377,99,28656,29176,47369,53653,59464,58355,43317,25611,11945,4074,44808,36235,43793,61885,42296,4222,25580,5101,46927,34256,43281,61358,52264,21808,28077,16541,41749,49810,62322,45028,42861,16668,10403,500,42019,51337,49679,45308,59233,25657,12713,17085,41746,52115,51215,47080,33569,126,25568,504,59974,50312,60498,46259,57449,2090,28144,2283,60012,34268,57857,42995,43266,126,10976,29355,41745,50824,61001,42227,59484,60,25597,16574,47370,44953,59716,51705,52738,19775,12453,16524,34820,52104,51727,46834,60539,21788,14260,20407,35159,52368,60482,32935,59239,17712,14243,18416,42003,53663,59464,60403,33569,126,25568,22187,48655,52639,58997,60415,54871,31238,27524,5882,65367,37067,45635,63406,43837,2423,9930,17846,49231,63222,62276,43753,61030,29741,8609,21914,58376,51889,62548,33272,64893,20266,29358,19867,43279,40855,59490,44531,60013,2090,13990,17078,41746,52115,44553,58263,43304,21374,10935,17068,40462,51101,55305,39874,52562,630,30454,4845,63570,38856,57620,64424,47165,5482,27362,11249,41987,35992,36139,51645,58980,16701,25516,20877,43778,52360,57423,44240,59500,50,25597,20369,48661,52125,57922,44467,65133,32630,7071,25986,59470,38347,45845,62632,60221,4971,27362,11249,47667,50328,61013,42227,58949,16698,28076,16534,44811,39132,55297,39874,52562,630,28918,6124,63571,37577,46357,42408,45373,4459,8695,6381,63571,37577,58900,60095,56322,17454,14241,20401,34561,49555,60224,37043,62305,59,25597,25997,42767,35790,57935,60394,42297,4222,25580,3561,64070,45013,63348,41721,57468,18224,11405,16572,58378,50366,60482,45562,64615,17456,11395,20148,63764,39132,50177,45042,64359,3693,12710,19639,36148,36286,43801,64445,43300,4719,18921,20877,43778,52360,57423,44240,59500,3634,8834,19131,47105,53395,58191,45513,59241,20525,12705,20413,45829,39132,46849,61875,56322,17454,14241,20401,34561,49555,60224,38323,64097,16951,9900,7416,44102,51613,57938,38551,60792,21567,11689,27839,44553,51613,56591,44500,60524,38,25597,5354,40812,49548,62272,44532,50287,17457,12193,29174,47111,52121,42837,58272,59461,20023,12678,19641,49155,51702,58446,45052,56360,17454,14241,20401,35073,55197,42821,58272,59201,21549,11681,17595,42056,53913,55305,39874,52562,630,29687,5612,64851,51145,46100,60095,33569,20491,8868,18604,44296,50367,58195,37043,62305,59,25597,25997,42767,35790,57935,60394,42296,4990,29683,500,58966,38108,45593,51636,63837,16698,10932,18102,43813,49550,55055,45298,64865,20279,25518,485,36403,51349,43283,42739,41343,3694,28661,4600,59978,35788,43796,62397,33569,20491,8868,18604,44296,50367,58195,33459,60006,20278,5042,18615,48648,39132,53505,41208,59004,4652,11758,22205,64078,37074,42765,60845,41021,30036,10160,21945,41999,59035,62784,60921,59466,19261,12711,21687,44552,51903,59469,61679,46120,25470,12207,21431,58453,55194,59982,33999,41290,5743,25580,6121,59978,38862,36104,46024,59500,18730,9390,16539,44564,65490,59752,42745,43376,99,30194,29906,44566,53661,59720,33018,64361,3642,8848,17578,48648,39132,53761,42989,64873,20023,3751,17847,42503,45046,59469,41726,43364,20491,8868,18604,44296,51903,59731,45560,46120,27006,12462,16556,43272,35737,57935,60394,54871,31238,27524,6138,64853,37530,45588,63396,48188,5478,30707,1004,58191,61686,58193,47100,59233,25401,12719,17590,58388,51903,59731,45560,59482,18746,12469,7416,40774,52408,43340,42739,41343,3182,29408,2280,40812,49548,62272,44532,51823,21041,9902,4010,43830,49294,62287,65213,56360,17454,14241,20401,35073,55197,36165,44951,60007,19519,5856,17832,48647,52117,54342,45545,57959,59,25597,20369,48661,52125,57922,44467,65133,32630,7071,25986,59470,38602,57622,63147,47932,5226,31477,17901,63827,36062,36104,46024,59500,18730,9390,21899,42260,49303,50191,45042,64359,7550,224,19895,47113,35791,62791,44786,52826,2076,30706,3560,64326,37061,42765,62379,33569,20491,8868,18604,44296,53679,59475,42742,56614,18742,10403,17590,47381,39132,46593,63411,56322,17454,14241,20401,39169,55176,60494,60920,59480,17708,14254,7416,40774,49548,62272,44532,51823,21055,18852,19922,43273,51613,53761,42989,64873,20023,6055,21937,44810,39132,52737,45299,59516,17200,28069,17590,57873,64163,56697,60377,48938,5484,30707,5565,64852,37021,45590,63145,48187,575,27369,29906,44566,53661,59720,38906,64865,17714,6126,22973,59922,34241,55422,39365,41292,5756,29941,6125,64850,37786,45335,62127,48958,5997,29944,5866,64597,38088,45079,62719,48703,5944,30200,5866,64853,37572,45078,62629,48701,621,18921,20877,43778,52360,57423,43721,58748,3643,11398,21942,63302,57564,62031,60912,58958,21552,1262,21943,43790,59281,60238,51705,63837,16698,10932,18102,41778,51592,43332,42697,64880,18701,9914,7416,64326,45007,63348,41721,57468,18224,10900,19884,58371,49320,62297,44254,58980,4908,32480,25336,42505,55187,43282,45563,58471,26380,27522,5610,58966,38108,45592,58289,47422,10871,13205,16572,41746,49810,61045,45033,42861,20238,10931,18604,41993,39132,53761,43737,47973,20080,13477,4592,59978,37837,42765,61357,47144,2406,5834,17832,48647,52117,54086,47092,60516,29552,14761,445,59995,57769,59976,60847,60518,2089,28657,3320,63573,34256,43793,61885,41016,30036,10160,21945,41999,61851,62280,42737,52006,17215,9387,20138,42003,61848,58963,45299,59512,17708,8366,417,59995,45005,63348,41721,57468,18224,10900,19884,58371,60582,58191,48120,46120,4734,18935,20877,43778,52360,57423,43721,58748,3643,8848,17578,48648,39132,53761,42989,64873,20023,167,21433,49154,51702,58446,45052,56360,17454,14241,20401,36353,54937,42818,58272,59201,21549,11681,17595,42056,53913,55305,39874,52562,630,29174,4845,44882,38856,58902,62632,48445,4971,8949,2298,49231,54697,58949,43753,61030,17690,8371,30198,45571,34184,42780,40130,54096,2074,30178,5354,65283,37274,46612,63403,48189,5227,30452,5566,65104,38094,45591,63483,47165,5480,30709,5611,65106,37064,45586,63397,48186,5183,29350,5358,65362,37071,45639,63141,47161,5224,30707,5358,65364,37323,45587,63150,47162,4454,30198,5357,65375,37022,46610,63147,48440,5485,30456,5613,65364,37018,45592,63397,47165,4415,30454,5611,65027,37066,45632,63140,48494,5228,29429,4281,65360,37317,46613,63147,48444,5176,30454,5615,65107,37065,45842,62120,48190,5436,30711,4286,65360,37060,45848,62127,48446,5487,30713,5356,64258,37322,45847,63145,48433,5480,30707,5356,65031,38042,46617,62635,48186,4455,30710,5310,65119,38095,45847,63400,48186,5432,30369,4281,65104,37069,45590,63397,47162,5224,30450,4321,65104,37322,45589,63140,48189,5485,30451,4586,59487,45013,63348,41721,57468,18224,9860,17067,35912,52115,42837,58272,59213,19755,1518,20407,58386,51899,61269,44796,56322,17454,14241,20401,36353,54937,43330,42697,64880,18701,9914,7416,64326,45005,63348,41721,57468,18224,9860,17067,40520,56729,50261,45042,64359,109,25597,20123,42250,38542,57615,44271,56165,25113,29416,4576,59978,40397,43793,62141,47409,10871,13205,16572,41746,49810,57957,41198,55590,21297,14249,20145,59912,34241,50036,44788,42810,17712,27575,3560,64326,35274,46849,58289,48956,10871,13205,16572,41746,49810,57957,41198,55846,23095,25509,485,36403,51349,43283,42739,41343,3183,28384,5099,59978,35276,45569,60079,56322,17454,14241,20401,36353,54937,43330,42697,64880,21001,13217,17576,59906,34241,62805,42728,56322,17454,14241,20401,36353,54937,43330,41695,57963,21049,13999,17846,47154,52125,63314,45564,59245,22845,32480,4344,40812,49548,62272,44532,52591,21307,28067,26754,44552,56729,47617,61885,33599,20491,8868,18604,44296,49336,58450,37811,64361,20027,25524,485,47667,50328,61013,42227,59467,17452,18890,20148,43781,34192,62833,41202,60525,25146,11700,7416,33606,54930,58965,41203,42861,17712,27575,32391,36926,36280,45315,63151,48443,5179,29938,5612,65109,37326,45587,63140,43824,2423,5066,20138,44805,49561,62307,60915,57435,17700,32480,29944,41762,38801,59663,46328,47392,5488,25580,5109,58966,38364,42765,61870,33569,21006,8367,17597,34818,52104,55055,45298,64865,20279,25518,485,36403,51349,43283,42739,41343,3182,29408,3566,64326,34256,45836,60073,55554,20268,9891,17853,48676,35730,58979,43262,64367,21809,10158,20123,42250,38542,47617,32957,58727,21041,28147,21438,42761,58030,44899,61871,42296,4990,28661,5624,58195,62966,59475,42750,60781,21532,28078,17548,48670,39132,55297,39874,52562,630,30198,5614,62289,37067,46102,61610,47935,2428,5066,20138,44805,49561,62307,60915,58958,21552,32480,25848,48904,35729,59495,47091,52774,21553,8872,25525,42505,44952,62833,41202,60525,25146,11700,30198,45571,63112,64840,58360,43317,4463,5066,20138,44805,49561,62307,60915,60508,21542,11395,20148,63764,39132,50177,45042,64359,3693,12710,19639,36148,36286,45587,61352,47912,5483,25580,5354,58195,62966,59475,42750,60781,21532,28078,21657,42258,53438,62293,44530,58955,20274,25522,485,43776,54928,36164,45517,60007,17723,420,20396,36936,52149,57925,58341,43317,5996,5066,20138,44805,49561,62307,60915,59480,17708,14254,7416,40774,49548,62272,44532,51823,21055,18852,19922,43273,51613,55041,44271,60523,17467,11395,20394,47107,39132,52737,45299,59516,17200,28069,17590,57873,64163,56697,60377,48938,5997,29862,5357,65119,37064,45593,63406,43836,2423,5066,20138,44805,49561,59490,44527,64365,25456,12719,17590,38932,49565,62024,58350,43317,25611,11945,20470,48387,38356,42765,60075,55554,20268,9891,17853,42277,52110,62788,37811,64361,20027,25524,485,47158,50835,57924,33273,59260,10836,11436,16571,59914,50367,58447,45048,64842,48,25597,20369,48661,52125,57922,44467,65133,32630,7071,25986,59470,38858,46100,42665,47932,5225,28916,5100,63570,40137,48916,60095,33569,16669,8366,19901,48676,35730,61042,42727,46120,30078,10884,5045,42056,53913,46857,63155,43300,4723,28656,4600,59978,38863,36104,41694,60006,19515,14210,4022,42294,52367,61013,44530,46120,30078,10884,5045,42056,53913,46857,63155,43300,3178,29408,500,65099,36040,50219,44540,60523,25138,11700,25590,43271,49815,59475,44520,51820,19505,12719,491,59995,51903,59469,61679,61222,20268,4525,25503,63566,35272,46337,61353,47656,2414,202,20409,44805,59280,59733,38835,61805,42,25597,32391,36926,36280,45059,62632,48703,5990,29941,5867,59399,45013,58978,41203,58733,21532,28078,20126,48648,39132,49665,46835,42853,20248,14254,26358,48649,50324,50508,45042,33644,16669,8366,19901,48676,35730,57973,47077,57435,17700,32480,4344,49239,50367,58447,45048,64842,3632,9876,21920,42277,51856,46163,65213,51752,19505,12719,4075,47104,51347,49267,60383,45369,3182,29408,4576,59978,40141,44561,32919,59241,17725,428,20396,35656,53641,50510,47080,59004,25392,12207,21431,63302,50140,60224,42734,51714,20031,9891,25524,42002,65490,59752,42745,43376,99,29938,25298,41991,49311,50509,44521,55590,21055,11685,428,59995,54697,58949,43753,61030,16669,10162,11218,42250,50335,42829,41694,60006,19515,11395,20394,47107,39132,52737,45299,59516,17200,28069,17590,57873,64163,56697,60377,48938,5997,29862,5357,65119,37064,45593,63406,43836,2423,202,20409,44805,59024,62798,42739,42874,20253,11698,21437,43828,52376,62548,65213,56360,18714,28077,17590,57873,35276,45313,51636,59467,17200,12197,20123,42004,55193,55055,45564,59245,42,25597,16539,43272,51609,62307,51699,43266,19540,8367,19897,34374,50323,57925,38383,60513,41,25597,20369,48661,52125,57922,44467,65133,32630,7071,25986,59470,38347,45845,62632,60221,4971,27362,11249,42282,49565,62788,43723,65133,28272,11937,445,59995,64163,56697,60377,48682,5439,30457,5359,65364,37327,45333,63149,48238,5229,25073,11249,42282,49565,62788,43723,65133,29552,14761,445,59995,57769,59976,60847,60518,2089,28657,4600,59978,35277,46849,51636,58948,17471,12709,18574,48387,59346,58432,42230,59002,20011,6052,16554,47368,50316,57939,41203,43377,99,18929,20116,44551,55193,61047,46328,57126,21303,8617,17588,63302,50140,60224,42734,50434,16689,9892,30634,44815,35723,52859,42995,61805,7550,29152,28114,43785,49304,53587,42740,42879,16654,9906,21942,63302,59612,60992,34291,59514,17715,11978,19129,36355,50318,57414,41468,60516,27766,8879,17596,39956,49301,43862,36541,57449,26160,8882,17589,49231,51702,58446,45052,50472,16689,9892,24746,43269,52121,42837,58272,59201,21549,11681,17595,42056,53913,55305,39874,52562,630,29687,5612,64851,51145,46100,60095,33569,20242,10145,21437,43303,49311,62287,37043,62305,59,25597,25997,42767,35790,57935,60394,42297,4222,25580,3560,63814,45013,59501,43004,64365,17183,9891,21942,34888,55187,57925,37103,62305,28731,15273,19901,63302,38364,52011,41714,60524,24876,8355,20413,58386,50366,60482,45562,64615,17456,11395,20148,63764,39132,50177,45042,64359,3693,12710,19639,36148,36286,46355,61352,47656,3179,30688,2285,34412,50323,57925,33519,60011,20027,28084,26754,44552,56729,47617,61629,50434,16689,9892,24746,43269,52121,43349,41677,60538,21552,32480,28152,43785,49304,53587,42740,33663,19540,8367,19897,35654,50314,58965,35567,59493,17721,32480,26872,47368,50312,58447,60920,60518,2089,7327,31616,57890,37598,45639,63231,48191,5487,29939,5305,65361,37064,45586,57852,40993,24916,8886,16556,33556,50321,57926,37043,62305,59,25597,25997,42767,35790,57935,60394,42296,5502,28662,4600,59978,37833,36104,46556,64873,21055,11913,18105,58371,51884,61010,43753,59239,7550,5856,18588,63499,52178,61508,62389,43300,5228,25580,3560,63558,36040,50731,41707,59516,26924,8877,17599,34888,50845,57418,44271,59261,25402,12207,21431,59989,34241,59490,44273,47738,18032,11442,29621,34849,38868,43793,61885,42296,4734,27380,19922,43273,51613,58881,41707,59516,29484,8373,17595,47381,34256,61760,47100,64361,19735,9377,445,59995,50828,60224,60401,64622,17200,10932,20407,58190,34294,42753,45501,64877,21035,25518,19848,45831,55193,48466,42714,56444,17709,6066,21680,43019,50322,60232,45276,59249,2109,11404,16571,39434,50320,57944,60911,64093,21051,10121,500,42019,51337,54031,46837,60261,16688,12201,22668,44822,60882,58948,37113,58976,3114,1760,21686,58379,52648,59988,44543,57449,29490,14761,4029,41781,49286,46864,48045,47417,2414,9930,17846,49231,54205,62272,45564,58433,18239,28069,19601,44295,34201,42780,46588,64873,21055,13971,17083,47363,34191,59712,58361,65385,21567,12705,19601,44295,34201,62798,40125,53591,25604,25064,2298,35692,50314,58965,35567,59493,17721,6638,20369,44802,34180,42780,51630,65353,21567,12705,19601,44295,35737,58993,42735,64870,7550,4064,16567,44802,62350,57928,51690,58626,17201,12193,24824,43792,50312,50259,45554,60518,44,25597,20369,48661,52125,57922,44467,65133,32630,7071,25986,59470,38602,57622,63146,45117,5226,31733,4845,65106,36062,36104,46556,64873,21055,11395,20394,47107,59090,62798,42739,56186,17471,13993,427,59995,57769,59976,44467,65133,4470,25580,2280,35692,50314,58965,33007,64359,17712,28082,16520,44820,53650,47617,33469,59518,16682,2738,16565,44801,45046,59469,41726,43364,22047,14241,21433,48693,51854,57930,65213,49192,21296,8884,17078,58371,49298,44886,40130,54096,2074,30178,5867,64512,37321,45843,63145,48177,5434,25075,2289,35692,50314,58965,37103,64380,19249,28069,20123,42250,34190,42780,44254,58980,4908,9710,20138,38923,59323,46345,63151,43300,5485,25580,5356,49231,54205,62272,45564,64859,20268,9899,30198,41742,52895,57935,45294,46120,4478,30446,24786,43792,50312,54355,45545,57959,3643,8848,17578,48648,39132,50689,41707,59516,26924,8877,17599,49260,51856,58946,58353,58948,17471,12709,18572,42514,34201,42780,44500,64891,20031,9891,20470,48387,64212,57214,34759,43808,4712,28917,17644,63570,50379,45076,63400,47677,16747,27362,11249,42282,49565,62788,43721,58748,3643,9876,21920,63302,64220,57214,34759,43808,16750,29685,6381,62035,38856,45328,63144,45117,16747,31477,5612,43094,37325,45845,62120,48445,17775,30704,5352,63830,50381,45328,61869,48952,16751,30193,4840,63830,50125,45840,64429,59448,5227,31728,17646,43344,50380,48656,63400,45368,16750,31473,4589,62291,40393,46357,64429,48953,17769,28918,5615,64599,50379,48662,62634,47935,4969,30710,2298,34412,50323,57925,38895,64865,17714,4590,17073,40462,56729,42837,58272,64380,17707,4042,16567,44802,61838,62280,42737,53030,20017,25524,485,42019,51337,49423,44530,42876,20249,11188,19641,42276,49552,52011,41714,60524,29740,14249,17588,40520,56729,54357,47604,43373,99,29937,28114,43785,49304,54099,47092,60516,29808,15269,25260,42505,55187,42770,58272,58955,20274,28850,18422,42260,63377,50534,61877,48189,114,30450,3565,63558,37065,36104,44241,60777,21051,10900,19884,58371,51884,61010,43753,59239,7550,5856,18588,63499,52178,61508,62389,43300,4711,25580,3560,63558,36036,52011,41714,60524,29740,14249,17588,39240,57237,42820,58272,52573,19767,28146,17590,57873,35277,43521,62124,42298,4222,25580,4586,49231,51888,58176,45560,57436,19498,28069,17548,48670,58532,61005,44538,60517,21552,32480,25848,48904,35729,57973,47077,51280,18738,11687,17589,48648,59858,57668,51689,58948,17471,12709,18572,42514,35737,58979,43262,64367,21809,10158,21388,41991,54671,62784,44536,61547,7550,29408,28114,43785,49304,54099,47092,60516,31344,11657,17596,59934,34241,36114,44241,60777,21051,10900,19884,58371,50348,57939,47091,46120,27774,8879,17596,39956,49301,36182,44951,60007,19519,5856,17579,39188,51081,57973,47077,46120,27006,12462,16556,43272,35737,57935,60394,54871,31238,27524,6138,65364,37327,45892,62639,48233,5481,30452,5355,59399,36053,53803,42734,55930,16939,9876,21920,40520,56729,42837,58272,54871,31238,27524,6138,65367,37071,45632,63144,48177,5436,29427,4281,59472,34261,43279,36797,60007,19519,12176,22713,47107,57810,62536,45037,61545,16656,9901,29906,44821,63118,58708,42697,64880,26224,11695,428,59995,52153,59988,34227,59239,3626,11399,18860,42759,61686,57938,37103,60285,17674,14264,30198,45571,63112,64840,58360,43317,4719,5834,17579,39188,51081,57973,47077,56614,22587,180,19895,47113,34255,42780,44254,58980,4908,9710,20138,38923,59323,46601,62376,43300,5487,28656,4344,64080,45013,62580,45560,64603,29756,15269,4012,42294,52367,61013,44530,46120,30078,10884,5045,42056,53913,46857,58289,47921,114,28656,5368,58196,61686,57938,37103,60285,17674,14264,29430,45071,34201,42780,34760,58465,3692,9902,2479,58967,35036,46608,61359,47400,114,30193,11249,47411,55193,62066,38911,61805,3626,9876,21920,35646,52368,59718,42736,64870,7550,1760,21686,58379,49320,62297,33477,57444,20025,9901,21942,34376,50073,36181,45256,64365,21773,6050,22973,58386,50366,60482,45562,64615,17456,12692,20409,47637,55197,59716,47870,46120,4478,5834,17579,39188,51081,57973,47077,54054,19991,9892,416,59995,45007,62580,45560,64603,29756,15269,4012,43830,49294,62287,65213,50472,16689,9892,30634,44815,44939,60203,41202,58729,29566,8884,21676,34325,51101,60228,65213,49192,21296,8884,17078,58371,49298,44886,40130,54096,2074,30178,5354,65109,37273,45075,63228,48191,5482,30451,953,58191,63222,58965,46825,50555,16959,12197,30198,45571,34184,42780,40130,54096,2074,30178,5352,65109,37064,45639,63405,48238,5432,30456,4329,64848,37071,45849,63149,48494,5482,30457,5344,65284,37071,45849,62127,47152,4454,25080,11249,48693,53661,62548,41681,60522,3634,11398,21942,63302,57564,62031,60912,58958,21552,1262,21943,43790,59537,58180,46836,33637,21517,14241,21165,43818,49310,43341,42697,64880,18701,9914,7416,64326,45007,62322,47100,64125,16658,9890,4020,44850,53636,59490,44273,47738,7550,224,19895,47113,35791,62791,44786,52826,2076,29426,3560,63558,38349,42765,61871,41016,29524,8884,21676,34325,51101,60228,37811,64103,21559,11433,438,59995,57769,59976,60847,60518,2089,28656,5112,58962,38364,42765,62884,33569,21517,14241,21165,43818,49310,43341,43726,60530,7550,5856,18588,63499,52178,61508,62133,43300,5235,28664,4600,59978,40397,36104,47054,64873,21291,8844,17594,58378,49320,62297,33477,57444,20025,9901,21942,63302,57564,62031,60912,60508,21542,664,18612,41985,49297,62287,36787,61293,10794,14227,21945,47379,50352,57923,60913,59466,19261,12711,21687,44552,55208,59712,46062,64361,20027,15011,7416,64326,63222,58965,46825,50555,16959,12197,31734,42031,49304,42841,58272,33595,21517,14241,21165,43818,49310,43341,41677,60538,21552,32480,28152,43785,49304,53587,42740,33663,19540,8367,19897,39494,51854,62790,45304,52091,25,25597,20369,48661,52125,57922,44467,65133,32630,7071,25986,59470,38347,45845,62632,60221,4971,27362,11249,47158,49811,57939,45294,52810,29552,14761,445,59995,57769,59976,60847,60518,2089,28657,3320,62034,34256,43793,62653,33569,21006,9391,17578,47381,58046,55055,45298,64865,20279,25518,485,36403,51349,43283,42739,41343,3182,29152,3564,64070,34256,46352,60079,55554,20268,12711,21181,34837,35771,58979,43262,64367,21809,10158,20123,42250,38542,47617,32957,58727,21041,28147,21438,42761,58030,44899,63151,43300,5484,25580,4587,49231,55212,57422,42735,64123,26396,494,21431,44802,63118,64840,37880,61793,19515,32480,4600,39532,51854,62790,45304,52091,3609,2714,17846,45571,39132,46081,37783,59002,21049,12453,25515,58401,50348,57939,47091,46120,27774,8879,17596,39956,49301,36182,44951,60007,19519,5088,20138,47105,54937,50514,32986,64359,17712,25522,485,42031,53647,59712,42750,59174,22331,7400,31111,36412,34772,46103,42410,48191,6507,30708,6637,63827,37320,44547,51636,64344,18225,9906,21163,36132,51903,59731,45560,51750,21041,9902,29610,44551,53397,42834,58272,52573,19767,11758,22205,64334,34256,44561,37783,59002,21049,12453,25515,35105,55187,57935,60911,59480,17708,14254,7416,39494,51854,62790,45304,52091,10777,12234,17079,42503,62940,59475,45562,64109,26157,12201,436,59995,52149,62290,44540,60523,20080,13477,32496,37433,57766,42249,62378,48444,5995,8693,4845,58180,45013,62833,42226,60538,21293,10886,19892,39240,57237,42820,58272,52573,19767,28146,17590,57873,35276,46849,58289,42297,4222,18921,21384,44297,49294,62546,43739,58724,25200,8353,18099,42260,52105,50245,45042,64359,109,25597,20123,42250,38542,57615,44271,56165,25113,29160,5354,59978,37071,42765,63145,33569,21006,9391,17578,47381,52410,60237,33203,64359,17722,4274,23473,39427,56725,60228,65213,47400,28756,11442,21439,47363,58255,60232,60913,49234,17456,15269,7416,65094,62966,59475,45562,64109,26157,12201,4020,43830,49294,62287,65213,55592,20268,12711,21181,34837,44987,60203,41202,58729,28798,11442,21439,47363,58255,60232,33009,64359,17712,25522,485,42031,53647,59712,42750,59174,22331,7400,31111,36412,34772,46103,42410,48191,6507,30708,6637,63827,37320,44547,51636,64344,18225,9906,21163,41760,51600,59490,44527,64365,25456,12719,17590,38932,49565,62024,58350,43317,25611,11945,20470,48387,38100,42765,60077,55554,20268,12711,21181,35861,51605,50253,45554,60518,3628,8848,17578,48648,39132,55041,44271,64367,21307,1459,19889,49162,34294,60203,41202,58729,19582,12449,30380,41999,51864,54358,47604,43373,99,1941,19633,58452,49298,44886,61357,48168,4198,25580,3560,65094,38350,36104,44951,60007,19519,9696,20397,48645,51861,42831,44014,65127,19487,12709,2476,44818,53636,36104,58301,43304,19502,15009,20107,42003,36248,51298,34259,52801,29552,13999,17846,58389,55225,59475,60143,43266,126,736,17588,48660,50366,59727,45560,56614,22587,25524,485,44818,53636,42795,58301,64808,17705,11685,24816,44810,53646,58979,44531,64365,114,443,17081,44301,51854,59732,38905,59514,21296,8880,17578,43272,34181,42780,60845,42297,29822,15269,30124,43796,54930,58961,42735,60006,39,25597,23784,59978,35788,45587,51636,43304,126,25546,504,42566,50835,60224,44221,57466,18745,25518,485,43819,52117,62823,44796,42861,20238,10931,18604,41993,34294,42753,42429,64359,32638,32480,4344,59978,34255,59461,58263,43304,126,25568,22008,44817,52121,51721,43772,53094,16684,9901,500,39453,54931,62280,44276,43366,99,12719,18097,41999,36572,53761,43737,47973,20080,13477,4592,59978,35274,46849,58289,41016,3107,29664,4598,58195,34294,42753,58301,43304,21630,12449,4019,43793,53653,46857,62387,41021,84,25568,504,59974,53724,57942,44536,50208,18751,1454,16554,44811,34256,55130,45298,64865,20279,25518,485,47113,49813,59720,61117,56360,18714,29101,20470,48387,38356,42765,61355,47400,114,27376,3493,64070,38354,44564,58263,43304,126,25568,22008,47367,35735,58966,47092,47392,4208,27381,466,59974,49372,58191,58263,43304,21630,9911,20413,34638,52381,49487,41711,60517,114,5051,21175,48655,51861,42831,58272,64359,18231,11689,3493,64070,38354,44564,58263,43304,10878,25568,504,43794,52879,58127,45048,61545,4982,25580,21694,43272,52360,59726,60085,43266,126,25568,504,48710,49291,59716,33461,60516,21548,8834,20406,47107,34256,50522,41212,61027,20268,11701,30140,43796,54930,58961,42735,60006,39,25597,3561,40518,56729,54101,41711,64102,16686,9906,17078,59935,34241,64016,58289,42808,2413,25546,504,44870,49554,36104,44536,33644,19540,8367,19897,44102,52105,62274,44276,43366,21034,11681,18603,41746,52115,59509,42702,60516,21565,12719,2288,60012,34268,63233,41713,55921,21809,10158,25328,33833,60602,43366,44238,59261,21306,238,18612,41221,45013,42753,58301,57420,17197,12719,26300,48647,53913,65088,43723,65133,30320,12457,17329,44810,39132,57601,45052,60539,84,25568,11256,59974,34268,61525,42744,41318,16659,11689,21406,42759,35225,64513,43726,60530,7550,12256,21177,40210,52117,59461,37098,62305,23867,25580,4072,58960,57564,62031,60912,59469,18733,9390,21899,42527,35737,58979,43262,43300,19995,11957,25846,47367,52117,49990,45556,60013,18730,11695,28406,48659,45013,42753,58301,59516,19245,13550,18617,57874,35788,44562,58263,43304,29566,12197,17085,42258,62350,57928,60906,57438,18733,12194,445,59995,55176,57940,42647,60774,10836,11436,16571,59914,53402,58447,43753,59239,19838,11689,19633,45071,61593,44904,51636,43304,126,9641,18680,39445,51854,57922,45294,59233,57,12719,18680,36373,54937,62805,47858,60781,21630,9896,438,44820,53384,59731,42685,60774,84,25568,20984,43786,63109,62030,42995,51744,28177,2694,3999,42293,52105,62533,32947,57444,19261,18921,504,59974,50320,62290,43722,60774,22321,10899,17570,63302,59612,60992,34291,59514,17715,4334,23473,49155,34268,42753,46313,60525,2096,8845,20401,47136,51357,43844,47293,57435,17700,32480,29944,41762,38801,59663,46328,47392,114,28656,4600,59978,36044,43868,62397,48422,114,11653,19629,36680,54941,59720,37114,61564,17714,494,17081,58893,57564,62031,60912,59469,18733,9390,18588,44820,53663,59464,60915,59201,10871,25568,504,48402,49305,44879,41695,57963,18714,28589,23288,43812,52895,62790,46834,60774,21002,11681,20907,47111,52121,65090,65213,47144,3107,29664,5622,49231,34268,42753,41705,57979,22384,10913,2476,58454,36040,42795,58301,50216,18751,1454,16554,44811,62418,62536,41460,60516,7550,9696,19897,44821,34294,42753,33213,60009,25653,11945,30710,47375,51093,57933,65213,61224,19519,9907,466,59974,45020,42753,58301,58702,16689,10932,18102,48676,35730,61047,43758,58730,59,25597,21420,44819,34294,42753,34237,58980,21567,11689,25535,42002,63186,64840,58360,43317,25611,11945,4074,44808,36235,43793,62397,43300,3182,29664,11249,59974,34268,61525,42744,41318,19480,8879,18604,44296,53694,43855,47293,57435,17700,32480,29944,41762,38801,59663,46328,47392,114,29685,500,58966,37084,44561,61408,47400,5232,25580,20381,42771,57554,62528,44532,55919,22826,9900,25590,43271,35223,49665,46835,42853,16667,10931,18102,41762,49294,62274,44276,42854,21777,27316,17618,44552,45046,59469,41726,43364,21816,8366,18604,41993,55260,62532,44265,60538,26891,27368,466,59974,52444,42823,45300,64344,17201,12453,18603,44296,51932,42835,45300,60492,21549,11442,17569,59906,52616,59716,45501,64877,21035,25518,20413,49154,34268,42753,45037,61545,20237,11701,2492,34085,58290,49256,37043,64615,17456,28083,19867,43279,35991,42795,58301,64808,17705,11685,26608,42250,53661,59720,33274,59260,114,4283,23473,59907,34241,50036,44788,42810,17712,27575,3560,64070,34256,43793,62397,62497,114,28144,3563,36678,53394,43340,41688,57467,18224,14227,19873,58371,50366,60482,58289,59213,19755,1774,21177,41999,57755,62792,41208,57468,20017,2798,2230,60012,34268,62209,45308,42851,16681,14249,4592,63816,45013,42753,58301,58702,16689,10932,18102,48676,35730,61047,43758,58730,59,25597,16574,47370,44953,42753,58301,43266,126,480,17081,36365,51349,53519,45300,60257,17714,32480,22008,48916,44953,42753,58301,59461,20023,12678,19641,58371,52394,61010,45055,43373,99,12724,17581,60012,34268,62209,42730,59245,25206,8353,26035,42767,34256,50522,41212,61027,20268,11701,30140,43796,54930,58961,42735,60006,39,25597,4072,65362,35201,46849,63411,33569,126,25568,22188,44803,36242,58988,44532,64334,19775,28581,23288,41781,49286,47617,44989,64105,30506,11689,20156,39185,57237,64068,58289,42808,3179,1760,21686,58379,50361,61010,42227,64859,19495,28069,16538,41221,34256,59748,44776,52262,21311,11689,26047,47119,50841,61013,44530,50726,21547,18921,20413,49154,51702,58446,45052,61224,20011,14243,20145,59912,51848,57414,42737,64576,2108,18921,504,59974,50069,60929,37870,59002,17725,12467,20401,59905,55187,60929,34798,64109,21034,15023,17853,48710,49300,42831,42735,64636,20012,9952,17846,60012,34268,60929,58363,64093,21051,11657,21672,39186,55193,61015,42750,52786,21563,11398,21691,44821,61848,65348,33257,61799,2422,14304,17584,59912,49294,62037,44527,60456,17456,25546,504,41798,34202,58988,44532,64334,19775,28069,18574,41749,51614,42820,44009,59245,84,25568,504,59974,51420,59720,44788,62305,30011,27529,11249,59974,34268,60228,42734,43266,126,25568,504,47174,54937,59477,42735,49245,2422,25546,504,44870,49554,57899,42995,33538,17717,8633,20401,35074,52115,57935,47102,58977,48,25597,21133,47107,52149,62033,37097,64365,18728,9891,26870,47624,53641,57955,41722,45926,20253,11694,17085,57874,53402,58447,43753,59239,18806,13230,21933,59978,55180,58446,45304,60539,2362,25546,504,41798,34202,62536,42713,64891,20268,9913,444,47113,52444,52306,47864,57412,21549,11685,20401,59905,52616,59716,45501,64877,21035,25518,20413,49154,34268,42753,42484,57384,20528,14261,29942,44821,60558,63311,47080,61532,17710,15840,485,42019,51337,53775,42734,49274,20528,14261,22668,44822,61138,65092,44287,64361,58,11188,20413,47174,53657,62804,58355,59245,10810,25568,504,44047,54748,59475,42750,64123,17467,14304,17584,59912,49294,62037,44527,60456,17456,25546,504,41798,34202,59720,46829,42876,17685,185,17847,59907,39105,50177,36306,49230,3609,11412,18111,44810,49335,42840,44009,59245,84,25568,504,59974,53724,57422,45050,49517,16939,27368,466,59974,49372,58191,42647,60774,10871,3786,20401,42767,57237,50500,47080,59004,3632,11405,21165,34819,53641,59477,62195,58699,17207,31147,20123,41992,50841,44885,43760,57446,18739,9914,26765,49231,51642,58958,43753,61030,21532,28078,20117,47379,59289,62292,44265,47206,19485,8361,7091,42277,52114,58436,60393,60538,21549,12719,29885,58159,45046,58982,42729,59519,27175,10927,25526,42002,59602,62030,42734,64586,21546,11695,25321,41738,52895,50203,44530,60518,21565,9704,20397,48645,51861,44879,51636,43304,126,12208,22713,42293,52105,44869,36062,53062,26391,4334,21687,44552,35727,62066,41214,64109,2349,25546,504,43334,54675,50264,43761,60280,16689,10162,25328,33833,60602,43366,43737,60027,21041,2724,22454,48655,35993,42795,58301,64808,16684,12462,21937,42255,61842,54350,45048,60013,20266,27570,11249,59974,34268,58965,43246,65062,18751,27572,4072,58194,34294,42753,45245,58976,24873,9900,21930,38222,64931,50043,57781,47935,18027,30452,5357,62291,37320,46356,62892,61247,6251,29684,18413,63570,38601,45328,63146,45117,5738,9717,4845,63571,37837,46357,64168,48953,5481,8949,18413,64594,37321,48660,62632,48444,4715,29937,2298,49231,52121,44613,51607,59471,17706,8887,26017,43267,52368,57935,47071,42854,20243,12469,25533,48659,51848,46671,45022,60001,6709,11395,20406,43267,36232,62023,41203,57468,20017,27368,466,59974,53724,58963,45299,64865,20279,6062,29367,42499,50841,59477,60399,33569,20027,27300,11218,43809,49288,58966,32996,58980,17709,3822,21687,44821,53438,62293,44530,51769,18738,10403,25314,41993,49298,62274,42421,59261,21565,11433,2486,49231,34268,42753,45037,61545,20237,11701,2492,34085,58290,49256,37043,64615,17456,28083,19867,43279,35991,42795,58301,64808,17705,11685,25584,43271,57751,59976,58289,52083,17215,9387,20138,42003,61848,58963,45299,59512,17708,8366,417,59995,55501,42765,60845,41019,84,25568,22008,44817,52121,51721,43772,53094,16684,9901,500,39197,57237,42820,58272,52573,19767,28146,17590,57873,35276,46849,58289,42296,4222,16105,500,58454,35272,49665,46835,42853,16667,10931,18102,48693,51589,43332,41695,57963,114,11653,19629,36680,54941,59720,34810,64353,17211,10932,20407,33608,35986,42795,58301,64808,21311,28075,16559,48655,38356,45839,51636,43304,126,12195,16573,48904,60812,58708,60085,43266,126,4320,21435,44803,58002,61012,34727,64109,21034,15023,2288,44908,49554,36104,37015,60769,25659,12457,20155,44564,53694,43343,44240,64125,25147,14261,20140,64264,51647,58440,63990,58955,20016,8357,2476,48896,50834,61013,44530,40992,84,25568,20984,43786,63109,62030,42995,51744,28177,2694,3999,42293,52105,62533,37043,60029,17725,12467,11249,59974,34268,59458,47853,58699,20535,11426,21433,57858,60095,49519,34004,52518,21303,11427,17834,42031,52362,57941,51636,43304,126,11187,22199,42535,55193,44885,40130,54096,2074,29922,5354,65024,37065,45588,63396,48188,4460,29942,5310,65118,37068,45895,63151,47163,5992,30453,5601,65360,37018,45586,62127,48446,5484,29433,5870,65363,37021,45895,63147,48188,5479,30711,5356,64340,34763,44552,42647,60774,10871,202,20148,44821,53438,62293,44530,50214,21809,9907,21658,48658,52115,50192,43761,57963,25444,11695,17590,48645,50132,59732,47102,58977,2096,18921,504,59974,51596,65088,44238,59261,2106,3203,26518,36143,63186,62030,42995,42875,19485,8361,2227,60012,34268,62209,42730,59245,25206,8353,26035,42767,34256,50522,41212,61027,20268,11701,30140,43796,54930,58961,42735,60006,39,25597,23785,59978,35788,44562,58263,43304,21630,9911,20413,34638,52381,49487,41711,60517,114,4283,23473,59907,34241,50036,44788,42810,17712,27575,3560,64070,34256,43793,62397,62497,114,28144,3564,36678,53394,43340,41688,57467,18224,14227,19873,58371,50366,60482,58289,59213,19755,1774,21177,41999,57755,62792,41208,57468,20017,2798,2230,60012,34268,62209,45308,42851,16681,14249,4592,65096,45013,42753,58301,58731,16699,13998,27048,43027,36052,42795,58301,55848,21053,9893,26294,41747,57798,62532,45545,61543,2422,9930,17846,49231,34294,60203,41202,58729,18046,11701,21947,42255,34194,62290,45564,50556,16689,9892,29354,47875,49289,58447,60408,59503,17715,8836,16556,49231,34268,42753,45300,64344,17201,12453,18603,44296,39132,62209,46831,33645,126,25568,19880,45831,51887,59732,60409,50763,26128,1161,29430,48905,49554,43346,45022,60001,2357,25546,504,47430,52121,49989,45300,58987,17452,11404,2495,43777,49297,58981,41705,50982,19775,27301,466,59974,45020,42753,58301,60507,17714,14243,21431,41776,53913,53519,45300,60257,17714,32480,18424,42503,49295,42795,58301,56360,17454,14241,20401,34561,49555,60224,38323,64097,16951,9900,7416,44102,51613,57938,58263,43304,21630,9911,20413,34638,52381,49487,41711,60517,114,4283,23473,59907,34241,50036,44788,42810,17712,27575,3560,63814,38341,42765,61357,47144,5480,16105,500,58454,35273,49665,46835,42853,16667,10931,18102,48693,51589,43332,41695,57963,114,11653,19629,36680,54941,59720,34810,64353,17211,10932,20407,34120,53641,36104,58301,43304,16682,10419,22262,41735,36232,43281,60078,43266,126,18912,504,59974,51888,58176,45560,57438,22331,5614,21169,43023,49296,47617,47037,64634,10811,25568,504,48693,53661,62548,41681,60522,3634,9876,21920,63302,64220,57214,34759,43808,17001,29941,5100,65363,49353,57620,64424,47165,5743,30198,16621,64851,37065,46100,62892,61247,4713,31729,6633,62039,36062,42795,58301,64808,17705,11685,29168,42260,55195,62532,34286,58721,3122,14560,18571,44828,39132,53761,43737,47973,20080,13477,4592,63816,34256,43793,62141,43300,2414,28605,4600,65096,45013,42753,58301,59516,19245,13550,18617,57874,35788,44564,58263,43304,10878,25568,504,48693,53661,62548,41681,60522,3634,9876,21920,63302,64220,57214,34759,43808,4457,29941,17389,63827,37837,57622,61864,47677,6251,29172,18413,64083,50121,46100,61864,59960,5743,27362,4088,59976,50331,57932,41689,59516,28272,11937,11197,59974,34268,62322,47100,64125,16658,9890,4020,44850,53636,59490,44273,47738,7550,224,19895,47113,35791,62791,44786,52826,2076,30450,3565,64326,38350,42765,61868,41016,84,25568,22008,44817,52121,55049,44271,64367,21307,1459,19889,58890,57052,61042,42727,46120,30078,10884,5045,42056,53913,46857,62899,42301,4222,25580,3561,64070,55509,42765,60845,41021,84,25568,22008,47367,35735,58966,47092,47392,5744,18921,504,59974,34294,42753,37053,59516,21802,4019,17337,42499,61906,65348,58345,43317,32513,6552,2460,64836,37018,45593,63230,48187,5227,30450,5310,65374,38093,45335,63147,48447,5432,30369,5345,65361,38094,46617,62117,43824,10871,25568,504,48693,53661,62548,41681,60522,3634,9876,21920,42277,51856,46163,65213,51752,19505,12719,4075,47104,51347,49267,60383,47162,3182,29152,4585,59978,38862,44561,58263,43304,21630,9911,20413,39502,51854,62790,45304,53115,19511,28588,23288,41781,49286,47617,38589,57420,4659,11758,22205,64334,34256,43793,62141,43300,2414,28605,4600,62024,34256,59748,44776,52262,21311,11689,29375,45842,49296,49679,46053,59239,20027,10932,19897,59978,52153,59988,34483,64105,20023,1959,21425,43267,52360,59726,35507,41062,84,25568,22008,47367,35735,58966,47092,47392,6256,18921,504,59974,34294,42753,46013,59492,29479,13999,17846,35150,60339,52839,60890,58971,20011,12452,29430,43283,49311,62546,51636,43304,126,14227,21945,47379,50352,57923,60913,60508,21542,32480,32504,37433,57766,42249,63147,47676,5483,30453,4845,65362,37064,46868,61609,59453,16747,9716,6121,44113,40393,58388,61608,48189,4714,28917,5101,58180,34294,42753,37053,59516,21802,4019,17337,42499,61906,65348,33001,58727,21041,25587,485,42277,51856,46163,42419,59002,29235,391,5104,65363,34256,46870,58289,47408,10871,25568,504,43794,52879,61455,43772,41340,3694,27381,466,59974,45020,42753,58301,65148,17723,27566,16538,41221,52408,43852,47293,59466,19261,12711,21687,44552,55208,59712,46062,64361,20027,15011,7416,64326,35201,46849,63411,33569,126,25568,22188,44803,36242,58988,44532,64334,19775,28581,23288,41781,49286,47617,38589,57420,4659,11758,22205,64078,34256,43793,62397,43300,2414,28605,4600,65352,34256,59748,44776,52262,21311,11689,29375,45842,49296,50447,41212,42339,25982,13998,4021,43811,52367,57423,43737,60538,21565,11433,4022,42031,45013,42753,58301,59516,19245,13550,18617,57874,35788,44564,58263,43304,17278,9900,20409,47635,53428,44867,51636,43304,126,8339,17578,41987,53435,48456,42713,64891,20268,27577,11249,59974,34268,42795,58301,58664,17201,12193,21240,43283,49311,62546,58289,64365,44,25597,17064,42503,36240,62023,41203,57468,20017,27368,466,59974,34268,42753,44989,59495,21306,12724,20401,57857,50331,57932,35751,64892,26414,14245,18160,42759,57753,62272,60924,59995,18732,14256,21389,58122,36309,36104,58301,43304,20027,27300,466,59974,52444,42823,44275,43388,21805,8355,21181,59925,52616,59716,58263,43304,126,25568,22264,47111,36242,55422,39365,41292,5756,30116,6077,64261,37534,45380,62638,47164,5992,30195,6124,64850,37829,45333,62207,43838,119,28142,22008,47369,55176,59720,60410,64365,2348,18921,504,59974,52121,36165,44536,33644,84,12234,17079,42503,54748,59716,43769,61030,20491,8868,18604,44296,50363,57932,65213,59176,19511,18890,20148,43781,34192,62023,41203,57468,20017,13280,20138,47627,61576,58193,47100,59233,30521,12705,18614,44296,49876,59968,34808,64873,2367,25546,504,47686,52121,60997,42227,63837,16698,10932,18102,43809,49297,47617,42173,58473,25659,14241,11193,59974,34268,60241,47868,58971,20011,27556,28315,35880,58037,54287,46834,60774,3629,12163,17073,58125,34294,42753,38589,60792,21567,11689,27839,44553,51613,53519,45300,60257,17714,32480,22008,48916,44953,42753,58301,63837,16698,10932,18102,43813,49550,54287,47604,43373,99,1941,19633,58452,49298,44886,61357,47400,114,28656,4600,49231,34268,42753,46313,60525,2096,13205,16572,41746,49810,58978,42991,43300,29477,14761,445,59995,57769,59976,60847,60518,2089,28656,4856,64085,34256,43793,62141,48176,23927,25580,4072,58962,57564,62031,60912,59469,18733,9390,21899,42527,35737,58979,43262,43300,19995,11957,25846,47367,52117,49990,45556,60013,18730,11695,28406,48659,45013,59716,51705,55554,20268,9891,17853,48676,35730,59500,45288,52077,21547,11444,4278,42533,50837,48458,44254,59238,17211,27572,21694,43272,52360,59726,60085,43266,126,10976,446,44822,49554,59720,38650,60792,21567,11689,26303,42759,34201,61269,44536,43266,126,25568,504,40774,49548,62272,44532,50287,17457,12193,30710,47375,51093,57933,65213,61224,19519,9907,466,59974,34268,42753,45245,59516,21548,11404,17849,47107,49327,62032,44536,60523,20598,11685,18620,44296,54697,58949,43753,61030,16665,9901,11249,59974,34268,59716,51705,59245,2362,18890,16539,43272,51609,62307,60915,58949,21291,421,21933,42258,38034,60258,41204,45923,20253,11694,17085,57874,53402,58447,43753,59239,2422,25546,504,47686,50320,54360,46834,60774,25462,3471,26782,58401,51887,59732,45305,51750,18738,10403,11249,59974,34268,61525,42744,41318,20491,8868,18604,44296,50367,58195,58289,55923,23095,25509,485,36403,51349,43283,42739,41343,3182,29664,500,58966,38364,64008,58289,42808,3181,1760,21686,58379,50361,61010,42227,64859,19495,28069,16538,41221,34256,59748,44776,52262,21311,11689,26047,47119,50841,61013,44530,49190,2352,25546,504,48710,54941,43338,41706,64865,4214,28910,11249,59974,34268,63348,41721,57468,18224,11405,16572,58378,52394,61010,45055,43373,99,8870,21172,49155,34268,42753,42733,60774,20023,5799,17832,48647,52117,49222,44796,43373,99,10926,11188,41987,35992,36139,51645,58980,16701,25516,16571,44564,51641,59972,44536,64124,7550,14560,11173,44140,55187,55297,58289,59503,17715,8836,16556,41798,34194,63304,43772,64122,29558,13237,20136,48660,49561,58982,42736,41083,17534,18863,504,59974,51856,58946,58353,64097,21789,12722,20413,36114,51357,42820,58272,64097,16665,9901,16533,43282,49300,44869,41722,60517,16666,8884,11249,59974,34268,42795,58301,58664,17201,12193,21240,43794,53384,51538,44796,43373,99,9895,26284,42759,63129,58965,46825,41339,16697,9901,16540,43794,45013,42753,58301,58980,16701,25516,21931,48647,54921,59490,44273,43386,99,14227,21945,47379,51903,59469,45295,64083,16682,14004,28587,42759,63641,59393,58351,64859,21567,12469,20123,42250,54926,55418,39874,52562,630,29430,6381,65106,49609,57620,64424,47165,2428,18845,504,59974,51856,58946,58353,64097,21259,8609,17588,63302,36316,62290,47100,64125,16656,9901,7416,59995,64163,56697,60377,48938,5487,30713,5356,65282,37018,45593,57772,43297,21041,12512,16556,48914,60303,59968,58360,46133,32638,7071,25986,59470,38602,45333,61864,48701,4714,9717,6637,64339,36062,36104,58263,43304,19582,8367,19897,35142,55197,42821,58272,59201,21549,11681,17595,42056,53913,55305,39874,52562,630,29174,4845,44882,38856,45846,61609,47932,4714,31477,6637,58180,45013,42753,58301,59467,17452,3566,19641,59907,34241,58950,42736,59468,16682,3566,19641,49155,34268,42753,41694,60794,25200,8353,18099,42260,52105,50245,45042,64359,109,25597,21169,47411,51101,57933,41661,60774,25470,12207,21431,58453,55194,59982,33999,41290,6255,25580,6633,59978,38862,42760,45554,51752,19505,12719,4075,47104,51347,49267,60383,48441,114,30705,500,64599,45013,42753,58301,59467,17452,494,21431,44802,63118,64840,37880,61793,19515,32480,4600,60012,34268,50177,45564,42860,17674,14264,7416,38214,64931,50043,57781,41002,84,25568,25336,47111,35736,62048,44265,64586,21546,11695,20123,42250,34190,42780,41723,64100,10811,25568,504,43813,49550,50191,43761,64120,17690,8371,20413,43778,53650,42834,58272,64380,17707,25546,504,35142,55197,43333,41681,58993,21547,12687,17596,59924,34241,62536,46814,64378,20027,1204,19641,59907,52125,42821,58285,64359,4478,18928,504,59974,50367,58195,39347,59201,17722,25528,485,49234,34268,42753,41694,60794,28784,12705,20413,59922,34241,58978,42991,58955,21552,10913,17590,49172,34294,42753,44989,60007,19519,224,21433,35074,55187,57935,58351,43317,19991,14259,20409,44805,52178,61508,40117,53591,25604,25064,4846,44113,37067,48660,63401,45373,4971,30708,2298,49231,34268,42753,41694,60794,20253,11698,21437,35144,55187,57935,37359,60777,21815,25523,485,36403,51349,59663,46328,47392,114,27384,466,59974,59100,62784,33017,64359,17712,28082,16520,44820,53650,47617,32957,64361,10810,25546,504,42566,50835,60224,32957,64361,29498,12724,19127,59907,34241,59752,47086,59241,17725,11758,22205,38222,64931,50043,57781,47678,18025,30454,5100,65106,40137,58132,61608,41002,10871,25568,504,43813,49550,62322,44271,60515,25456,12207,21431,63302,52444,50258,45544,60538,21552,8839,17589,43846,49554,50177,45042,64359,3693,12710,19639,36148,36286,46355,61352,47656,3179,30688,2285,42310,34190,59490,44273,47738,18032,11442,29621,34849,38612,43801,61629,42288,5246,27380,466,59974,59100,62784,37113,64380,19249,28069,18828,43279,52119,62532,58350,43317,21303,13955,21418,41987,57992,59968,58360,59241,58,28145,480,47113,38108,46351,58263,43304,25470,12705,29372,47122,52883,43332,41677,60538,21552,32480,25336,47111,44952,42795,58301,43304,84,25568,19960,43273,51613,54017,46837,60261,21001,13217,7416,33606,54930,58965,41203,42861,17712,27575,32391,36926,36280,45059,63405,48188,5481,30370,1003,58191,34294,42753,38845,64608,16947,12695,20921,39240,57237,42820,58272,52573,19767,28146,17590,57873,35277,46849,58289,42296,6270,27384,466,59974,61916,62025,41456,64351,20543,5102,21175,48655,51861,42831,58272,52573,19767,28146,17590,57873,35276,46849,58289,42296,4222,18921,504,59974,52648,59988,38143,59514,3630,8834,19131,47105,53395,58191,45513,59241,20525,12705,20413,45829,39132,46593,58263,43304,29822,13992,17333,47153,54685,50191,43761,64120,17690,8371,20413,43778,53650,42834,58272,64380,17707,25546,504,40518,53396,58700,45514,63849,31344,11657,17596,59934,34241,36117,58301,43304,18442,11957,30394,43796,35724,58993,42735,64870,7550,224,21433,49154,34294,42753,44989,60007,19519,6112,21680,43019,39132,52737,45299,59516,17200,28069,17590,57873,64163,56697,60377,48682,5432,30370,5359,65367,37583,45632,63146,48188,5485,24993,2289,60012,34268,54017,46837,60261,29552,14761,445,59995,57769,59976,60847,60518,2089,28657,4600,59978,35277,46849,51636,43304,126,11156,19629,58372,51884,61010,43753,59239,7550,5856,18588,63499,52178,61508,62389,43300,3182,29664,500,58198,34294,42753,38845,64608,16947,494,17081,44301,51854,59732,33017,58727,21041,25587,485,42277,51856,46163,42419,59002,29235,391,5104,58962,38876,43797,61885,41008,84,25568,11256,59974,34268,61301,44776,42858,19735,9377,445,59995,64163,56697,60377,48170,5179,30706,5610,65104,38345,46658,62116,48433,5231,30705,4329,65118,37064,45592,63145,48233,5223,29349,5344,65363,37061,46659,63140,48447,5227,30453,5611,64340,37278,45587,63480,48187,5436,30452,5344,65361,37018,46656,63140,48238,5436,30455,5353,64085,37061,45846,63400,48189,5229,29938,5310,64084,34718,42760,60851,64808,21297,12724,20401,57857,50331,57932,41689,59516,26992,27300,4088,59976,64163,56697,60377,47146,5230,30449,5310,65108,37070,46916,62463,47418,4202,29430,5352,65283,37071,45639,63148,48493,4204,29602,4588,64083,38090,45585,63149,48433,5482,30370,5615,64084,37278,45591,63141,43833,10871,25568,504,41522,51337,43331,44255,60794,21051,10899,17570,41782,49284,42829,58272,33592,126,25568,18828,42771,35742,58482,45052,56685,20519,25509,485,42019,51337,54287,41726,60516,22794,9904,25334,42260,44940,42753,58301,57692,19755,28066,19601,44295,61849,58963,45299,59512,17708,8366,417,59995,54933,62580,41468,60516,16766,10158,4600,42310,34190,43281,51625,43304,126,11156,19629,58372,60582,58191,48120,46120,5246,25546,504,40518,53396,58700,37811,64361,20027,25524,485,41522,51337,53315,41711,33656,84,25568,19960,43273,51613,49409,41713,57723,22033,12709,16564,59935,34241,59752,47086,59241,17725,11758,22205,38222,64931,50043,57781,47423,5226,29941,17389,63827,36062,36104,58301,43304,19480,12449,28336,44816,51598,65088,37043,62305,59,25597,25997,42767,35790,57935,60394,42297,4222,25580,3561,64070,45013,42753,58301,58702,21311,3240,17582,42516,56477,50447,41212,61027,20268,11701,25276,42505,55187,42770,58272,58955,20274,28850,18422,42260,63377,50534,61877,48189,114,30450,3565,63558,37065,36104,58301,43304,19480,12449,28336,44816,51598,65088,33203,60009,18229,11442,20397,40450,50318,62543,41709,60538,17200,25529,485,49239,34268,42753,45019,64105,28470,9910,19882,45831,59346,62798,42745,55930,23095,5029,22961,42499,39132,46849,58263,43304,26238,8876,18859,48169,55193,58957,60900,49234,17456,15269,7416,64838,34294,42753,34237,59492,18477,13711,21437,43786,35717,58993,42735,64870,7550,6112,21680,43019,55211,63296,51607,43304,126,11436,16571,59914,51643,61518,42719,58473,7550,2784,21174,43794,50834,43332,42739,41343,32513,6552,2460,64836,37324,45589,63146,48234,621,27369,466,59974,58076,59469,33258,59501,3635,10899,17570,63302,61660,61029,61936,59174,22331,29672,500,65363,34256,43283,61359,47400,10871,25568,504,42529,53907,57955,44796,55590,21297,14249,20145,59912,34241,50036,44788,42810,17712,27575,4597,64840,35273,46849,58289,47397,5744,25580,2280,60012,34268,49153,44273,52095,16699,28077,20106,43794,52360,59726,65213,47912,10859,25568,504,42529,53907,57955,44796,52006,17215,9387,20138,42003,61848,58963,45299,59512,17708,8366,417,59995,45005,42753,58301,58703,22321,9858,19641,36936,52149,57925,58341,43317,10856,25568,504,42529,53907,57955,44796,55590,21055,11685,428,59995,52648,59988,38143,59514,10798,25546,504,42566,50835,60224,33981,58980,26409,8882,444,59995,52149,62290,44540,60523,20080,13477,32496,37433,57766,42249,61611,61247,4457,30708,5869,63571,50121,46100,64424,47932,2428,18921,504,59974,51643,61518,45530,60777,25456,12207,21431,63302,59100,60238,45554,60507,21807,11685,17595,42056,53913,64521,58263,43304,126,25568,25336,42505,55187,57970,46828,59245,17725,9867,20897,41737,53650,59663,46328,47392,114,12520,16556,48914,60303,59968,58360,46133,32638,7071,25986,59470,38602,45333,61864,48701,4714,9717,6637,64339,36062,42760,44540,43372,20253,11436,4778,44104,51854,54604,33242,47904,4202,25580,6377,58963,37852,44561,44221,43386,20253,11436,4778,44104,51854,54604,33242,47904,5483,25580,4589,59978,38346,44552,51633,43304,126,25568,504,42277,51856,54355,45816,60541,17200,2213,22717,42262,52117,43349,42739,41343,3694,28661,25336,42505,55187,43282,45563,58471,26380,27522,5354,58963,38876,45588,58289,48186,2411,28649,466,59974,34268,42753,32957,58727,21041,9875,21673,41987,49311,57962,46052,57447,21552,11758,22205,64334,34256,62473,41705,64636,28205,11937,445,63323,64220,57214,34759,43808,4968,30196,5101,64851,38856,57620,64424,47165,2428,25577,20409,59906,51903,59469,61679,61222,20268,4525,25503,63566,38344,42765,64172,42301,5758,27376,20216,59924,51903,59469,61679,61222,20268,4525,25503,63566,37065,42765,62376,43300,4200,27369,466,59974,55516,36104,58301,43304,19481,13487,21407,44551,61906,58963,45299,59512,17708,8366,417,59995,53426,58700,45560,60507,21807,11685,17595,42056,53913,64521,58263,43304,126,25568,28664,42771,49310,54355,45816,60541,17200,2213,22717,42262,52117,43349,42739,41343,3182,29408,3569,60012,34268,42753,58301,50984,19755,9890,29354,47875,49289,58447,35064,61549,20270,11689,4012,44808,36235,43281,61352,47400,4720,27381,11252,59974,34268,42753,58301,64582,16947,12709,17547,48919,52121,57922,42710,63857,18737,14254,20470,48387,38100,42765,60076,43266,126,16096,11249,59974,34268,60262,46322,64335,17471,5102,21433,41987,34184,42780,45018,65127,17692,11937,11218,59974,34268,59469,41726,43364,21303,13459,17597,41750,49810,47617,42429,58729,17709,25546,504,42566,50835,60224,42429,59261,21565,11433,438,42518,56477,60262,46322,65115,17723,27568,11249,59974,34268,42753,58301,61281,18814,4275,17583,47619,52117,42822,45554,59176,21553,10976,29867,43797,51614,42820,44009,59245,21118,14245,21421,59912,52121,36165,58301,43304,126,25568,21169,48437,49305,61009,42227,46120,21630,14002,11197,59974,34268,42753,58301,58703,22321,9858,19641,39496,54931,62280,44276,43366,99,1941,19633,58452,49298,44886,62384,48678,3179,29664,500,64075,37842,42765,60077,43266,126,25568,504,42566,50835,60224,45245,60543,20539,13460,17597,59912,34241,61557,42744,55910,21051,10934,17595,35164,49294,62272,60408,43266,126,25568,504,59974,34268,49153,44273,52095,16699,28589,466,59974,34268,42753,58301,43304,29822,9911,20413,42031,51866,59663,46328,47392,5744,28661,25848,48904,35729,58980,43758,61030,21517,12217,4029,48951,49565,42765,44504,58493,25968,12449,20401,36353,55189,58436,43753,59239,28528,14261,3569,60012,34268,42753,58301,43304,126,14560,20104,41749,52360,59726,65213,56360,18714,29101,20470,48387,38100,45071,61352,47400,114,29677,6134,59978,36044,36188,58301,43304,126,25568,11249,59974,34268,42753,58301,65147,17723,6064,17583,41987,62918,58957,60388,33569,126,25568,504,59974,53903,57924,38893,60543,20027,238,19639,42518,53657,58180,32935,59239,17712,14243,18416,42003,53663,59464,60403,33569,126,25568,504,59974,34268,42753,45300,65115,17723,10928,18102,63302,50140,60224,42734,43266,126,25568,504,44870,49554,36104,58301,43304,20027,18852,466,59974,52444,42823,45300,64587,21036,11685,26284,42759,34201,61269,44536,43266,126,25568,504,48710,54941,43338,46062,65129,2096,13990,17078,41746,52115,44553,58263,43304,126,25568,504,59974,53980,61001,42737,51752,21055,28068,16520,44820,53650,58113,51698,43304,126,25568,504,59974,34268,42753,58301,58744,22847,12167,22199,48437,49305,44881,51636,43304,126,25568,504,59974,34268,42753,58301,65148,17723,27566,16539,44564,53679,59475,42742,43300,29733,10920,19131,44808,54927,47617,61885,48422,114,11395,20148,59924,34241,59490,44273,47738,18032,11442,29621,34849,38868,45588,58289,47422,114,29687,23793,59978,35788,44566,58263,43304,126,25568,504,59974,34268,42753,47037,64105,3637,8887,21937,64078,37586,36104,58301,43304,126,25568,504,59974,34268,42753,46313,60525,2096,8835,17834,48693,51854,57930,58289,56691,18742,10403,17590,47381,39132,46593,62899,43300,20253,11436,426,59995,51903,59469,61679,61222,20268,4525,25503,63566,38348,42765,62382,43300,4202,16105,500,58454,36043,42795,58301,43304,126,25568,504,59974,34268,62209,45308,42851,16681,14249,5104,62024,45013,42753,58301,43304,126,25568,504,41987,44952,42753,58301,43304,126,11685,2236,49260,34268,42753,58301,43304,20274,8867,436,43812,49816,42820,58272,59201,21549,11681,17595,42056,53913,55305,39874,52562,630,29174,4845,44882,38856,58902,62632,48445,4971,8949,2298,49231,34268,42753,58301,43304,16668,9380,4029,41781,49286,47617,38589,57420,4659,11758,22205,64078,34256,45592,58289,42296,4478,27384,466,59974,34268,42753,33213,60777,17721,5102,21175,48655,51861,42831,58272,52573,19767,28146,17590,57873,35276,45313,58289,42296,5758,18921,504,59974,34268,42753,41695,61036,3643,8834,19131,47105,53395,58191,44254,58980,4908,32480,25336,42505,55187,43282,45563,58471,26380,27522,5098,58966,38620,43796,63421,41021,84,25568,504,59974,59356,58176,42746,56614,22587,25524,485,38201,65444,44901,62655,48957,5741,30196,5868,64853,37828,46611,62635,48697,5993,29858,1003,49231,34268,42753,58301,43304,16668,9380,4029,42272,53650,47617,34493,64614,3635,11398,21942,36168,53651,58953,33264,58727,10810,25568,504,59974,34268,58979,42233,42861,17674,14264,18571,44828,39132,48897,58263,43304,126,25568,25592,44551,49307,54031,48120,51836,19505,12719,491,59995,51903,59469,61679,61222,20268,4525,25503,63566,37065,42765,63151,42301,4734,30453,11249,59974,34268,42753,58301,59466,18234,28069,26754,44552,56729,47617,64445,43266,126,25568,504,34886,49565,57926,37811,64361,20027,25524,485,41522,51337,53315,41711,33656,126,25568,504,59974,34294,42753,58301,43304,19582,8367,19897,34886,49565,57926,44254,59258,21051,32480,26872,47368,50312,58447,60920,60518,2089,7327,31616,57890,37854,45074,62715,48189,5223,30452,5344,65109,34760,44552,58263,43304,126,25568,25592,44551,49307,59490,44527,64365,25456,12719,17590,38932,49565,62024,58350,43317,25611,11945,20470,48387,38356,42765,60073,43266,126,25568,504,34886,49565,57926,44254,59258,21051,5102,21433,41987,34184,42780,41695,61036,10811,25568,504,41987,44952,42795,58301,58664,17201,12193,26360,42759,61849,62280,42737,46120,27006,12462,16556,43272,35737,57935,60394,54871,31238,27524,6138,65364,37327,45892,62639,48233,5481,30452,5355,59399,36053,42795,58301,52776,19775,6053,21937,44810,61906,65348,58345,43317,16697,9901,16540,43794,60370,59968,51704,43304,126,8839,17589,41778,51592,43332,44251,64870,7550,1760,21686,58379,51898,62287,33971,64871,16694,429,19895,49154,34268,42753,41690,60517,18698,12212,4029,44850,53636,61042,42727,46120,4478,18929,504,59974,50363,57932,43721,58748,3643,9876,21920,42277,51856,46163,65213,57384,29997,8883,19898,59907,52125,42821,44254,58980,4908,9710,20138,38923,59323,46345,62383,43300,4716,28656,5112,65364,34261,62798,32957,58727,21041,28147,21438,42761,58030,44899,61612,42296,4478,29683,500,65111,36044,42795,58301,52776,19775,6053,21937,44810,62930,62542,47092,58977,48,25597,25997,42767,35790,57935,60394,42296,6270,25580,3560,62278,36046,42795,58301,52776,19775,6053,21937,44810,63186,64840,58360,43317,25611,11945,4074,44808,36235,43792,61117,48953,114,28656,5112,58194,34294,42753,33981,58473,29755,14249,17588,40520,56729,53333,41711,63864,17467,32480,22008,48916,44953,42753,58301,59471,17715,10900,19884,58371,49320,62297,33477,57444,20025,9901,21942,63302,57564,62031,60912,60508,21542,664,18612,41985,49297,62287,32947,59245,17706,18866,504,59974,50363,57932,43721,58748,3643,8834,19131,47105,53395,58191,45513,59241,20525,12705,20413,45829,39132,46593,58263,43304,26494,11937,30141,48655,49296,56591,44500,60524,38,25597,11244,59974,34268,58982,42736,57436,19498,28069,16520,44820,53650,47617,32957,64361,10810,25546,504,42566,50835,60224,37053,59516,21802,6067,22973,59922,34241,59752,47086,59241,17725,11758,22205,38222,64931,50043,57781,47934,4971,9972,5100,43857,37577,45844,61608,59453,2428,18921,504,59974,53679,62272,45288,60508,21542,6126,22973,59922,34241,55422,39365,41292,17532,8948,17385,64351,34762,42760,60851,64040,16682,14004,28587,42759,44953,42753,58301,64859,21567,12469,17548,48670,58322,59726,58345,43317,19995,11957,26614,41993,35720,59494,44009,58473,17683,10916,19629,60012,34268,54273,41705,64636,29741,15269,4012,44850,53636,61042,42727,46120,6526,25546,504,39238,50312,62037,38894,61805,3626,9876,21920,42277,51856,46163,65213,64040,16682,14004,25259,42505,55187,42795,58301,55848,16682,14004,30123,45571,35720,59505,43758,57468,20017,32480,29944,41762,38801,59663,46328,47392,114,28664,4600,59978,38861,44561,58263,43304,29566,8884,21676,40469,56729,43349,43726,60530,7550,5856,18588,63499,52178,61508,62133,43300,4467,28662,4600,59978,37837,36104,58301,43304,21517,14241,21165,44850,53636,50447,41212,61027,20268,11701,30140,43796,54930,58961,42735,60006,39,25597,11241,59974,34268,62322,47100,64125,17674,14264,31734,42031,49304,42841,58272,33596,126,25568,21899,48647,54921,57973,47077,55590,21055,11685,428,59995,50367,58195,51607,43304,126,8835,17834,34632,53395,57938,44504,60540,6700,11395,20406,43267,36232,62023,41203,57468,20017,27368,466,59974,34268,42753,43709,43374,21303,12437,17337,44810,53724,57929,51699,43304,126,25568,504,59974,34268,61525,42744,41318,16669,10162,21899,42260,49303,42765,32998,58727,21041,32480,2552,48661,53661,62548,41683,60517,7550,25597,32391,36926,36280,45315,63406,48190,5484,30711,5354,65280,37060,42256,60084,59432,17456,224,19895,47113,35791,62791,44786,52826,2076,30706,3560,64326,37061,42765,62379,43297,21041,224,19895,47113,35791,62791,44786,52826,2076,29170,3565,63814,35273,45825,60072,43300,18442,8361,20403,47363,34191,42780,60844,62512,114,28144,2282,60012,34268,42753,58301,43304,126,14304,17583,41987,59092,62784,61433,61992,16668,10403,21439,48905,49554,59490,44273,47738,7550,224,19895,47113,35791,62791,44786,52826,2076,31730,500,63572,34256,45843,48820,43300,3694,27378,466,59974,34268,42753,58301,43304,21630,9911,20413,40526,53396,58700,58289,55923,23095,25509,485,36403,51349,43283,42739,41343,3695,28657,4600,59978,35789,43792,62397,42273,28798,12463,21937,42255,34194,42780,34760,58465,3692,9902,2479,64075,38354,43796,62397,43300,4211,29678,3565,64070,55509,42765,60845,48186,114,11653,19629,36680,54941,59720,37114,61564,17714,4846,16557,58114,34294,42753,58301,43304,126,25568,20984,43786,57989,59469,37098,60543,20539,27368,466,59974,34268,42753,42685,60774,84,25568,17656,44552,45013,42753,58301,43266,126,224,21433,58370,51889,62548,36856,59501,17704,250,20407,44808,53663,57609,44520,64875,20279,27566,11249,59974,34268,42753,58301,61281,20094,14255,18680,35093,55177,57939,47091,59471,17715,14304,17584,49160,34268,42753,58301,43304,126,25568,22188,44803,36242,58978,42991,64859,20268,9899,500,35101,51603,62798,65213,51752,19505,12719,4075,47104,51347,49267,60383,45371,114,31731,500,65106,35285,54017,43765,57963,17712,12467,7416,64326,38866,43868,62397,47910,10871,25568,504,59974,34268,59716,51705,43304,126,25568,504,48402,49305,44879,41694,60794,114,443,17081,44301,51854,59732,33017,58727,21041,25587,485,47375,54953,58688,42737,59432,17456,224,19895,47113,35791,62791,44786,52826,2076,31729,500,62039,34256,46355,58292,64359,25470,12207,21431,58453,55194,59982,33999,41290,5231,25580,5609,59978,37837,64008,58289,42808,2412,25546,504,59974,34268,62209,42730,59245,29814,13992,17333,59978,63111,64840,58360,43317,25611,11945,4074,44808,36235,43792,62397,43300,3183,29664,3569,39494,54931,62280,44276,43366,99,1941,19633,58452,49298,44886,61357,47400,114,28656,4600,46927,34256,43281,63151,43300,19995,11957,25846,47367,52117,54342,47849,60516,29040,8885,2236,60012,34268,57857,42995,33569,84,25568,25336,47111,35736,59500,45288,52077,21547,11444,4278,42533,50837,48458,44254,59238,17211,27572,21694,43272,52360,59726,60085,43266,126,25568,504,41798,34202,62536,45517,60007,21307,10931,18102,48710,49300,42831,42735,64636,20012,9952,17846,60012,34268,42753,58301,33576,126,25568,504,59974,51642,62528,36085,60542,19500,15009,25590,43271,49815,59475,44520,56684,16684,12462,16552,44820,50834,42840,58272,42808,10858,25568,504,59974,34268,61525,42744,41318,19480,12449,28336,44816,51598,65088,58289,52083,17215,9387,20138,42003,61848,58963,45299,59512,17708,8366,417,59995,55501,42765,60845,48187,114,11653,19629,36680,54941,59720,37114,61564,17714,4846,16557,58114,34294,42753,58301,43304,20606,8876,26273,42250,63115,57942,46072,40992,10836,25568,504,59974,34268,59469,41726,43364,16691,8372,17584,59906,34241,62536,41690,60517,16659,8372,17584,57858,50331,57932,41689,59516,10871,25568,504,59974,34268,57672,44477,64871,19838,14241,18875,44547,53724,57929,51699,43304,126,25568,504,59974,34268,61266,46322,58697,21051,27572,32391,36926,36280,45059,63406,48444,5482,30713,4588,64261,37834,45639,63396,47163,5480,30711,5356,64341,37066,45593,63396,47162,5224,30454,5305,65105,37018,45639,63141,47161,616,25577,4086,44358,51357,49988,47100,42857,16656,9901,11249,59974,34268,42753,58301,43304,126,9906,21676,42004,34294,42753,58301,43304,17790,10158,11218,59974,34268,42753,58301,58980,16701,25516,21691,47124,52121,54357,41705,64636,45,25597,17599,36114,51357,54340,41705,64636,2093,8871,17589,43810,50312,36104,58263,43304,126,25568,18680,59904,53407,62803,44536,55932,16682,14004,427,63323,64220,57214,34759,43808,4713,9717,5356,65363,40137,48916,61865,61245,6251,28916,4845,63571,36062,62209,42741,33638,126,25568,504,59974,34268,42753,44014,65127,19487,12709,2476,38201,65444,44901,62911,48189,5227,30452,5566,65104,38094,45591,63483,47165,5992,30450,5566,65363,37065,45592,63397,48186,5432,30712,5355,65365,38094,45591,63146,48176,4460,30454,5344,64351,37066,45632,63140,48176,5487,30707,4332,65104,37321,45842,63403,48190,5223,30708,5354,65365,38094,42265,60084,43266,126,25568,504,59974,34268,62721,47096,64381,10800,25568,504,59974,34268,59716,51705,43266,126,25568,504,41798,34202,62018,45551,59245,29482,8884,21676,59925,39105,55297,39874,52562,630,28918,6124,63571,37577,46357,42408,45373,4459,27362,22008,44814,44946,42753,58301,43304,126,25568,504,47126,51347,62289,46024,59500,18730,9390,16527,42004,52117,44870,41722,60517,16666,8884,11249,59974,34268,42753,58301,58733,17709,25546,504,59974,34268,42753,58301,64040,16682,14258,20116,44551,55193,57970,46828,59245,17725,9448,19641,36355,53661,44608,58263,43304,126,25568,17656,44552,34294,42753,42685,60774,10871,25568,504,60012,34268,62209,41468,60516,18800,12462,21437,57874,50335,58195,45016,58477,20027,12468,500,35869,50318,57932,65213,51752,21055,28580,28664,42759,34201,42780,47086,57466,18224,12270,22199,47107,49876,59968,34808,64873,3647,8846,17589,46927,45013,59716,51705,43266,29524,8869,17066,34830,56723,49179,47096,64344,20529,12709,22700,41509,52125,57926,37113,61025,16688,27564,32391,36926,36280,45315,63151,48443,5179,25074,2289,35164,52115,57935,47102,61216,20011,14243,20145,57864,45013,42753,58301,58980,16701,25516,21673,47107,34181,42780,47086,57466,18224,12270,22199,47107,63188,58948,41199,52064,22577,6126,22973,58130,34294,42753,42429,64359,32638,25580,21937,42755,52444,42831,46068,57449,21292,8424,21433,36610,49296,57932,47091,41083,17534,18863,504,59974,34268,42753,42484,63528,17707,15026,7416,59995,64163,56697,60377,43818,119,12719,21240,47122,52117,43334,43771,60774,18806,9908,4021,43816,49297,42765,46828,64365,2343,14304,17584,49160,34268,42753,58301,43304,126,25568,21937,42755,58322,58963,42736,57126,21303,8617,17588,63302,53724,62035,51704,43304,126,25568,504,42499,49295,42795,58301,43304,126,25568,504,41798,49288,43340,45531,58473,3643,10902,18603,42500,34201,42780,41723,64100,10811,25568,504,59974,34268,59716,51705,43304,126,11685,11196,41987,35992,36139,51645,64585,20266,11657,17586,48645,53694,43343,44240,64125,25147,14261,20140,64264,51647,58440,63990,58955,20016,8357,2476,48896,50834,61013,44530,40992,84,25568,18680,59904,54933,62833,41202,64109,18733,9390,22008,44814,34194,57939,46825,59258,17790,10158,466,59974,51676,58446,45052,58408,21567,11171,17853,43809,49297,47617,44477,58721,84,25568,11256,59974,34268,59463,58351,42327,18302,10976,438,47631,52381,62547,37045,63869,20270,14258,17853,43809,49297,44626,42941,33639,126,25568,504,59974,50069,60929,34030,58473,27963,14241,18875,44547,49876,42760,44009,59245,84,25568,504,59974,34268,42753,44733,64873,18493,10149,16543,44811,39132,57345,58263,43304,126,25568,504,59974,51164,57939,43260,43266,126,25568,504,44870,49554,42795,58301,60456,17456,25546,504,49222,34268,42753,42484,58408,21567,11171,17853,43809,49297,62209,42741,33638,126,25568,504,59974,51856,58946,58353,64891,21567,12469,7416,44358,53657,58982,42736,64859,21567,12469,19696,48647,52639,58180,41690,60517,10871,25568,504,59974,34268,57672,45245,59516,21802,25523,7397,38214,64931,50043,57781,47166,6507,30708,17901,44115,40393,46612,60095,64808,17718,18862,504,59974,34268,42753,58301,43304,21549,12705,28076,43785,49304,54355,45816,60541,17200,27557,16565,43282,49300,49221,44796,41069,84,25568,504,59974,49372,62541,43768,43374,21549,14241,21165,63302,34241,55422,39365,41292,5756,30707,5358,65364,37323,45587,63227,48176,623,25577,18860,41987,34294,42753,58301,43304,126,25568,20984,42260,54673,53845,42989,64873,20023,5287,21433,41736,49810,59913,47100,57707,17467,8839,17589,49231,34268,42753,58301,43304,19515,9907,466,59974,34268,42753,58301,43304,21374,11432,24751,44810,53646,55305,39874,52562,630,30455,5869,62035,40393,48660,61865,48953,18027,31733,17133,63827,37065,46357,41133,48953,5480,30453,5612,44115,37832,46357,62892,61245,5482,30193,2298,58438,34258,62290,47100,64125,3710,25582,32391,36926,36280,46595,57770,40993,84,25568,504,59974,49372,58191,58263,43304,17790,12460,11197,59974,34268,42753,58301,57723,22321,12161,21437,57874,64163,56697,60377,48682,5229,30708,5356,65119,38344,46658,62635,48445,5229,30708,5356,65365,37316,46611,63147,48185,5481,30370,4331,65360,37274,46612,63147,48176,5223,29426,5614,65107,37327,45847,63147,48433,5226,30450,5355,64340,34763,44552,58263,43304,17790,10158,17618,44552,45013,42795,46999,60543,20027,488,17081,36365,51349,42765,33254,60009,18229,11442,20397,40450,50318,62543,41709,60538,17200,25529,485,58454,37064,43868,62397,48166,10871,13492,17597,57864,50353,59720,45531,58473,3131,14560,18571,44828,39132,53761,43737,47973,20080,13477,4592,59978,37839,43793,62397,43300,6255,27376,3493,64070,37586,42765,44504,58493,25968,12449,20401,39169,56456,57933,34483,63856,20017,11685,18604,42503,34256,59748,44776,52262,21311,11689,26047,47119,50841,61013,44530,50726,21547,18921,466,48748,54941,43338,42745,59492,2087,28145,3552,44102,52105,62274,44276,41318,10871,25568,504,44047,52444,50002,45304,64380,22833,10149,20216,59924,51858,42837,36062,53062,26391,750,21933,33545,53138,58436,34537,59494,19516,10149,22008,44814,34194,57939,46825,59258,17790,10158,466,59974,50140,62798,40125,43300,57,11689,18680,43798,55189,44882,46798,63864,21041,9908,26300,42759,54937,42760,44281,43266,126,25568,504,41798,34202,62536,41690,60517,16659,8372,17584,57858,35995,62209,42741,33638,126,25568,504,59974,34268,42753,44273,59499,50,14259,21945,47379,39132,57345,47096,59471,17715,14227,21945,47379,49876,36104,58301,43304,126,25568,504,59974,50069,62465,41705,64636,45,32509,32504,37433,57766,42249,62123,45117,5226,10229,18413,62035,38089,44547,47037,60512,10800,25568,504,59974,34268,42753,58301,43304,126,14259,21433,34322,50323,57925,37103,63597,17707,8366,2493,58113,34294,42753,58301,43304,126,25568,17656,47370,52377,42823,47086,64873,21291,32480,485,38201,65444,44901,62911,48443,5480,30450,5615,65364,37018,45593,57772,43297,18474,11685,466,59974,34268,42753,58301,43304,126,25568,20984,42260,54673,53845,42989,64873,20023,5287,21433,41736,49810,57353,51636,43304,126,25568,504,59974,34268,59716,51705,43304,126,25568,504,59974,34268,62787,41720,33635,126,25568,504,59974,52121,36165,58301,43304,20027,18852,20413,58114}
local __O={}
local __T=83022
for __I=1,#__B do
 local __V=__B[__I]
 local __L=__V%256
 local __H=(__V-__L)/256
 __O[#__O+1]=string.char(__A(__L,__K[((2*__I-2)%#__K)+1]))
 if 2*__I<=__T then
  __O[#__O+1]=string.char(__A(__H,__K[((2*__I-1)%#__K)+1]))
 end
end
loadstring(table.concat(__O))()

end
